,times,train_loss,test_loss,train_acc,test_acc,eta
0,36.08849327499047,0.6651315721790361,0.6653251770968893,59.18788888888889,59.0898,1.113023760882849
1,37.899426626972854,0.4917671823017527,0.4913120980328581,76.96293333333332,76.9896,1.113023760882849
2,38.566095895599574,0.7660983654245306,0.7617346242218594,74.51484444444445,74.4676,1.113023760882849
3,39.36363080982119,0.45496758873641036,0.4529482541814526,79.14582222222222,79.179,1.113023760882849
4,37.99790331115946,0.4530641876386397,0.4506999190904695,79.24666666666667,79.2832,1.113023760882849
5,38.56426359573379,0.45255834890575297,0.45022558078600267,79.24966666666667,79.2818,1.113023760882849
6,38.28571319067851,0.7636684659885472,0.7477222440792551,78.63877777777778,78.66120000000001,1.113023760882849
7,45.56208853702992,5.480043317321854,4.910459920427685,76.89635555555556,77.0224,1.113023760882849
8,40.29785475274548,inf,inf,77.0595111111111,77.16120000000001,1.113023760882849
9,40.221801836043596,7.849328243871611,7.039682887735218,76.92564444444444,77.05160000000001,1.113023760882849
10,39.823377456050366,inf,inf,31.74677777777778,31.569000000000003,1.113023760882849
11,38.43040606100112,,,0.0,0.0,1.113023760882849
12,38.14007770596072,,,0.0,0.0,1.113023760882849
13,38.93688192917034,,,0.0,0.0,1.113023760882849
14,38.62698850501329,,,0.0,0.0,1.113023760882849
15,38.87940560514107,,,0.0,0.0,1.113023760882849
16,39.80516465194523,,,0.0,0.0,1.113023760882849
17,39.220294147729874,,,0.0,0.0,1.113023760882849
18,38.608602355234325,,,0.0,0.0,1.113023760882849
19,38.37149319704622,,,0.0,0.0,1.113023760882849
