,times,train_loss,test_loss,train_acc,test_acc,eta
0,22.40339858829975,152.20017142964457,151.17994630156156,0.0,0.0,1.8949207063585727
1,36.76281641423702,93.5098309807878,91.28989052006365,0.0,0.0,1.8949207063585727
2,9.49973286734894,75.78882665472183,73.25483040749512,0.0,0.0,1.8949207063585727
3,22.78566461103037,69.64604171853871,67.54783738373757,0.0,0.0,1.8949207063585727
4,37.84678291203454,65.12613304429836,63.77037755117282,0.0,0.0,1.8949207063585727
5,9.700097650289536,62.795571200142234,61.46288769846098,0.0,0.0,1.8949207063585727
6,50.965565170161426,58.800446557900635,57.870052416407454,0.0,0.0,1.8949207063585727
7,38.205292399041355,57.52383630118998,56.70013894818415,0.0,0.0,1.8949207063585727
8,9.777284222189337,57.20236961778589,56.38552977518599,0.0,0.0,1.8949207063585727
9,22.56971038132906,56.440329475735595,55.67884771268563,0.0,0.0,1.8949207063585727
10,36.02741856314242,55.60652519847444,54.91907081518981,0.0,0.0,1.8949207063585727
11,22.74809018196538,55.29227302929408,54.64380783641983,0.0,0.0,1.8949207063585727
12,23.602319318335503,54.94743834156121,54.347190944960836,0.0,0.0,1.8949207063585727
13,9.339967699255794,54.86021347870074,54.27060293627737,0.0,0.0,1.8949207063585727
14,9.376924073789269,54.77875282109508,54.19993508114945,0.0,0.0,1.8949207063585727
15,51.11772245867178,54.08745083629057,53.616326454977845,0.0,0.0,1.8949207063585727
16,9.926544046029449,54.032527352057734,53.56704874587024,0.0,0.0,1.8949207063585727
17,39.47111881710589,53.67684115267737,53.26381615199465,0.0,0.0,1.8949207063585727
18,38.123343518935144,53.4346395977026,53.06127911770984,0.0,0.0,1.8949207063585727
19,40.33852276392281,53.26473647762313,52.91914701669034,0.0,0.0,1.8949207063585727
