,times,train_loss,test_loss,train_acc,test_acc,eta
0,1.0665701208636165,0.05331344533133291,0.07758924839669375,98.37214260607004,97.24104549854792,0.6666666666666666
1,0.8005311759188771,0.03800806376897694,0.07172652043810368,99.05209719893281,97.37933895726732,0.6666666666666666
2,1.164212441071868,0.027763558714991612,0.07058219508788159,99.41858119983173,97.28253353616374,0.6666666666666666
3,0.9691957738250494,0.023536032673329123,0.07091125389200238,99.56148691087408,97.29636288203568,0.6666666666666666
4,1.0205615912564099,0.021298880561855096,0.07140541697949884,99.63236353368944,97.31710690084358,0.6666666666666666
5,0.8384390650317073,0.020457665771392367,0.07161333981644648,99.6559890746279,97.32402157377956,0.6666666666666666
6,0.8670427300967276,0.019743223987635953,0.07184221241516736,99.67097112497912,97.33093624671552,0.6666666666666666
7,0.8061689157038927,0.01912754341891915,0.07208898957781566,99.68825810615358,97.32402157377956,0.6666666666666666
8,0.8103630100376904,0.018592853878698943,0.07233912659909622,99.70612132003389,97.33093624671552,0.6666666666666666
9,0.8399700308218598,0.018125732010720326,0.07268710770196218,99.7211033703851,97.31710690084358,0.6666666666666666
10,1.196207978297025,0.015229511293821099,0.07624926557241926,99.78564143343648,97.28253353616374,0.6666666666666666
11,0.9332373556680977,0.01489561829264146,0.07676682748323972,99.78852259696556,97.27561886322776,0.6666666666666666
12,1.100562967825681,0.014528353892869033,0.07742382559042812,99.79313245861209,97.28253353616374,0.6666666666666666
13,1.1464733118191361,0.014286611260822275,0.07794385048923129,99.7977423202586,97.25487484441986,0.6666666666666666
14,0.8377024158835411,0.014204206400021593,0.07814474817367673,99.79831855296443,97.26178951735582,0.6666666666666666
15,0.9554193029180169,0.014051676563046324,0.07854094520668434,99.80350464731677,97.26178951735582,0.6666666666666666
16,0.9905853061936796,0.013912675012601444,0.07894201908845684,99.80696204355166,97.26178951735582,0.6666666666666666
17,1.0808437331579626,0.013760881906777704,0.07943076485887786,99.80926697437494,97.2687041902918,0.6666666666666666
18,0.8171355701051652,0.013711318458151605,0.07960250042284885,99.81099567249238,97.25487484441986,0.6666666666666666
19,0.8546639769338071,0.01366478051518634,0.079766732736202,99.81272437060983,97.25487484441986,0.6666666666666666
