,times,train_loss,test_loss,train_acc,test_acc,eta
0,0.8665445670485497,0.2749866466067103,0.27532276151163737,93.2551961784247,93.4725487484442,1.5804591241141248
1,0.9452226040884852,0.16562126041367228,0.1677875761864563,95.10547939679961,94.89005670031807,1.5804591241141248
2,1.1024502106010914,0.11720932421104502,0.12193511172957293,96.02918042422252,95.57460932097912,1.5804591241141248
3,0.8107621809467673,0.11227800679299092,0.11772993972078555,96.34610841242127,95.83045221961001,1.5804591241141248
4,0.9434615639038384,0.09713466521067361,0.10465964291909634,96.9119689295325,96.28682063338404,1.5804591241141248
5,0.8060428537428379,0.09483719359230215,0.10287587897053624,97.03413026316548,96.37671138155166,1.5804591241141248
6,1.0769087951630354,0.0812629602784063,0.09198785017981705,97.47725321393791,96.79159175770987,1.5804591241141248
7,0.9452636758796871,0.0799912670562878,0.09113660065314277,97.53257155369624,96.83307979532569,1.5804591241141248
8,0.8130059847608209,0.07879103907888804,0.09035223448729711,97.5924997551011,96.86073848706957,1.5804591241141248
9,0.8403195152059197,0.07765349606314502,0.08962362049608447,97.64608939674198,96.87456783294151,1.5804591241141248
10,1.0756713631562889,0.0681264112659268,0.08320458166554205,98.01660702658161,97.09583736689254,1.5804591241141248
11,0.8598543126136065,0.06739306086229083,0.0828147765609108,98.04599489457823,97.09583736689254,1.5804591241141248
12,0.9389816513285041,0.06362532267550255,0.08060399819477691,98.17103739174028,97.15806942331628,1.5804591241141248
13,0.938779744785279,0.060663070430090185,0.07898019341613077,98.29665612160815,97.16498409625224,1.5804591241141248
14,0.8274119198322296,0.06015748378447427,0.07873931280148516,98.31912919713497,97.17189876918822,1.5804591241141248
15,0.8072968749329448,0.05966600910414945,0.07850607760202952,98.3387211091327,97.19264278799612,1.5804591241141248
16,0.8093542181886733,0.05918769575378936,0.07828023804363848,98.36465158089443,97.20647213386806,1.5804591241141248
17,0.9319518650881946,0.056075707812492194,0.07675970009653095,98.47183086417618,97.24796017148388,1.5804591241141248
18,1.1737198131158948,0.05239431248722953,0.07509473814619844,98.63087109098139,97.25487484441986,1.5804591241141248
19,1.087167911697179,0.0510508607176531,0.07452051784617399,98.68734189615134,97.25487484441986,1.5804591241141248
