,times,train_loss,test_loss,train_acc,test_acc,eta
0,0.8469586111605167,0.17313982416609222,0.17624268823163333,95.86783526659406,95.58843866685106,0.7335841422469557
1,1.0881096539087594,0.09832780800473451,0.10555309329847502,96.8030609481333,96.19001521228046,0.7335841422469557
2,1.0681665581651032,0.08035597307926616,0.09137789469653805,97.49454019511239,96.70170100954225,0.7335841422469557
3,0.7977615012787282,0.0763379526018511,0.08875635046145404,97.70198396920613,96.88148250587747,0.7335841422469557
4,0.8006997662596405,0.07295573406479008,0.08665969318646012,97.86678652306948,96.992117272853,0.7335841422469557
5,1.1201551081612706,0.06543856573293887,0.08204493916511651,98.18198581315079,97.16498409625224,0.7335841422469557
6,0.805304144974798,0.06335156894988705,0.08092550171153241,98.27130188255225,97.16498409625224,0.7335841422469557
7,0.9691612292081118,0.05766125952234517,0.07787832151681848,98.49199900887974,97.22721615267598,0.7335841422469557
8,0.8008311470039189,0.05623169018609217,0.07718404155696473,98.55999446816602,97.24796017148388,0.7335841422469557
9,0.8594419988803566,0.05490200025831049,0.07655444734359959,98.61992266957088,97.28253353616374,0.7335841422469557
10,0.9659098829142749,0.05001722766634935,0.07432804548494358,98.8089269970785,97.2894482090997,0.7335841422469557
11,0.969801776111126,0.046696465868755824,0.0729589292754026,98.94030805400453,97.36550961139538,0.7335841422469557
12,0.9742499860003591,0.044589085607496075,0.07214983333883657,99.01694700387804,97.39316830313926,0.7335841422469557
13,0.939489321783185,0.04278826687336785,0.0714911831075586,99.08263753234107,97.40008297607523,0.7335841422469557
14,0.8109952500090003,0.042175444648968365,0.07126856291387695,99.09819581539809,97.40008297607523,0.7335841422469557
15,0.9478546632453799,0.04054194436006468,0.07071802981164448,99.14083703562846,97.43465634075508,0.7335841422469557
16,1.5215616840869188,0.0381871973275207,0.06999933795959862,99.20479886597404,97.43465634075508,0.7335841422469557
17,0.9423468532040715,0.03741953474283152,0.06978203999745661,99.23130557044156,97.44848568662702,0.7335841422469557
18,1.5146865979768336,0.036509744935641054,0.06953978526488637,99.25954097302655,97.43465634075508,0.7335841422469557
19,0.8486999729648232,0.036114571287955206,0.06943918431473141,99.2722180925545,97.42082699488314,0.7335841422469557
