,times,train_loss,test_loss,train_acc,test_acc,eta
0,1.5360826859250665,0.15951238022493205,0.16205207936495572,95.34634466783066,95.05600885078135,0.9474603531792863
1,0.8878294290043414,0.13606835141333126,0.14076209333988984,96.3691577206539,95.86502558428987,0.9474603531792863
2,1.0765809142030776,0.09196656270219442,0.10073332914111943,97.18798439561833,96.47351680265524,0.9474603531792863
3,0.7976642260327935,0.08788517857308852,0.09772541888750091,97.38793714453645,96.6187249343106,0.9474603531792863
4,0.8048641523346305,0.08439988168559857,0.09525638004307616,97.53257155369624,96.75010372009405,0.9474603531792863
5,0.9794837101362646,0.07382121960532666,0.08739555945872765,97.86851522118693,96.97828792698105,0.9474603531792863
6,0.9219438889995217,0.07179003822653511,0.08616824063539277,97.965322315764,97.04743465634076,0.9474603531792863
7,0.9483616692014039,0.06439349139548392,0.08137722220293939,98.21252614655903,97.16498409625224,0.9474603531792863
8,0.8335922257974744,0.06304397893443812,0.08066585684438209,98.26323462467083,97.19264278799612,0.9474603531792863
9,0.935346744954586,0.057920320753030406,0.07775902104763806,98.44474792700284,97.24796017148388,0.9474603531792863
10,1.1209507398307323,0.05273075386436321,0.07513511399420883,98.63893834886281,97.28253353616374,0.9474603531792863
11,0.8055099560879171,0.05198010638790839,0.07482076611536459,98.66371635521288,97.27561886322776,0.9474603531792863
12,1.2376100081019104,0.04819630011976471,0.07322379319735335,98.82851890907624,97.31710690084358,0.9474603531792863
13,1.204351690132171,0.04629756225170318,0.0725051080036114,98.90976772059629,97.32402157377956,0.9474603531792863
14,0.8049661926925182,0.04578095003346733,0.07231689104280152,98.92532600365331,97.3378509196515,0.9474603531792863
15,0.9371562567539513,0.04475941279500267,0.07195477942947218,98.96623852576624,97.3378509196515,0.9474603531792863
16,1.0216669840738177,0.043634107822665004,0.07157110665066597,99.01982816740713,97.3378509196515,0.9474603531792863
17,0.9884771509096026,0.042466120197496765,0.07118932648669399,99.06707924928403,97.37242428433134,0.9474603531792863
18,0.8387626009061933,0.042060059137222654,0.07105860042378495,99.07918013610616,97.37242428433134,0.9474603531792863
19,0.8287967150099576,0.04166472156461282,0.07093304497421354,99.09473841916319,97.38625363020329,0.9474603531792863
