,times,train_loss,test_loss,train_acc,test_acc,eta
0,0.8554942798800766,0.2346706096612971,0.23572023340911036,94.32871770935975,94.44751763241598,1.2236921017635911
1,1.1782244793139398,0.12549731310823461,0.12934937711239233,95.71225243602376,95.40865717051584,1.2236921017635911
2,1.255258273333311,0.10367076273083962,0.11028806080103298,96.64517318673973,96.02406306181717,1.2236921017635911
3,0.828161935787648,0.09909906122658649,0.10650133157619679,96.89237701753476,96.2038445581524,1.2236921017635911
4,0.8060254789888859,0.09539732729060799,0.10359395044198182,97.0785001815133,96.35596736274374,1.2236921017635911
5,1.069082386791706,0.07894392325190001,0.09052034889485606,97.60287194380578,96.86765316000553,1.2236921017635911
6,0.8048203829675913,0.07719163040752781,0.08936592013988132,97.68412075532584,96.89531185174941,1.2236921017635911
7,1.4531830018386245,0.06615163944616069,0.08191596665985047,98.07307783175158,97.16498409625224,1.2236921017635911
8,0.9623737852089107,0.06379861697861246,0.0806288699252878,98.15951273762396,97.14424007744434,1.2236921017635911
9,1.3440994722768664,0.06046916034905329,0.07891390329340699,98.29780858701979,97.15806942331628,1.2236921017635911
10,2.2604932570829988,0.05778684227269628,0.07761259560161571,98.40844526653643,97.18572811506016,1.2236921017635911
11,1.0604213089682162,0.05600603900077281,0.07678397794693721,98.48796537993904,97.24104549854792,1.2236921017635911
12,1.1008296320214868,0.05421725087292415,0.07597889130292862,98.57151912228234,97.2687041902918,1.2236921017635911
13,0.8025283762253821,0.05367224533358527,0.0757371925828744,98.60782178274874,97.27561886322776,1.2236921017635911
14,0.9554625269956887,0.05221950300426208,0.075109158520154,98.66659751874197,97.28253353616374,1.2236921017635911
15,0.8183137308806181,0.05173158171634297,0.0749004701807648,98.68734189615134,97.27561886322776,1.2236921017635911
16,1.0046292510814965,0.050250167016367385,0.07428573511905315,98.75937098437834,97.30327755497164,1.2236921017635911
17,1.2943943100981414,0.04773339110028038,0.07329399985383687,98.87922738718804,97.32402157377956,1.2236921017635911
18,1.1205363981425762,0.04654715286457008,0.07284373885089669,98.92763093447658,97.31710690084358,1.2236921017635911
19,0.9847509609535336,0.045807918642380575,0.0725669689872844,98.95817126788482,97.34476559258746,1.2236921017635911
