,times,train_loss,test_loss,train_acc,test_acc,eta
0,0.8429381530731916,0.32243788378035354,0.3221982990716013,91.6048657089679,91.86834462729912,2.0412414523193148
1,0.9355687610805035,0.19956381506619775,0.20058874955088032,94.17082994796618,94.29539482782465,2.0412414523193148
2,0.8615497029386461,0.18262150778145855,0.18458061198314765,95.09510720809492,94.8831420273821,2.0412414523193148
3,0.8135977401398122,0.1700841289914147,0.172764110491687,95.54802611486623,95.3256810952842,2.0412414523193148
4,0.9436354590579867,0.12419060576506033,0.12894180962495058,96.19052558185098,95.70598810676255,2.0412414523193148
5,0.8355496888980269,0.12071954370016176,0.12589692744877104,96.38356353829931,95.86502558428987,2.0412414523193148
6,0.9473648322746158,0.10051852870051783,0.10750657567218448,96.78001163990066,96.17618586640852,2.0412414523193148
7,0.9368221987970173,0.09046635960086387,0.09879346841941736,96.99782760269908,96.34905268980778,2.0412414523193148
8,0.8128739111125469,0.08914561604623561,0.09777610862218168,97.07043292363188,96.34905268980778,2.0412414523193148
9,0.8634044388309121,0.0879212545695915,0.0968586607961251,97.14419070997631,96.44585811091136,2.0412414523193148
10,1.0021496401168406,0.08030577303446661,0.0908264813866933,97.36546406900963,96.65329829899046,2.0412414523193148
11,0.836132004391402,0.07943588144078906,0.09024596653201448,97.40234296218185,96.69478633660628,2.0412414523193148
12,0.9622864900156856,0.07365353838048017,0.08607259254914058,97.61151543439303,96.86765316000553,2.0412414523193148
13,1.1148973000235856,0.06748458980167808,0.08198941137951217,97.84143228401358,96.99903194578897,2.0412414523193148
14,0.8099484518170357,0.06694121699034507,0.08169691985721397,97.86217666142295,97.0128612916609,2.0412414523193148
15,0.9393650349229574,0.06419916776035907,0.0801160614704716,97.95552635976513,97.0612640022127,2.0412414523193148
16,1.2285457761026919,0.05965083252197388,0.07767692571705788,98.13934459292041,97.14424007744434,2.0412414523193148
17,0.9358422048389912,0.05816950196580075,0.07696244183724396,98.18947683832639,97.16498409625224,2.0412414523193148
18,1.0658595589920878,0.05626486515426168,0.07607913359910491,98.28052160584531,97.16498409625224,2.0412414523193148
19,0.8059010207653046,0.05595290241629437,0.07594625350310402,98.2949274234907,97.17189876918822,2.0412414523193148
