,times,train_loss,test_loss,train_acc,test_acc,eta
0,0.6691060261800885,0.33029817988882504,0.32577207928771246,90.24285714285715,90.49955834723721,0.0861773876012753
1,0.6510700038634241,0.3197090836425363,0.3139961457078816,90.24285714285715,90.49955834723721,0.0861773876012753
2,0.7031574822030962,0.31970258363194093,0.3139886093355342,90.24285714285715,90.49955834723721,0.0861773876012753
3,0.7079817447811365,0.3196941699994584,0.31397575591227866,90.24285714285715,90.49955834723721,0.0861773876012753
4,0.7441618079319596,0.3149555433180661,0.30839871043139316,90.24285714285715,90.49955834723721,0.0861773876012753
5,0.7570064812898636,0.279721442490586,0.2530528176601716,90.32857142857142,90.5333638673515,0.0861773876012753
6,0.7742057181894779,0.27925348359190794,0.25065071223438734,90.34571428571428,90.54535937448883,0.0861773876012753
7,0.7313390891067684,0.2792084098061274,0.2504303917855785,90.35142857142857,90.54644987513768,0.0861773876012753
8,0.7361746560782194,0.27329957011850053,0.24317850045587194,90.42285714285714,90.77000250815149,0.0861773876012753
9,0.7406146721914411,0.2730059107295712,0.24295005701166691,90.41142857142857,90.80053652631923,0.0861773876012753
10,0.7490228950046003,0.2729981048873906,0.24293550848668183,90.40857142857143,90.80053652631923,0.0861773876012753
11,0.7417286280542612,0.2729412422330253,0.2428525006074759,90.40857142857143,90.79617452372383,0.0861773876012753
12,0.744807309936732,0.27249978140490827,0.24163537563480236,90.42285714285714,90.77545501139574,0.0861773876012753
13,0.71200803341344,0.27247576367113197,0.24149059874932327,90.42285714285714,90.77654551204458,0.0861773876012753
14,0.7113121091388166,0.27246244224025706,0.24143272006999444,90.42571428571429,90.77545501139574,0.0861773876012753
15,0.7446124269627035,0.27220461581510413,0.24095061411380433,90.42571428571429,90.81035103215886,0.0861773876012753
16,0.7551626120693982,inf,inf,10.131428571428572,9.494989149518545,0.0861773876012753
17,0.7653224468231201,,,0.0,0.0,0.0861773876012753
18,0.764545836020261,,,0.0,0.0,0.0861773876012753
19,0.706845604814589,,,0.0,0.0,0.0861773876012753
