,times,train_loss,test_loss,train_acc,test_acc,eta
0,0.7157605597749352,0.3197068949965502,0.31399350643563595,90.24285714285715,90.49955834723721,1.113023760882849
1,0.7294838791713119,0.3196234096552161,0.3139001445311411,90.24285714285715,90.49955834723721,1.113023760882849
2,0.7375735300593078,0.3189380868643685,0.31311383888981575,90.24285714285715,90.49955834723721,1.113023760882849
3,0.7423960571177304,0.2794161734908646,0.2485547569927131,90.38857142857142,90.57589339265657,1.113023760882849
4,0.7433797148987651,0.2756404206574939,0.2474404581374205,90.36857142857143,90.57153139006118,1.113023760882849
5,0.7749436995945871,0.27278358864825025,0.24220430205601234,90.42,90.85397105811278,1.113023760882849
6,0.9255991782993078,0.27240719821385007,0.24160902187209937,90.42285714285714,90.78745051853306,1.113023760882849
7,0.9238453810103238,0.2721843053526407,0.24098701523754287,90.44,90.80926053151002,1.113023760882849
8,0.8138219662941992,0.27215193695132184,0.24088652973024607,90.43714285714286,90.79617452372383,1.113023760882849
9,0.765954109840095,0.27215154052070756,0.24086591896346138,90.43428571428572,90.79726502437269,1.113023760882849
10,0.7724375189282,0.2721515183414471,0.24085410637439525,90.43428571428572,90.79617452372383,1.113023760882849
11,0.7752101439982653,0.27215151802529025,0.24085252701740867,90.43428571428572,90.79617452372383,1.113023760882849
12,0.7756263897754252,3.4560633569398878,3.2055098568252087,13.340000000000003,12.627997513658514,1.113023760882849
13,0.7747706901282072,,,0.0,0.0,1.113023760882849
14,0.7555932938121259,,,0.0,0.0,1.113023760882849
15,0.7047046218067408,,,0.0,0.0,1.113023760882849
16,0.7197531061246991,,,0.0,0.0,1.113023760882849
17,0.7357237911783159,,,0.0,0.0,1.113023760882849
18,0.7328262333758175,,,0.0,0.0,1.113023760882849
19,0.7220636997371912,,,0.0,0.0,1.113023760882849
