,times,train_loss,test_loss,train_acc,test_acc,eta
0,0.4918459369800985,3.151048130161696e+132,3.151244974356997e+132,0.0,0.0,0.6809991926337755
1,0.7345192371867597,1.5020928664075114e+264,1.5021860478267705e+264,0.0,0.0,0.6809991926337755
2,1.207368257921189,inf,inf,0.0,0.0,0.6809991926337755
3,1.046653517987579,inf,inf,0.0,0.0,0.6809991926337755
4,1.0242362092249095,,,0.0,0.0,0.6809991926337755
5,0.7696168390102684,,,0.0,0.0,0.6809991926337755
6,0.7224928019568324,,,0.0,0.0,0.6809991926337755
7,0.5845236801542342,,,0.0,0.0,0.6809991926337755
8,0.4241124792024493,,,0.0,0.0,0.6809991926337755
9,0.8095035380683839,,,0.0,0.0,0.6809991926337755
10,0.3828582940623164,,,0.0,0.0,0.6809991926337755
11,0.37798009207472205,,,0.0,0.0,0.6809991926337755
12,0.6547515168786049,,,0.0,0.0,0.6809991926337755
13,0.4146085702814162,,,0.0,0.0,0.6809991926337755
14,0.718988629989326,,,0.0,0.0,0.6809991926337755
15,1.046723797917366,,,0.0,0.0,0.6809991926337755
16,0.7695289901457727,,,0.0,0.0,0.6809991926337755
17,0.49171861773356795,,,0.0,0.0,0.6809991926337755
18,0.47084301710128784,,,0.0,0.0,0.6809991926337755
19,0.49321750085800886,,,0.0,0.0,0.6809991926337755
