,times,train_loss,test_loss,train_acc,test_acc,eta
0,12.74938028305769,0.41404516856396917,0.4216623162748277,0.0,0.0,0.27825594022071226
1,12.72142196353525,,,0.0,0.0,0.27825594022071226
2,12.94287845119834,,,0.0,0.0,0.27825594022071226
3,12.84614958241582,,,0.0,0.0,0.27825594022071226
4,13.04706257302314,,,0.0,0.0,0.27825594022071226
5,12.925414964556694,,,0.0,0.0,0.27825594022071226
6,13.206294001080096,,,0.0,0.0,0.27825594022071226
7,13.1046978905797,,,0.0,0.0,0.27825594022071226
8,13.350055045448244,,,0.0,0.0,0.27825594022071226
9,13.242787615396082,,,0.0,0.0,0.27825594022071226
10,13.453496479429305,,,0.0,0.0,0.27825594022071226
11,13.379882376641035,,,0.0,0.0,0.27825594022071226
12,13.467579926364124,,,0.0,0.0,0.27825594022071226
13,13.263508833013475,,,0.0,0.0,0.27825594022071226
14,13.375207034870982,,,0.0,0.0,0.27825594022071226
15,13.28185360133648,,,0.0,0.0,0.27825594022071226
16,13.422570432536304,,,0.0,0.0,0.27825594022071226
17,13.258500006981194,,,0.0,0.0,0.27825594022071226
18,13.381343427114189,,,0.0,0.0,0.27825594022071226
19,13.366244670003653,,,0.0,0.0,0.27825594022071226
