,times,train_loss,test_loss,train_acc,test_acc,eta
0,9.83348109619692,,,0.0,0.0,0.8795442791215591
1,22.79097819328308,,,0.0,0.0,0.8795442791215591
2,23.318896336015314,,,0.0,0.0,0.8795442791215591
3,9.712472973391414,,,0.0,0.0,0.8795442791215591
4,9.688064247369766,,,0.0,0.0,0.8795442791215591
5,49.594524723012,,,0.0,0.0,0.8795442791215591
6,22.772170193027705,,,0.0,0.0,0.8795442791215591
7,22.438777421135455,,,0.0,0.0,0.8795442791215591
8,38.15414742194116,,,0.0,0.0,0.8795442791215591
9,9.623215365689248,,,0.0,0.0,0.8795442791215591
10,36.02705602487549,,,0.0,0.0,0.8795442791215591
11,23.265042159240693,,,0.0,0.0,0.8795442791215591
12,22.55291282804683,,,0.0,0.0,0.8795442791215591
13,23.5313459308818,,,0.0,0.0,0.8795442791215591
14,23.620194857940078,,,0.0,0.0,0.8795442791215591
15,9.809544115327299,,,0.0,0.0,0.8795442791215591
16,9.629738294985145,,,0.0,0.0,0.8795442791215591
17,23.759949936065823,,,0.0,0.0,0.8795442791215591
18,23.969687768723816,,,0.0,0.0,0.8795442791215591
19,23.12677718512714,,,0.0,0.0,0.8795442791215591
