,times,train_loss,test_loss,train_acc,test_acc,eta
0,4.364729161839932,0.4997870794721516,0.5101319641990482,0.0,0.0,0.00046415888336127784
1,4.369974894914776,0.487331927242667,0.4971452742082863,0.0,0.0,0.00046415888336127784
2,4.232751179952174,0.46800601218651816,0.47710805054752714,0.0,0.0,0.00046415888336127784
3,4.443773088045418,0.4543516558881681,0.4629577960088842,0.0,0.0,0.00046415888336127784
4,4.239338016137481,0.43907357561141985,0.44744104886313457,0.0,0.0,0.00046415888336127784
5,4.401333043817431,0.43243915915574344,0.44050112427406224,0.0,0.0,0.00046415888336127784
6,4.416071703191847,0.42499635587709017,0.4326764389735799,0.0,0.0,0.00046415888336127784
7,4.46416138485074,0.41416885073396414,0.42154625848767446,0.0,0.0,0.00046415888336127784
8,4.448772083967924,0.40676630356596877,0.4138078652603412,0.0,0.0,0.00046415888336127784
9,4.491975021082908,0.4020223671788324,0.4089182940466173,0.0,0.0,0.00046415888336127784
10,4.481104934122413,0.3975455247081981,0.4041583072491333,0.0,0.0,0.00046415888336127784
11,4.496335424948484,0.3916525834219677,0.3978973478371343,0.0,0.0,0.00046415888336127784
12,4.48470339179039,0.3870650224399217,0.39296495324831243,0.0,0.0,0.00046415888336127784
13,4.500876081176102,0.3837808925683953,0.38931368307100306,0.0,0.0,0.00046415888336127784
14,4.480433630757034,0.38207298698914177,0.38746855175825684,0.0,0.0,0.00046415888336127784
15,4.5061307568103075,0.38120055720014906,0.3864065204343817,0.0,0.0,0.00046415888336127784
16,4.480487258173525,0.38068998804404136,0.385853017655862,0.0,0.0,0.00046415888336127784
17,4.507153004873544,0.3803333551124452,0.38542568802157934,0.0,0.0,0.00046415888336127784
18,4.489586920943111,0.3796018170003789,0.38467875983008293,0.0,0.0,0.00046415888336127784
19,4.500107365660369,0.3785270762038155,0.3835200574531065,0.0,0.0,0.00046415888336127784
