,times,train_loss,test_loss,train_acc,test_acc,eta
0,4.35775783797726,,,0.0,0.0,0.8795442791215593
1,1.977414506021887,,,0.0,0.0,0.8795442791215593
2,1.96477739373222,,,0.0,0.0,0.8795442791215593
3,4.374500231351703,,,0.0,0.0,0.8795442791215593
4,4.311882351059467,,,0.0,0.0,0.8795442791215593
5,1.9776937323622406,,,0.0,0.0,0.8795442791215593
6,1.9676716113463044,,,0.0,0.0,0.8795442791215593
7,6.764030565973371,,,0.0,0.0,0.8795442791215593
8,4.356629732064903,,,0.0,0.0,0.8795442791215593
9,1.9799853069707751,,,0.0,0.0,0.8795442791215593
10,1.9668475319631398,,,0.0,0.0,0.8795442791215593
11,1.9779913807287812,,,0.0,0.0,0.8795442791215593
12,1.9648132561706007,,,0.0,0.0,0.8795442791215593
13,4.372102997265756,,,0.0,0.0,0.8795442791215593
14,8.791253197006881,,,0.0,0.0,0.8795442791215593
15,4.147330404724926,,,0.0,0.0,0.8795442791215593
16,1.991070761345327,,,0.0,0.0,0.8795442791215593
17,4.146134344860911,,,0.0,0.0,0.8795442791215593
18,1.9902881849557161,,,0.0,0.0,0.8795442791215593
19,4.146671026013792,,,0.0,0.0,0.8795442791215593
