,times,train_loss,test_loss,train_acc,test_acc,eta
0,0.6663778028450906,0.4878680969506793,0.48624978189748924,90.24285714285715,90.49955834723721,0.014375254655218508
1,0.6737780631519854,0.40496697066724113,0.4023150153250074,90.24285714285715,90.49955834723721,0.014375254655218508
2,0.67584861908108,0.36688549260530334,0.3635307726379063,90.24285714285715,90.49955834723721,0.014375254655218508
3,0.6731055108830333,0.34743686792139084,0.3435790084980159,90.24285714285715,90.49955834723721,0.014375254655218508
4,0.6540306960232556,0.3367105747699862,0.3324786523646589,90.24285714285715,90.49955834723721,0.014375254655218508
5,0.657828576862812,0.33045748750595666,0.3259397605078783,90.24285714285715,90.49955834723721,0.014375254655218508
6,0.6390524180606008,0.3266605430493574,0.3219200028139996,90.24285714285715,90.49955834723721,0.014375254655218508
7,0.6405333606526256,0.3242834073993796,0.319366510677255,90.24285714285715,90.49955834723721,0.014375254655218508
8,0.6554034790024161,0.3227599377611402,0.31770182571570427,90.24285714285715,90.49955834723721,0.014375254655218508
9,0.6516215507872403,0.3217656433915116,0.3165934285949841,90.24285714285715,90.49955834723721,0.014375254655218508
10,0.6509058428928256,0.3211073410664085,0.3158422712857643,90.24285714285715,90.49955834723721,0.014375254655218508
11,0.6171484342776239,0.32066647877383436,0.31532541449627755,90.24285714285715,90.49955834723721,0.014375254655218508
12,0.6443479210138321,0.3203685035901093,0.31496495877036806,90.24285714285715,90.49955834723721,0.014375254655218508
13,0.7241439730860293,0.32016559271733486,0.31471048739100604,90.24285714285715,90.49955834723721,0.014375254655218508
14,0.6438466743566096,0.32002656865516865,0.3145287854483008,90.24285714285715,90.49955834723721,0.014375254655218508
15,0.6249443949200213,0.31993083375461173,0.3143976373251503,90.24285714285715,90.49955834723721,0.014375254655218508
16,0.6289958842098713,0.31986463019500416,0.3143019885054787,90.24285714285715,90.49955834723721,0.014375254655218508
17,0.6464730333536863,0.3198186851542547,0.3142315190004237,90.24285714285715,90.49955834723721,0.014375254655218508
18,0.6427289936691523,0.31978670169660095,0.3141790808395857,90.24285714285715,90.49955834723721,0.014375254655218508
19,0.6161282169632614,0.31976437699249116,0.31413967585029806,90.24285714285715,90.49955834723721,0.014375254655218508
