,times,train_loss,test_loss,train_acc,test_acc,eta
0,0.6886772182770073,0.3203508401310555,0.31494317141998324,90.24285714285715,90.49955834723721,0.18566355334451112
1,0.6928445640951395,0.319717912620363,0.314035233273756,90.24285714285715,90.49955834723721,0.18566355334451112
2,0.6339332829229534,0.31971068690303206,0.3140008266389991,90.24285714285715,90.49955834723721,0.18566355334451112
3,0.6547420350834727,0.3197093809097076,0.31399659771146055,90.24285714285715,90.49955834723721,0.18566355334451112
4,0.6502335770055652,0.3197081371806026,0.31399491979063404,90.24285714285715,90.49955834723721,0.18566355334451112
5,0.6604794189333916,0.3197068941499685,0.31399349920863157,90.24285714285715,90.49955834723721,0.18566355334451112
6,0.6600021701306105,0.319705651163961,0.3139921046869138,90.24285714285715,90.49955834723721,0.18566355334451112
7,0.6625865306705236,0.31970440821570606,0.3139907132614738,90.24285714285715,90.49955834723721,0.18566355334451112
8,0.6930370233021677,0.3197031653050887,0.313989322026493,90.24285714285715,90.49955834723721,0.18566355334451112
9,0.6830411949194968,0.31970192243215617,0.31398793080971243,90.24285714285715,90.49955834723721,0.18566355334451112
10,0.6798218069598079,0.31970067959687887,0.3139865397748299,90.24285714285715,90.49955834723721,0.18566355334451112
11,0.6837234860286117,0.31969943679928,0.3139851486910867,90.24285714285715,90.49955834723721,0.18566355334451112
12,0.6663562972098589,0.3196981940393581,0.31398375744675205,90.24285714285715,90.49955834723721,0.18566355334451112
13,0.6400038045831025,0.319696951317139,0.3139823664966642,90.24285714285715,90.49955834723721,0.18566355334451112
14,0.6144394180737436,0.3196957086325012,0.3139809754564724,90.24285714285715,90.49955834723721,0.18566355334451112
15,0.6006176429800689,0.31969446598552753,0.3139795846830741,90.24285714285715,90.49955834723721,0.18566355334451112
16,0.6012848177924752,0.3196932233762198,0.313978193709083,90.24285714285715,90.49955834723721,0.18566355334451112
17,0.7108006100170314,0.3196919808045699,0.31397680278001733,90.24285714285715,90.49955834723721,0.18566355334451112
18,0.7952897152863443,0.31969073827058286,0.3139754118356344,90.24285714285715,90.49955834723721,0.18566355334451112
19,0.660800214856863,0.31968949577419076,0.3139740209420164,90.24285714285715,90.49955834723721,0.18566355334451112
