,times,train_loss,test_loss,train_acc,test_acc,eta
0,0.5968305058777332,0.3536676739226213,0.34998886557724135,90.24285714285715,90.49955834723721,0.05166198660059535
1,0.5854068580083549,0.32606663579340756,0.3212855855672628,90.24285714285715,90.49955834723721,0.05166198660059535
2,0.6193107748404145,0.32121198586770355,0.3159630183124478,90.24285714285715,90.49955834723721,0.05166198660059535
3,0.6231115409173071,0.3201019645943036,0.3146283066521629,90.24285714285715,90.49955834723721,0.05166198660059535
4,0.6209406810812652,0.3198182350720757,0.31423080200400183,90.24285714285715,90.49955834723721,0.05166198660059535
5,0.6201347569003701,0.31974160399803403,0.31409506825543615,90.24285714285715,90.49955834723721,0.05166198660059535
6,0.7237134859897196,0.31972017076062414,0.3140425276548988,90.24285714285715,90.49955834723721,0.05166198660059535
7,0.6506125843152404,0.3197139151865488,0.31401978115181267,90.24285714285715,90.49955834723721,0.05166198660059535
8,0.6159655768424273,0.31971190114656695,0.31400898521814735,90.24285714285715,90.49955834723721,0.05166198660059535
9,0.6496659852564335,0.3197110825688276,0.3140034723626111,90.24285714285715,90.49955834723721,0.05166198660059535
10,0.6493720738217235,0.3197106024608585,0.31400047157127725,90.24285714285715,90.49955834723721,0.05166198660059535
11,0.6622401541098952,0.3197102184140125,0.3139987243886715,90.24285714285715,90.49955834723721,0.05166198660059535
12,0.6727229249663651,0.3197098616664761,0.3139976214516373,90.24285714285715,90.49955834723721,0.05166198660059535
13,0.6763772428967059,0.31970951268330255,0.31399685520927106,90.24285714285715,90.49955834723721,0.05166198660059535
14,0.6631696228869259,0.3197091659110514,0.31399626661387536,90.24285714285715,90.49955834723721,0.05166198660059535
15,0.6864913241006434,0.31970881976994864,0.31399577222609765,90.24285714285715,90.49955834723721,0.05166198660059535
16,0.7233949769288301,0.3197084738105346,0.3139953279454388,90.24285714285715,90.49955834723721,0.05166198660059535
17,0.7478543720208108,0.3197081279048949,0.31399491033883814,90.24285714285715,90.49955834723721,0.05166198660059535
18,0.7326907562091947,0.31970778201665495,0.31399450695878034,90.24285714285715,90.49955834723721,0.05166198660059535
19,0.7222591470927,0.31970743613544017,0.31399411113831194,90.24285714285715,90.49955834723721,0.05166198660059535
