,times,train_loss,test_loss,train_acc,test_acc,eta
0,0.6529549807310104,1.9077424192668706,1.8573846244946477,90.24285714285715,90.49955834723721,400.0
1,0.6506367162801325,30.816263407592245,29.98970129825689,90.24285714285715,90.49955834723721,400.0
2,0.6834062533453107,19.1611841088153,18.649640933984216,90.24285714285715,90.49955834723721,400.0
3,0.6853626500815153,5.7034301859823415,5.5508734829851525,90.24285714285715,90.49955834723721,400.0
4,0.6777073359116912,15.566550143503079,15.150506889550927,90.24285714285715,90.49955834723721,400.0
5,0.6756301331333816,2.9107372102135014,2.8312785172715667,90.24285714285715,90.49955834723721,400.0
6,0.6747062150388956,3.043532525512639,2.9598462633906513,90.24285714285715,90.49955834723721,400.0
7,0.6920474418438971,20.595065219773897,20.042064298136204,90.24285714285715,90.49955834723721,400.0
8,0.6317390431649983,32.57204009720746,31.693448310070234,90.24285714285715,90.49955834723721,400.0
9,0.6549526709131896,22.420850436445704,21.817660462506332,90.24285714285715,90.49955834723721,400.0
10,0.6659183860756457,0.2999484762164306,0.2887455427839046,90.24285714285715,90.49955834723721,400.0
11,0.6636535208672285,2.6672462188385135,2.590408625178555,90.24285714285715,90.49955834723721,400.0
12,0.6705997679382563,22.144019528746398,21.54646984740727,90.24285714285715,90.49955834723721,400.0
13,0.6467726430855691,34.44863700944029,33.51586599848108,90.24285714285715,90.49955834723721,400.0
14,0.6443598652258515,24.71601107869868,24.047530820009584,90.24285714285715,90.49955834723721,400.0
15,0.6610309528186917,11.024480812367463,10.722584007036545,90.24285714285715,90.49955834723721,400.0
16,0.6585283018648624,6.094827702464323,6.103837874218433,9.757142857142853,9.500441652762788,400.0
17,0.6534153069369495,26.116497159598794,25.406970450687997,90.24285714285715,90.49955834723721,400.0
18,0.6764750070869923,3.9427785752049753,3.8265092600101966,90.24285714285715,90.49955834723721,400.0
19,0.6748108519241214,1.807489099169999,1.7472056166607643,90.24285714285715,90.49955834723721,400.0
