,times,train_loss,test_loss,train_acc,test_acc,eta
0,3.9795883828774095,0.4997870769544453,0.5101319591112874,0.0,0.0,0.00046415888336127784
1,4.041327072773129,0.4872419393942015,0.4970452006504762,0.0,0.0,0.00046415888336127784
2,4.050506003201008,0.4679042267315093,0.47697481982853646,0.0,0.0,0.00046415888336127784
3,4.095045302063227,0.455386311398149,0.46402671577765414,0.0,0.0,0.00046415888336127784
4,4.08760028379038,0.4435653074497975,0.451990731969026,0.0,0.0,0.00046415888336127784
5,4.120139153208584,0.43786011929685004,0.44599601580468207,0.0,0.0,0.00046415888336127784
6,4.126701440196484,0.43207284654752776,0.4399196083287865,0.0,0.0,0.00046415888336127784
7,4.152111215982586,0.4275648425514011,0.43519924120337694,0.0,0.0,0.00046415888336127784
8,4.303695349022746,0.4205060316510658,0.427868768316921,0.0,0.0,0.00046415888336127784
9,4.488749915268272,0.4117752426886813,0.4188110776244652,0.0,0.0,0.00046415888336127784
10,4.587110965978354,0.402815346515767,0.4095481971219083,0.0,0.0,0.00046415888336127784
11,4.963103354908526,0.3952819401351051,0.4016343411452848,0.0,0.0,0.00046415888336127784
12,4.720832118298858,0.390112909443414,0.3961600259011512,0.0,0.0,0.00046415888336127784
13,4.801953345071524,0.38700892148060034,0.3928189996929504,0.0,0.0,0.00046415888336127784
14,4.781300415284932,0.38462005880200467,0.39029297433259846,0.0,0.0,0.00046415888336127784
15,4.972475242801011,0.383447645059244,0.38890637401140976,0.0,0.0,0.00046415888336127784
16,4.8197640823200345,0.3827943869239678,0.3882012113376626,0.0,0.0,0.00046415888336127784
17,4.57882475014776,0.3813664882171274,0.38661770041181104,0.0,0.0,0.00046415888336127784
18,4.455647193361074,0.37991606409448986,0.38505308152718914,0.0,0.0,0.00046415888336127784
19,4.477057507727295,0.37880616677690215,0.3838219346003195,0.0,0.0,0.00046415888336127784
