,times,train_loss,test_loss,train_acc,test_acc,eta
0,0.781282601878047,0.6927662068579314,0.6927649420174304,78.18325352510358,78.39164707509335,0.0005166198660059535
1,1.05460693128407,0.5374845788127951,0.5372824707824561,88.77441065800012,88.71525376849675,0.0005166198660059535
2,1.1520091337151825,0.4336696614221707,0.4334527892879121,90.83271388317458,90.99709583736689,0.0005166198660059535
3,1.2426786608994007,0.35282226222940655,0.35271956227128337,92.27963420747835,92.4076891163048,0.0005166198660059535
4,1.3355569648556411,0.28895742045049305,0.28935785538717634,93.5629044433304,93.65233024477942,0.0005166198660059535
5,1.423880293034017,0.23789701858368237,0.23878317999016568,94.5730403766257,94.52357903471166,0.0005166198660059535
6,1.5856027021072805,0.19408138458500632,0.19584324278393228,95.2178447744337,95.07675286958927,0.0005166198660059535
7,1.5919075827114284,0.16110279603062572,0.16405572256685533,95.73645420966804,95.4155718434518,0.0005166198660059535
8,1.7006189730018377,0.13560920832796075,0.14003759504252533,96.20089777055566,95.77513483612225,0.0005166198660059535
9,1.768268444109708,0.11447280135195582,0.12082331095946186,96.56507684063132,96.09320979117688,0.0005166198660059535
10,1.8744686213321984,0.09902171006615801,0.10726173187861687,96.8756662690661,96.32830867099986,0.0005166198660059535
11,1.860075683798641,0.08726234661341699,0.09769764151146047,97.1292086596251,96.55649287788688,0.0005166198660059535
12,1.8637132938019931,0.0798755247870996,0.09224351717046853,97.32167038336762,96.60489558843867,0.0005166198660059535
13,1.942707170266658,0.07329360070186848,0.08807891057959456,97.53660518263696,96.76393306596599,0.0005166198660059535
14,1.9028307376429439,0.06847668113328344,0.08578050226326779,97.6939167113247,96.88839717881345,0.0005166198660059535
15,1.8978187227621675,0.06460429288032553,0.08476936215578783,97.84892330918919,96.91605587055733,0.0005166198660059535
16,1.8801782159134746,0.06160528886728571,0.0844331806619685,97.98145683152684,96.98520259991702,0.0005166198660059535
17,1.866327318828553,0.058366085771314496,0.08495111812228089,98.11053295762962,96.97137325404509,0.0005166198660059535
18,1.8680268740281463,0.05596502561608677,0.08560164526465283,98.22462703338115,96.97828792698105,0.0005166198660059535
19,1.93765193130821,0.053074625690984305,0.08697612914361866,98.35255069407229,96.98520259991702,0.0005166198660059535
