,times,train_loss,test_loss,train_acc,test_acc,eta
0,0.7730140648782253,0.6930411113997034,0.6930407593983445,78.17633873263378,78.38473240215738,0.0001437525465521851
1,1.0619586617685854,0.6393074834025321,0.6392631684576812,88.45229657544903,88.3764347946342,0.0001437525465521851
2,1.154914965853095,0.5862670542876468,0.5862098845470828,90.28414034723782,90.33328723551377,0.0001437525465521851
3,1.2870916402898729,0.540069416174364,0.5400448850890625,91.03151416668108,91.0869865855345,0.0001437525465521851
4,1.3261632067151368,0.4979793595549535,0.4979965380402278,91.8468834454106,91.95823537546674,0.0001437525465521851
5,1.426707566715777,0.45819623048403973,0.4582937423403764,92.55449720815254,92.6842760337436,0.0001437525465521851
6,1.5244168960489333,0.42316761634033007,0.4233968917468176,93.19123434807912,93.25127921449315,0.0001437525465521851
7,1.5965600833296776,0.38961343080226507,0.39007957454804415,93.63954339320391,93.7283916470751,0.0001437525465521851
8,1.6997944391332567,0.3605972432773397,0.3612715530645542,94.0521260105681,94.09486931268151,0.0001437525465521851
9,1.7728618341498077,0.3328618548391771,0.3338372333185902,94.41400014982051,94.3507122113124,0.0001437525465521851
10,1.8702188800089061,0.3078622536215182,0.3091851734771548,94.72055594931457,94.59272576407136,0.0001437525465521851
11,1.927525875158608,0.28395555580429443,0.28565708420515257,94.9965714154004,94.6964458581109,0.0001437525465521851
12,1.833344561047852,0.26351320156825403,0.26563942583017547,95.27085818336877,94.97994744848569,0.0001437525465521851
13,1.8259082417935133,0.24358170177177432,0.24617486352774778,95.5071135927533,95.14589959894897,0.0001437525465521851
14,1.8208006508648396,0.22495428400702852,0.22806970163883722,95.74509770025527,95.33951044115614,0.0001437525465521851
15,1.8203808460384607,0.20849636671435215,0.2121678473022432,95.97386208446419,95.58843866685106,0.0001437525465521851
16,1.8640465126372874,0.19280108647596972,0.19707133496386703,96.1628664119718,95.77513483612225,0.0001437525465521851
17,1.9502296368591487,0.17861295307321165,0.18351078036896495,96.3651240917132,95.92725764071359,0.0001437525465521851
18,1.878563637379557,0.1652454467376772,0.17081378728129545,96.53453650722308,96.01023371594523,0.0001437525465521851
19,1.8860207665711641,0.1531471638522193,0.15944703107225963,96.71950720578998,96.10703913704882,0.0001437525465521851
