,times,train_loss,test_loss,train_acc,test_acc,eta
0,0.8486475460231304,0.6917808517582439,0.6917763085475942,78.21148892768855,78.41239109390126,0.0018566355334451114
1,1.127925735898316,0.3903655102036119,0.38964131823575554,90.49158412133156,90.59604480708063,0.0018566355334451114
2,1.1650174213573337,0.25153605015616715,0.2515108426337195,93.39925435487868,93.54861015073988,0.0018566355334451114
3,1.263838344719261,0.1699913388047944,0.17166242445658347,95.14639191891253,94.91080071912599,0.0018566355334451114
4,1.3419422782026231,0.12102841499025568,0.1256434757608128,96.1951354434975,95.6230120315309,0.0018566355334451114
5,1.4327229228802025,0.09164623571387927,0.09986190405744258,96.88949585400569,96.24533259576822,0.0018566355334451114
6,1.5357081196270883,0.07762997290108944,0.08959988361047015,97.27902916313724,96.49426082146314,0.0018566355334451114
7,1.7442729137837887,0.06899829762619362,0.08513758787053219,97.66337637791646,96.75010372009405,0.0018566355334451114
8,1.6624013571999967,0.061162920966008685,0.08273683979022721,97.99182902023153,96.86073848706957,0.0018566355334451114
9,1.6949900449253619,0.052137836046578345,0.08075862882680229,98.34217850536761,97.0612640022127,0.0018566355334451114
10,1.809520891867578,0.044267665857444065,0.07917376936424567,98.61300787710108,97.06817867514866,0.0018566355334451114
11,1.7849829499609768,0.04137906288518233,0.07814752205386429,98.70981497167816,97.05434932927673,0.0018566355334451114
12,1.806630334816873,0.039440623821183116,0.07731697011141155,98.80258843731453,97.09583736689254,0.0018566355334451114
13,1.7859165351837873,0.0379013945897646,0.07705492822355907,98.86539780224847,97.02669063753285,0.0018566355334451114
14,1.79340928979218,0.035189440670219146,0.07826323080415903,98.96969592200114,97.01977596459687,0.0018566355334451114
15,1.7782502244226635,0.03158692847931621,0.08212972109558164,99.08897609210504,97.03360531046881,0.0018566355334451114
16,1.803617222700268,0.030017670906398026,0.08448704955539016,99.13910833751102,97.14424007744434,0.0018566355334451114
17,1.7936912416480482,0.028532682670294317,0.08681786309341921,99.20883249491474,97.17189876918822,0.0018566355334451114
18,1.7879614122211933,0.027055508260445362,0.08743382702885966,99.27682795420102,97.21338680680404,0.0018566355334451114
19,1.7849070308730006,0.02524042615155781,0.08725510231796008,99.36672025630831,97.21338680680404,0.0018566355334451114
