,times,train_loss,test_loss,train_acc,test_acc,eta
0,0.7771765789948404,0.688273019323718,0.6882567228625455,78.30944848767726,78.4262204397732,0.006672402148800233
1,1.0576365059241652,0.245946927162433,0.24609152149216934,92.93250586316778,93.05766837228599,0.006672402148800233
2,1.1383402501232922,0.12722743844415318,0.13194299363785802,96.16920497173578,95.6921587608906,0.006672402148800233
3,1.2167629078030586,0.08097208700463693,0.09185826329102237,97.31706052172109,96.6187249343106,0.006672402148800233
4,1.3106120200827718,0.06069810184157699,0.07968429166819635,98.03562270587354,96.98520259991702,0.006672402148800233
5,1.4190024337731302,0.04570420938978971,0.07568059195898681,98.59283973239754,97.1096667127645,0.006672402148800233
6,1.4659008448943496,0.037337332912407234,0.07646241251921923,98.90342916083232,97.1304107315724,0.006672402148800233
7,1.5499213598668575,0.033717502165898944,0.07775704060727012,99.02847165799436,97.1304107315724,0.006672402148800233
8,1.6431372589431703,0.029442611825612197,0.07910858456057922,99.1961553753868,97.16498409625224,0.006672402148800233
9,1.7017067316919565,0.025548392429019913,0.08399306831042334,99.34136601725241,97.29636288203568,0.006672402148800233
10,1.7730426951311529,0.024194534274538604,0.08584028153085885,99.3880408664235,97.25487484441986,0.006672402148800233
11,1.7970628719776869,0.020548806038567426,0.08577078632813372,99.58280752098928,97.22030147974,0.006672402148800233
12,1.8649156880564988,0.01957268502237605,0.08558022255701282,99.62141511227894,97.2894482090997,0.006672402148800233
13,1.7862558728083968,0.018225918437419646,0.08730517879363117,99.66520879792095,97.23413082561194,0.006672402148800233
14,1.83809173386544,0.017647152121542366,0.08847625671206351,99.67961461556635,97.29636288203568,0.006672402148800233
15,1.8236280446872115,0.0168623390221135,0.09031197228446217,99.72513699932581,97.34476559258746,0.006672402148800233
16,1.8339294441975653,0.01631677597275312,0.09021467972582714,99.75221993649916,97.33093624671552,0.006672402148800233
17,1.8603811711072922,0.015903092105738332,0.08874877980287656,99.76777821955619,97.28253353616374,0.006672402148800233
18,1.9244823972694576,0.015348308571761837,0.08882990472273466,99.78045533908414,97.2687041902918,0.006672402148800233
19,1.9096645079553127,0.015010213986435922,0.08951077026029026,99.79025129508301,97.22721615267598,0.006672402148800233
