,times,train_loss,test_loss,train_acc,test_acc,eta
0,13.135276669636369,0.38058523465896105,0.385420615082245,0.0,0.0,3.1609182482282496
1,13.016058108769357,0.3738586135088519,0.37836135401170234,0.0,0.0,3.1609182482282496
2,6.169810646213591,0.3722073440795729,0.37703051673333743,0.0,0.0,3.1609182482282496
3,12.890412690117955,0.37036988273778954,0.37527604354634986,0.0,0.0,3.1609182482282496
4,12.981024945154786,0.3691019809406342,0.3740985907169271,0.0,0.0,3.1609182482282496
5,6.041696534492075,0.36813167821437665,0.3732464422324226,0.0,0.0,3.1609182482282496
6,13.191164341755211,0.36675269099674473,0.37217267987421987,0.0,0.0,3.1609182482282496
7,19.000407751649618,0.36587658820842534,0.3716894443164009,0.0,0.0,3.1609182482282496
8,12.781353703700006,0.3653002848160962,0.3712715008804819,0.0,0.0,3.1609182482282496
9,6.012353624217212,0.3650713999650621,0.3710684937453834,0.0,0.0,3.1609182482282496
10,12.827143563888967,0.36445929325935816,0.3706569954944863,0.0,0.0,3.1609182482282496
11,6.0707351583987474,0.3643396853358286,0.3705653907797454,0.0,0.0,3.1609182482282496
12,13.124139992520213,0.3638790820559499,0.3703200574678834,0.0,0.0,3.1609182482282496
13,6.049428736791015,0.363807625521,0.3702687276735863,0.0,0.0,3.1609182482282496
14,6.175345838069916,0.36374846648173825,0.3702208608802824,0.0,0.0,3.1609182482282496
15,6.042000746354461,0.36369667060867705,0.3701820939905069,0.0,0.0,3.1609182482282496
16,6.157893928699195,0.3636495793507341,0.3701522276906648,0.0,0.0,3.1609182482282496
17,13.021257465705276,0.36327913682057683,0.3699989625954148,0.0,0.0,3.1609182482282496
18,27.250010412186384,0.36289957919321086,0.37007057603225046,0.0,0.0,3.1609182482282496
19,6.042445331811905,0.36284327060075205,0.37002095929532414,0.0,0.0,3.1609182482282496
