,times,train_loss,test_loss,train_acc,test_acc,eta
0,6.01324525102973,,,0.0,0.0,0.6666666666666666
1,19.882828642614186,,,0.0,0.0,0.6666666666666666
2,6.020415775477886,,,0.0,0.0,0.6666666666666666
3,12.83568821940571,,,0.0,0.0,0.6666666666666666
4,48.05625860672444,,,0.0,0.0,0.6666666666666666
5,26.735820495523512,,,0.0,0.0,0.6666666666666666
6,12.857376227155328,,,0.0,0.0,0.6666666666666666
7,5.858319447375834,,,0.0,0.0,0.6666666666666666
8,12.645338172093034,,,0.0,0.0,0.6666666666666666
9,5.743594433180988,,,0.0,0.0,0.6666666666666666
10,18.983000887557864,,,0.0,0.0,0.6666666666666666
11,12.395203293301165,,,0.0,0.0,0.6666666666666666
12,12.920819569379091,,,0.0,0.0,0.6666666666666666
13,5.902850921265781,,,0.0,0.0,0.6666666666666666
14,13.000108316540718,,,0.0,0.0,0.6666666666666666
15,5.898472420871258,,,0.0,0.0,0.6666666666666666
16,20.05301635339856,,,0.0,0.0,0.6666666666666666
17,5.878333096392453,,,0.0,0.0,0.6666666666666666
18,6.00134398881346,,,0.0,0.0,0.6666666666666666
19,12.807839416898787,,,0.0,0.0,0.6666666666666666
