,times,train_loss,test_loss,train_acc,test_acc,eta
0,12.89644736610353,,,0.0,0.0,0.6809991926337755
1,5.907477840781212,,,0.0,0.0,0.6809991926337755
2,26.783448505215347,,,0.0,0.0,0.6809991926337755
3,12.804308610968292,,,0.0,0.0,0.6809991926337755
4,12.928942983970046,,,0.0,0.0,0.6809991926337755
5,12.771061836741865,,,0.0,0.0,0.6809991926337755
6,6.008528599515557,,,0.0,0.0,0.6809991926337755
7,19.684687066823244,,,0.0,0.0,0.6809991926337755
8,19.793937268666923,,,0.0,0.0,0.6809991926337755
9,5.904183224774897,,,0.0,0.0,0.6809991926337755
10,5.993384006433189,,,0.0,0.0,0.6809991926337755
11,19.655783696100116,,,0.0,0.0,0.6809991926337755
12,6.0176164750009775,,,0.0,0.0,0.6809991926337755
13,5.922547284513712,,,0.0,0.0,0.6809991926337755
14,20.136003497056663,,,0.0,0.0,0.6809991926337755
15,5.964766570366919,,,0.0,0.0,0.6809991926337755
16,13.124719021841884,,,0.0,0.0,0.6809991926337755
17,5.96872865408659,,,0.0,0.0,0.6809991926337755
18,13.164220708422363,,,0.0,0.0,0.6809991926337755
19,19.920563775114715,,,0.0,0.0,0.6809991926337755
