,times,train_loss,test_loss,train_acc,test_acc,eta
0,5.978848807513714,0.3761590805976325,0.3813707895019694,0.0,0.0,1.8949207063585727
1,12.991162315011024,0.37968730021789643,0.38320124992922716,0.0,0.0,1.8949207063585727
2,6.021718709729612,0.3687713866070692,0.37373577307579425,0.0,0.0,1.8949207063585727
3,5.9113875878974795,0.36783026345283765,0.3730779752691394,0.0,0.0,1.8949207063585727
4,19.83457673434168,0.3663530846699809,0.37212805070256755,0.0,0.0,1.8949207063585727
5,6.18663592543453,0.3652191090965527,0.37114272726494235,0.0,0.0,1.8949207063585727
6,6.00047008972615,0.3647378614440967,0.37076232654316876,0.0,0.0,1.8949207063585727
7,12.747961244545877,0.36391359630288744,0.3703934214839113,0.0,0.0,1.8949207063585727
8,12.38837024755776,0.36348080686040934,0.3702686673808061,0.0,0.0,1.8949207063585727
9,5.5062736896798015,0.3633353497190849,0.3701416792263405,0.0,0.0,1.8949207063585727
10,12.78831398114562,0.36296334040263556,0.3699986930355299,0.0,0.0,1.8949207063585727
11,6.089129781350493,0.36289302379024724,0.3699552522817451,0.0,0.0,1.8949207063585727
12,6.161436329595745,0.3628365533679785,0.36990920030777297,0.0,0.0,1.8949207063585727
13,6.026269926689565,0.36278554211884567,0.3698697400066669,0.0,0.0,1.8949207063585727
14,20.067423798143864,0.36240680909642387,0.3698948105464968,0.0,0.0,1.8949207063585727
15,6.037008154205978,0.362374302961706,0.3698654393182806,0.0,0.0,1.8949207063585727
16,13.044866564683616,0.36225399109279627,0.3698932183486836,0.0,0.0,1.8949207063585727
17,33.801144105382264,0.3621183900739811,0.3700369928449003,0.0,0.0,1.8949207063585727
18,20.591784378513694,0.36207249007853176,0.3700416002174668,0.0,0.0,1.8949207063585727
19,6.028590488247573,0.36205842044905334,0.37002578461561014,0.0,0.0,1.8949207063585727
