,times,train_loss,test_loss,train_acc,test_acc,eta
0,6.005373427644372,,,0.0,0.0,1.1359751190652072
1,5.874508345499635,,,0.0,0.0,1.1359751190652072
2,12.925607130862772,,,0.0,0.0,1.1359751190652072
3,19.47785375546664,,,0.0,0.0,1.1359751190652072
4,26.783072688616812,,,0.0,0.0,1.1359751190652072
5,13.408013170585036,,,0.0,0.0,1.1359751190652072
6,5.991592211648822,,,0.0,0.0,1.1359751190652072
7,12.780332031659782,,,0.0,0.0,1.1359751190652072
8,26.37911151908338,,,0.0,0.0,1.1359751190652072
9,26.421672014519572,,,0.0,0.0,1.1359751190652072
10,26.816196299158037,,,0.0,0.0,1.1359751190652072
11,6.0263312896713614,,,0.0,0.0,1.1359751190652072
12,13.227959704585373,,,0.0,0.0,1.1359751190652072
13,13.114262899383903,,,0.0,0.0,1.1359751190652072
14,6.171168101020157,,,0.0,0.0,1.1359751190652072
15,27.033299546688795,,,0.0,0.0,1.1359751190652072
16,13.169468314386904,,,0.0,0.0,1.1359751190652072
17,27.84483965486288,,,0.0,0.0,1.1359751190652072
18,27.858037658035755,,,0.0,0.0,1.1359751190652072
19,6.14041328523308,,,0.0,0.0,1.1359751190652072
