,times,train_loss,test_loss,train_acc,test_acc,eta
0,0.6708522969856858,0.1997952514101498,0.1913041188788284,0.0,0.0,0.16681005372000585
1,0.6367232906632125,0.19979287482348343,0.19127549802271848,0.0,0.0,0.16681005372000585
2,0.6335188681259751,0.19979050222746303,0.19127370137909103,0.0,0.0,0.16681005372000585
3,0.6373791471123695,0.19978812976687502,0.19127193674585954,0.0,0.0,0.16681005372000585
4,0.6313078626990318,0.19978575744055488,0.19127003688101146,0.0,0.0,0.16681005372000585
5,0.619906032923609,0.19978338525046477,0.19126824265931147,0.0,0.0,0.16681005372000585
6,0.6562843327410519,0.19978101319663527,0.19126646002552974,0.0,0.0,0.16681005372000585
7,0.5723933703266084,0.1997786412773579,0.1912646586971007,0.0,0.0,0.16681005372000585
8,0.5803600829094648,0.1997762694931486,0.19126278406379826,0.0,0.0,0.16681005372000585
9,0.5788419973105192,0.19977389784385477,0.1912610080220868,0.0,0.0,0.16681005372000585
10,0.5793261788785458,0.1997715263297316,0.19125919670496386,0.0,0.0,0.16681005372000585
11,0.5888221277855337,0.19976915495063816,0.19125740904705568,0.0,0.0,0.16681005372000585
12,0.6397877633571625,0.1997667837061779,0.19125557353539924,0.0,0.0,0.16681005372000585
13,0.6494340752251446,0.19976441259819153,0.19125376153138632,0.0,0.0,0.16681005372000585
14,0.6418254179880023,0.19976204162588138,0.19125196354674642,0.0,0.0,0.16681005372000585
15,0.6441478868946433,0.1997596707880037,0.19125014576714072,0.0,0.0,0.16681005372000585
16,0.621899567078799,0.19975730008422654,0.19124838080467987,0.0,0.0,0.16681005372000585
17,0.6294236881658435,0.19975492951537632,0.1912465763688438,0.0,0.0,0.16681005372000585
18,0.5717629040591419,0.19975255908154718,0.1912447947498765,0.0,0.0,0.16681005372000585
19,0.5703620789572597,0.19975018878474424,0.19124299872253084,0.0,0.0,0.16681005372000585
