,times,train_loss,test_loss,train_acc,test_acc,eta
0,0.6101415501907468,414707776.8798584,414724543.1552092,0.0,0.0,2.154434690031883
1,0.5582183855585754,2.788660969489291e+16,2.788834531388648e+16,0.0,0.0,2.154434690031883
2,0.5595125830732286,1.8745020673785386e+24,1.8746198549958272e+24,0.0,0.0,2.154434690031883
3,0.631360171828419,1.2601741368866406e+32,1.2602551297636168e+32,0.0,0.0,2.154434690031883
4,0.6025073667988181,8.460836553825813e+39,8.461350331144414e+39,0.0,0.0,2.154434690031883
5,0.6227335301227868,5.684878383532355e+47,5.685238277029184e+47,0.0,0.0,2.154434690031883
6,0.6373353861272335,3.8201905129532825e+55,3.8204261457367726e+55,0.0,0.0,2.154434690031883
7,0.5935131339356303,2.5669423018957853e+63,2.567099938468926e+63,0.0,0.0,2.154434690031883
8,0.5436124186962843,1.7239967749691115e+71,1.724104075320984e+71,0.0,0.0,2.154434690031883
9,0.5627719811163843,1.1582273541714343e+79,1.1582995054077142e+79,0.0,0.0,2.154434690031883
10,0.5780894388444722,7.785033499397837e+86,7.78553251635843e+86,0.0,0.0,2.154434690031883
11,0.6243918128311634,5.230249204865011e+94,5.230574415527521e+94,0.0,0.0,2.154434690031883
12,0.5812794198282063,3.5139383720250027e+102,3.5141538293936405e+102,0.0,0.0,2.154434690031883
13,0.5510547216981649,2.3598110308348015e+110,2.3599559407589135e+110,0.0,0.0,2.154434690031883
14,0.5921089956536889,1.585799704245802e+118,1.5858950152332062e+118,0.0,0.0,2.154434690031883
15,0.607648286037147,1.0652747594378998e+126,1.0653411670710185e+126,0.0,0.0,2.154434690031883
16,0.5993085619993508,7.151439665738293e+133,7.151886891899644e+133,0.0,0.0,2.154434690031883
17,0.5899398638866842,4.806199902375146e+141,4.8065065587663966e+141,0.0,0.0,2.154434690031883
18,0.6339387521147728,3.229349832757398e+149,3.2295507533386883e+149,0.0,0.0,2.154434690031883
19,0.5928766750730574,2.1691741553148476e+157,2.169306929826455e+157,0.0,0.0,2.154434690031883
