,times,train_loss,test_loss,train_acc,test_acc,eta
0,78.65083414921537,,,0.0,0.0,0.6809991926337755
1,160.97076331777498,,,0.0,0.0,0.6809991926337755
2,119.92036208417267,,,0.0,0.0,0.6809991926337755
3,79.19565236987546,,,0.0,0.0,0.6809991926337755
4,38.59333011787385,,,0.0,0.0,0.6809991926337755
5,79.23794977227226,,,0.0,0.0,0.6809991926337755
6,78.50553209893405,,,0.0,0.0,0.6809991926337755
7,80.04027571203187,,,0.0,0.0,0.6809991926337755
8,120.30271785939112,,,0.0,0.0,0.6809991926337755
9,78.22175279259682,,,0.0,0.0,0.6809991926337755
10,119.31030362611637,,,0.0,0.0,0.6809991926337755
11,79.12175382161513,,,0.0,0.0,0.6809991926337755
12,78.88924768473953,,,0.0,0.0,0.6809991926337755
13,85.45887462841347,,,0.0,0.0,0.6809991926337755
14,55.07531367475167,,,0.0,0.0,0.6809991926337755
15,42.58191944472492,,,0.0,0.0,0.6809991926337755
16,78.68397440807894,,,0.0,0.0,0.6809991926337755
17,87.8897521412,,,0.0,0.0,0.6809991926337755
18,79.28898485284299,,,0.0,0.0,0.6809991926337755
19,115.62133999587968,,,0.0,0.0,0.6809991926337755
