,times,train_loss,test_loss,train_acc,test_acc,eta
0,114.5018469132483,,,0.0,0.0,0.8795442791215591
1,192.02292337082326,,,0.0,0.0,0.8795442791215591
2,35.95161454984918,,,0.0,0.0,0.8795442791215591
3,127.54599792417139,,,0.0,0.0,0.8795442791215591
4,102.36269171908498,,,0.0,0.0,0.8795442791215591
5,45.99155647819862,,,0.0,0.0,0.8795442791215591
6,164.29653603816405,,,0.0,0.0,0.8795442791215591
7,80.5072037819773,,,0.0,0.0,0.8795442791215591
8,118.79789757775143,,,0.0,0.0,0.8795442791215591
9,78.19388271309435,,,0.0,0.0,0.8795442791215591
10,77.804575196933,,,0.0,0.0,0.8795442791215591
11,37.489854926709086,,,0.0,0.0,0.8795442791215591
12,78.47221107687801,,,0.0,0.0,0.8795442791215591
13,79.21412246022373,,,0.0,0.0,0.8795442791215591
14,120.28005705261603,,,0.0,0.0,0.8795442791215591
15,37.915684569161385,,,0.0,0.0,0.8795442791215591
16,76.09650459792465,,,0.0,0.0,0.8795442791215591
17,158.62232530396432,,,0.0,0.0,0.8795442791215591
18,79.68980371113867,,,0.0,0.0,0.8795442791215591
19,79.45484828110784,,,0.0,0.0,0.8795442791215591
