,times,train_loss,test_loss,train_acc,test_acc,eta
0,75.16466893767938,151.2059620226378,152.55669035765547,0.0,0.0,1.8949207063585727
1,37.60587039915845,79.52451332525219,77.74356199546202,0.0,0.0,1.8949207063585727
2,37.95767297782004,64.19069751947441,63.12267985216475,0.0,0.0,1.8949207063585727
3,37.9198106918484,64.51400258462508,63.624495030021734,0.0,0.0,1.8949207063585727
4,77.82893063081428,57.71216520993817,58.04900512087756,0.0,0.0,1.8949207063585727
5,78.22178403660655,57.36630946593482,57.83772038732487,0.0,0.0,1.8949207063585727
6,36.50887042609975,55.578994742191,55.93591388256845,0.0,0.0,1.8949207063585727
7,36.84748665196821,54.71738832120468,54.97009700631246,0.0,0.0,1.8949207063585727
8,78.46854287898168,53.924728591228316,54.16149565516103,0.0,0.0,1.8949207063585727
9,78.78992386115715,53.55176103972167,53.80468771249773,0.0,0.0,1.8949207063585727
10,160.5298369708471,52.89128412508775,53.143443426270544,0.0,0.0,1.8949207063585727
11,78.18130040122196,52.55324984598159,52.82371324442176,0.0,0.0,1.8949207063585727
12,38.33000479778275,52.32779189721453,52.610006859779816,0.0,0.0,1.8949207063585727
13,78.68586330395192,51.81408368256945,52.11971393658863,0.0,0.0,1.8949207063585727
14,38.439328810200095,51.722773050230785,52.033407642453305,0.0,0.0,1.8949207063585727
15,38.695159268565476,51.64491025417819,51.9681028331584,0.0,0.0,1.8949207063585727
16,38.051264175679535,51.57540178499435,51.89350267517698,0.0,0.0,1.8949207063585727
17,38.874579295981675,51.51357922846291,51.841068793406166,0.0,0.0,1.8949207063585727
18,242.7732504857704,51.125220136659394,51.5087535014444,0.0,0.0,1.8949207063585727
19,37.396581549197435,51.02472425022877,51.41164074499186,0.0,0.0,1.8949207063585727
