,times,train_loss,test_loss,train_acc,test_acc,eta
0,37.00194055959582,,,0.0,0.0,0.6666666666666666
1,75.8106525093317,,,0.0,0.0,0.6666666666666666
2,35.73751182295382,,,0.0,0.0,0.6666666666666666
3,75.21934584993869,,,0.0,0.0,0.6666666666666666
4,154.395803835243,,,0.0,0.0,0.6666666666666666
5,35.85892229387537,,,0.0,0.0,0.6666666666666666
6,36.80082825478166,,,0.0,0.0,0.6666666666666666
7,116.66432028170675,,,0.0,0.0,0.6666666666666666
8,120.31145301181823,,,0.0,0.0,0.6666666666666666
9,80.79470381513238,,,0.0,0.0,0.6666666666666666
10,201.4621025850065,,,0.0,0.0,0.6666666666666666
11,119.0301305949688,,,0.0,0.0,0.6666666666666666
12,38.02415304677561,,,0.0,0.0,0.6666666666666666
13,79.18815091997385,,,0.0,0.0,0.6666666666666666
14,79.0545260803774,,,0.0,0.0,0.6666666666666666
15,78.8008788540028,,,0.0,0.0,0.6666666666666666
16,37.850620781071484,,,0.0,0.0,0.6666666666666666
17,160.55424831388518,,,0.0,0.0,0.6666666666666666
18,119.3954024547711,,,0.0,0.0,0.6666666666666666
19,79.20275081507862,,,0.0,0.0,0.6666666666666666
