,times,train_loss,test_loss,train_acc,test_acc,eta
0,0.7761030411347747,0.6371393256044887,0.6369379259047859,79.79324770515325,80.11340063614992,0.0861773876012753
1,1.0621797912754118,0.10891566118560844,0.11649273711384157,96.93386577235351,96.22458857696031,0.0861773876012753
2,1.1566887563094497,0.03620485237992523,0.07107533250836293,99.15870024950875,97.28253353616374,0.0861773876012753
3,1.2462336109019816,0.019045275929387075,0.07789224801708872,99.62832990474874,97.33093624671552,0.0861773876012753
4,1.3611439089290798,0.015662565031828977,0.08575220746883384,99.76374459061547,97.26178951735582,0.0861773876012753
5,1.3735572108998895,0.014533187415672251,0.08937198868060293,99.80292841461096,97.16498409625224,0.0861773876012753
6,1.454327697865665,0.013727055184961617,0.08736056709096458,99.82309655931451,97.19264278799612,0.0861773876012753
7,1.5711713512428105,0.01326327119060982,0.08708114466300867,99.83462121343084,97.17881344212418,0.0861773876012753
8,1.6777773657813668,0.012954676436897888,0.08676254460166352,99.8478745656646,97.18572811506016,0.0861773876012753
9,1.7632361468859017,0.012775558730139802,0.08834127806156299,99.86112791789836,97.10275203982852,0.0861773876012753
10,1.8563382839784026,0.012687463550644075,0.08828998385240831,99.87207633930886,97.1096667127645,0.0861773876012753
11,1.8592089121229947,0.012635857485926851,0.08782797214336453,99.87783866636703,97.12349605863642,0.0861773876012753
12,1.8650879277847707,0.01259094278080684,0.08774510681865162,99.88244852801355,97.11658138570046,0.0861773876012753
13,1.8683480489999056,0.012572495967834354,0.08782516876689633,99.88648215695426,97.09583736689254,0.0861773876012753
14,1.8625369830988348,0.01255992887314993,0.08764558656492934,99.88878708777753,97.1096667127645,0.0861773876012753
15,1.8584111309610307,0.012551209906960476,0.08774297254262352,99.88821085507172,97.1096667127645,0.0861773876012753
16,1.8682093280367553,0.012578952989767226,0.08772809124733476,99.88071982989611,97.10275203982852,0.0861773876012753
17,1.8737277807667851,0.012557917851394016,0.08786648244620049,99.88648215695426,97.12349605863642,0.0861773876012753
18,1.889019216876477,0.012545295095152315,0.08781735309865332,99.88936332048334,97.11658138570046,0.0861773876012753
19,1.867392033804208,0.012551431722963032,0.0877032359743132,99.88360099342519,97.10275203982852,0.0861773876012753
