,times,train_loss,test_loss,train_acc,test_acc,eta
0,0.8191451579332352,0.6760850658591858,0.6760269695803196,78.61427558905388,78.75812474069977,0.023979370012757645
1,1.0631560059264302,0.16446437270732317,0.16677146018143474,95.22014970525697,95.07675286958927,0.023979370012757645
2,1.1582091976888478,0.06886841577282979,0.0846109672783053,98.00623483787693,96.93679988936523,0.023979370012757645
3,1.2468113182112575,0.04004234004445986,0.0720869398868189,98.8884471104811,97.23413082561194,0.023979370012757645
4,1.3314076480455697,0.026537565555754372,0.07697967355855354,99.33157006125353,97.29636288203568,0.023979370012757645
5,1.412640426773578,0.020651659033052144,0.08320420707356617,99.57819765934275,97.28253353616374,0.023979370012757645
6,1.4745382452383637,0.017648930300035632,0.08764008090240813,99.69459666591756,97.24104549854792,0.023979370012757645
7,1.5919232065789402,0.016355929781590693,0.08913983624532522,99.74069528238283,97.24104549854792,0.023979370012757645
8,1.7064769393764436,0.01536749530076742,0.08845208150283396,99.78103157178995,97.31019222790762,0.023979370012757645
9,1.80612089112401,0.014920726859588819,0.0890349269336125,99.79313245861209,97.2687041902918,0.023979370012757645
10,1.888115509878844,0.014437096619949071,0.08858541963929596,99.7977423202586,97.27561886322776,0.023979370012757645
11,1.8766808081418276,0.014162626161212558,0.08814061841922517,99.81157190519819,97.26178951735582,0.023979370012757645
12,1.8726637260988355,0.013960674159667782,0.08750552692327614,99.8225203266087,97.24104549854792,0.023979370012757645
13,1.8696143790148199,0.013655903921833489,0.08745414726832812,99.83001135178431,97.1995574609321,0.023979370012757645
14,1.8689592382870615,0.013406689124879674,0.08727533276727549,99.83174004990175,97.17189876918822,0.023979370012757645
15,1.8827474159188569,0.01323434890125084,0.08799252434022152,99.8444171694297,97.1511547503803,0.023979370012757645
16,1.8647910910658538,0.013090058523926553,0.08780350063711731,99.84326470401807,97.18572811506016,0.023979370012757645
17,1.866149831097573,0.012961290040403878,0.0882532531554542,99.85421312542857,97.19264278799612,0.023979370012757645
18,1.8918689372949302,0.012877828047122699,0.08814656614569209,99.86055168519255,97.18572811506016,0.023979370012757645
19,1.8899748818948865,0.01283657508332343,0.0880674445746111,99.86400908142744,97.17189876918822,0.023979370012757645
