,times,train_loss,test_loss,train_acc,test_acc,eta
0,4.155188770033419,0.4176131983468999,0.4240297049838785,0.0,0.0,4.08248290463863
1,4.170021257828921,0.3930179070039302,0.39903697924748754,0.0,0.0,4.08248290463863
2,4.138859944883734,0.3840240315271146,0.38946762029481646,0.0,0.0,4.08248290463863
3,1.8127027368173003,0.38087844559880496,0.3864146766147255,0.0,0.0,4.08248290463863
4,4.142377772368491,0.3765937677418029,0.3816345234747499,0.0,0.0,4.08248290463863
5,1.809080583974719,0.37545949111154514,0.3805429224341707,0.0,0.0,4.08248290463863
6,1.8010413101874292,0.3749103484096923,0.3800352245572328,0.0,0.0,4.08248290463863
7,1.8132386524230242,0.3744984421694635,0.37965204330075786,0.0,0.0,4.08248290463863
8,6.514391676988453,0.37465864628277556,0.379217720552244,0.0,0.0,4.08248290463863
9,6.661711159162223,0.3764021767555628,0.3806441083879797,0.0,0.0,4.08248290463863
10,1.9005587110295892,0.3746738494473669,0.379027514587528,0.0,0.0,4.08248290463863
11,1.9322219179011881,0.37335595483363765,0.3778008466264616,0.0,0.0,4.08248290463863
12,1.9305743677541614,0.3723386581844174,0.37687623253251584,0.0,0.0,4.08248290463863
13,4.303627741988748,0.36978924812705005,0.3745364153142499,0.0,0.0,4.08248290463863
14,4.288179039955139,0.3685376444559583,0.37346529371251064,0.0,0.0,4.08248290463863
15,1.932153282687068,0.36832902673728174,0.3732856785234374,0.0,0.0,4.08248290463863
16,6.6514205718412995,0.36771307171868994,0.3729408475082359,0.0,0.0,4.08248290463863
17,4.2953459322452545,0.3676708543379776,0.3729489321647118,0.0,0.0,4.08248290463863
18,13.691927638370544,0.36741490002099947,0.372731741070996,0.0,0.0,4.08248290463863
19,1.9301240528002381,0.36698771283218334,0.3722837493361438,0.0,0.0,4.08248290463863
