,times,train_loss,test_loss,train_acc,test_acc,eta
0,0.5944102252833545,5.643085686667911,6.644112560422118,0.0,0.0,0.001
1,0.5948726190254092,4.9985641751725325,5.937920723765456,0.0,0.0,0.001
2,0.5575099340640008,4.430358039430741,5.311812617286321,0.0,0.0,0.001
3,0.6406244402751327,3.9294315710801024,4.756522191865653,0.0,0.0,0.001
4,0.7167787617072463,3.487818126657333,4.263866475023179,0.0,0.0,0.001
5,0.8277163789607584,3.098494737293868,3.8266194487364427,0.0,0.0,0.001
6,0.7154240207746625,2.7552696028539616,3.4383986372465665,0.0,0.0,0.001
7,0.6449854080565274,2.452684604403473,3.0935669806493715,0.0,0.0,0.001
8,0.6402439470402896,2.185927790360696,2.7871445224624125,0.0,0.0,0.001
9,0.5769828357733786,1.9507567680915538,2.514731110905489,0.0,0.0,0.001
10,0.5614400538615882,1.7434315341899225,2.2724386410705533,0.0,0.0,0.001
11,0.638189610093832,1.5606550220056556,2.0568310182736296,0.0,0.0,0.001
12,0.570042158011347,1.399520405837741,1.864870862849508,0.0,0.0,0.001
13,0.6209824029356241,1.2574651695211896,1.6938731098658992,0.0,0.0,0.001
14,0.6116219349205494,1.1322302607578791,1.541463662091842,0.0,0.0,0.001
15,0.5944542177021503,1.0218239975683734,1.4055428016679112,0.0,0.0,0.001
16,0.5676285489462316,0.9244905972752012,1.2842533307531747,0.0,0.0,0.001
17,0.5760292052291334,0.8386820837793053,1.1759520346392676,0.0,0.0,0.001
18,0.5743548609316349,0.7630338771007809,1.0791849435572576,0.0,0.0,0.001
19,0.6408799630589783,0.696342923449169,0.9926650648394343,0.0,0.0,0.001
