,times,train_loss,test_loss,train_acc,test_acc,eta
0,23.438902306370437,3584.4734376058723,3435.7455164080507,0.0,0.0,0.021544346900318825
1,22.99854341521859,2924.555567088603,2807.573941296269,0.0,0.0,0.021544346900318825
2,23.545961481984705,2091.1962592204486,2016.1570807812711,0.0,0.0,0.021544346900318825
3,26.233609201852232,164.1962030482256,157.04155426201643,0.0,0.0,0.021544346900318825
4,23.131014897022396,84.95106849234712,81.03700889973828,0.0,0.0,0.021544346900318825
5,23.79296826897189,61.06720870631749,59.48943525429067,0.0,0.0,0.021544346900318825
6,24.22403954807669,56.02604643865138,55.15417889595711,0.0,0.0,0.021544346900318825
7,24.983942423015833,52.99144192251638,52.563243720298985,0.0,0.0,0.021544346900318825
8,25.393544394988567,51.514365608692245,51.413660971452835,0.0,0.0,0.021544346900318825
9,24.5206638132222,50.83613389459565,50.94659488700044,0.0,0.0,0.021544346900318825
10,23.97628589021042,50.43246451643971,50.66704753334974,0.0,0.0,0.021544346900318825
11,23.786134904250503,50.19809507547025,50.48073870722771,0.0,0.0,0.021544346900318825
12,25.061237916816026,,,0.0,0.0,0.021544346900318825
13,25.49256861070171,,,0.0,0.0,0.021544346900318825
14,25.3910913602449,,,0.0,0.0,0.021544346900318825
15,25.61639697710052,,,0.0,0.0,0.021544346900318825
16,25.20216295029968,,,0.0,0.0,0.021544346900318825
17,24.72541882004589,,,0.0,0.0,0.021544346900318825
18,24.41655871272087,,,0.0,0.0,0.021544346900318825
19,24.613805777858943,,,0.0,0.0,0.021544346900318825
