,times,train_loss,test_loss,train_acc,test_acc,eta
0,23.67091796686873,1008902.6023132377,1008292.7548787763,0.0,0.0,0.00046415888336127784
1,23.25652518076822,189185.79704203506,188415.27412379906,0.0,0.0,0.00046415888336127784
2,24.008435172960162,38365.812747822136,37865.77605525545,0.0,0.0,0.00046415888336127784
3,23.904603245202452,10237.170825581808,9914.266279464864,0.0,0.0,0.00046415888336127784
4,24.52588182874024,5025.476089540165,4790.273121932044,0.0,0.0,0.00046415888336127784
5,24.917666083667427,4036.8634649875926,3842.4383033017552,0.0,0.0,0.00046415888336127784
6,25.069408523850143,3831.392025649238,3655.9970073967766,0.0,0.0,0.00046415888336127784
7,24.327797923237085,3770.2985264044974,3604.777839523321,0.0,0.0,0.00046415888336127784
8,24.256469578947872,3732.9339980903187,3574.2784580730718,0.0,0.0,0.00046415888336127784
9,27.88288650289178,3684.206986787768,3533.6285264140383,0.0,0.0,0.00046415888336127784
10,24.262591743841767,3590.2579337671036,3453.1829251396107,0.0,0.0,0.00046415888336127784
11,26.035619924776256,3419.0663383479,3303.1765862537127,0.0,0.0,0.00046415888336127784
12,24.27213764563203,3150.316333962556,3061.8658425425297,0.0,0.0,0.00046415888336127784
13,23.835148919839412,2772.6344457743203,2713.9170512259498,0.0,0.0,0.00046415888336127784
14,24.937570540234447,2306.1631801940507,2273.1728650239006,0.0,0.0,0.00046415888336127784
15,24.593358058016747,1612.333974319672,1600.251005447659,0.0,0.0,0.00046415888336127784
16,24.358689369168133,844.5361605954059,834.208701357216,0.0,0.0,0.00046415888336127784
17,24.37268648017198,501.3265207491264,492.4140238008216,0.0,0.0,0.00046415888336127784
18,24.721955833025277,388.434298352534,380.6373841447404,0.0,0.0,0.00046415888336127784
19,25.95702600106597,354.5117779240437,347.5688568065829,0.0,0.0,0.00046415888336127784
