,times,train_loss,test_loss,train_acc,test_acc,eta
0,4.565245219971985,0.48268762470257337,0.4926019616946648,0.0,0.0,0.04641588833612778
1,4.541023949161172,0.4704839506143412,0.4800764845899243,0.0,0.0,0.04641588833612778
2,4.501352076884359,0.46137292265450164,0.470712594825393,0.0,0.0,0.04641588833612778
3,4.614976717159152,0.4542342380335043,0.4633734297336778,0.0,0.0,0.04641588833612778
4,4.5713725462555885,0.44842919799477304,0.45739880081174233,0.0,0.0,0.04641588833612778
5,4.495185385923833,0.44356738434541526,0.4523958758111063,0.0,0.0,0.04641588833612778
6,4.549328850116581,0.43940526095331206,0.4481070590110993,0.0,0.0,0.04641588833612778
7,4.453471604734659,0.43578112983625933,0.44437468965583077,0.0,0.0,0.04641588833612778
8,4.466915606986731,0.432583395092373,0.4410774436905972,0.0,0.0,0.04641588833612778
9,4.434228372760117,0.4297319270960634,0.4381337873626828,0.0,0.0,0.04641588833612778
10,4.463969415985048,0.4271672812631454,0.4354852814905813,0.0,0.0,0.04641588833612778
11,4.520982646849006,0.424844262582701,0.43308346720946667,0.0,0.0,0.04641588833612778
12,4.496198281645775,0.4227267827837173,0.43089226994696755,0.0,0.0,0.04641588833612778
13,4.438770296052098,0.4207864997420872,0.42888209478844386,0.0,0.0,0.04641588833612778
14,4.478881953284144,0.41900000692324685,0.427029412555651,0.0,0.0,0.04641588833612778
15,4.423190917819738,0.4173481681045048,0.4253142359486275,0.0,0.0,0.04641588833612778
16,4.536083790939301,0.4158147687123034,0.4237205743160018,0.0,0.0,0.04641588833612778
17,4.525776561815292,0.4143863619212866,0.4222343638475592,0.0,0.0,0.04641588833612778
18,4.478001933079213,0.4130513682283829,0.4208434714282627,0.0,0.0,0.04641588833612778
19,4.4785079709254205,0.4117999369886461,0.4195377940329992,0.0,0.0,0.04641588833612778
