,times,train_loss,test_loss,train_acc,test_acc,eta
0,0.7514159521088004,0.3438519689815541,0.3360102674155204,90.24285714285715,90.49955834723721,2.0476975279865255
1,1.1116141290403903,0.3196575412996596,0.313938523038398,90.24285714285715,90.49955834723721,2.0476975279865255
2,1.094170139171183,0.3196128276527989,0.3138883324944496,90.24285714285715,90.49955834723721,2.0476975279865255
3,0.7265942296944559,0.3195752758422437,0.31384629471019754,90.24285714285715,90.49955834723721,2.0476975279865255
4,0.7411024202592671,0.3195352520390423,0.31380143657971177,90.24285714285715,90.49955834723721,2.0476975279865255
5,0.3928960897028446,0.3195219356074584,0.31378652208372054,90.24285714285715,90.49955834723721,2.0476975279865255
6,0.8480921979062259,0.3194709890049301,0.31372946419365355,90.24285714285715,90.49955834723721,2.0476975279865255
7,0.8656212040223181,0.31942119771990835,0.31367366424197946,90.24285714285715,90.49955834723721,2.0476975279865255
8,0.8877427116967738,0.31936944003549617,0.313615638557072,90.24285714285715,90.49955834723721,2.0476975279865255
9,1.5561962691135705,0.31926390472833677,0.31349726289768787,90.24285714285715,90.49955834723721,2.0476975279865255
10,1.0304694310761988,0.319206631424963,0.3134330149519432,90.24285714285715,90.49955834723721,2.0476975279865255
11,0.4613628308288753,0.31919342130217243,0.3134182058727713,90.24285714285715,90.49955834723721,2.0476975279865255
12,0.5143545009195805,0.3191802186248254,0.31340336756689624,90.24285714285715,90.49955834723721,2.0476975279865255
13,0.45634082891047,0.31916702338074293,0.3133885820588408,90.24285714285715,90.49955834723721,2.0476975279865255
14,0.7364659560844302,0.3191014687272036,0.3133149876214744,90.24285714285715,90.49955834723721,2.0476975279865255
15,0.9836085787974298,0.31899148551276985,0.3131914198844706,90.24285714285715,90.49955834723721,2.0476975279865255
16,0.9817826780490577,0.31890752971351316,0.3130971220925091,90.24285714285715,90.49955834723721,2.0476975279865255
17,0.6751502328552306,0.3188646309538194,0.313048883895422,90.24285714285715,90.49955834723721,2.0476975279865255
18,0.3650546590797603,0.31885153381667697,0.31303415433926945,90.24285714285715,90.49955834723721,2.0476975279865255
19,0.9851529481820762,0.318760979354905,0.31293232086507583,90.24285714285715,90.49955834723721,2.0476975279865255
