,times,train_loss,test_loss,train_acc,test_acc,eta
0,0.7560201128944755,0.3196123318898416,0.3138874474531015,90.24285714285715,90.49955834723721,0.7335841422469557
1,0.7531869490630925,0.31949333948032455,0.31375416353963437,90.24285714285715,90.49955834723721,0.7335841422469557
2,1.0833686720579863,0.319359249198664,0.31360399413165735,90.24285714285715,90.49955834723721,0.7335841422469557
3,0.7250367137603462,0.3192238423805045,0.3134519463782284,90.24285714285715,90.49955834723721,0.7335841422469557
4,0.4050034531392157,0.31915240776029097,0.31337202298896494,90.24285714285715,90.49955834723721,0.7335841422469557
5,0.4051553257741034,0.31908113091364004,0.3132919931489887,90.24285714285715,90.49955834723721,0.7335841422469557
6,0.5435920800082386,0.31901001539378926,0.31321116532278703,90.24285714285715,90.49955834723721,0.7335841422469557
7,0.7007315340451896,0.31875426935600304,0.31292407383144855,90.24285714285715,90.49955834723721,0.7335841422469557
8,0.7210986129939556,0.318552124660526,0.3126973565895082,90.24285714285715,90.49955834723721,0.7335841422469557
9,0.6975708859972656,0.31836345982262637,0.312484170607707,90.24285714285715,90.49955834723721,0.7335841422469557
10,0.4011615067720413,0.31829353414705963,0.3124060314574392,90.24285714285715,90.49955834723721,0.7335841422469557
11,0.7100840508937836,0.31808804472557367,0.31217345512659295,90.24285714285715,90.49955834723721,0.7335841422469557
12,0.39525977382436395,0.31801860074103916,0.3120958579574595,90.24285714285715,90.49955834723721,0.7335841422469557
13,0.39400860480964184,0.31794930698275853,0.31201743645484364,90.24285714285715,90.49955834723721,0.7335841422469557
14,0.3929139501415193,0.3178801659406259,0.31193956480690405,90.24285714285715,90.49955834723721,0.7335841422469557
15,0.3903880058787763,0.3178111734395245,0.31186066896180664,90.24285714285715,90.49955834723721,0.7335841422469557
16,0.7017528908327222,0.3175014900243566,0.31151101143836335,90.24285714285715,90.49955834723721,0.7335841422469557
17,1.3349242126569152,0.31714577538745486,0.3111076945583719,90.24285714285715,90.49955834723721,0.7335841422469557
18,0.9802579372189939,0.31697628930992927,0.3109152401906006,90.24285714285715,90.49955834723721,0.7335841422469557
19,1.290192964952439,0.3168272172108638,0.31074601261798346,90.24285714285715,90.49955834723721,0.7335841422469557
