,times,train_loss,test_loss,train_acc,test_acc,eta
0,0.679788189008832,0.3196639848182786,0.3139451678692897,90.24285714285715,90.49955834723721,1.2236921017635911
1,0.6938683670014143,0.31960800190753336,0.31388261223626246,90.24285714285715,90.49955834723721,1.2236921017635911
2,0.37703262316063046,0.3195759550547766,0.3138467442295918,90.24285714285715,90.49955834723721,1.2236921017635911
3,0.6954113529063761,0.31949431220525826,0.31375528673370096,90.24285714285715,90.49955834723721,1.2236921017635911
4,0.7028833976946771,0.3193960134329797,0.31364508088396614,90.24285714285715,90.49955834723721,1.2236921017635911
5,0.6982110058888793,0.3192979115658261,0.31353507140349823,90.24285714285715,90.49955834723721,1.2236921017635911
6,0.7059703362174332,0.3192055747618679,0.3134314916989435,90.24285714285715,90.49955834723721,1.2236921017635911
7,0.368561077862978,0.3191738514023877,0.3133959360760318,90.24285714285715,90.49955834723721,1.2236921017635911
8,0.48487452883273363,0.31914216361578757,0.313360420861015,90.24285714285715,90.49955834723721,1.2236921017635911
9,1.3500739107839763,0.3189073137710744,0.31309648811927593,90.24285714285715,90.49955834723721,1.2236921017635911
10,0.6840820470824838,0.3188323004585126,0.31301222523892824,90.24285714285715,90.49955834723721,1.2236921017635911
11,0.7034063669852912,0.3187443583591085,0.3129133464710822,90.24285714285715,90.49955834723721,1.2236921017635911
12,1.3392924591898918,0.3186077181026942,0.3127595480725215,90.24285714285715,90.49955834723721,1.2236921017635911
13,0.3933733431622386,0.31857644581817723,0.3127243335875585,90.24285714285715,90.49955834723721,1.2236921017635911
14,1.330267462413758,0.31842827640381194,0.312557437271006,90.24285714285715,90.49955834723721,1.2236921017635911
15,0.39210786717012525,0.31839676156032515,0.3125219278419438,90.24285714285715,90.49955834723721,1.2236921017635911
16,1.030074859969318,0.31827382530882625,0.31238332764915505,90.24285714285715,90.49955834723721,1.2236921017635911
17,0.7136207800358534,0.318206378528691,0.31230734014100714,90.24285714285715,90.49955834723721,1.2236921017635911
18,0.39429697999730706,0.31817542171445606,0.3122723074415284,90.24285714285715,90.49955834723721,1.2236921017635911
19,0.3755725040100515,0.318144499369333,0.3122376364290415,90.24285714285715,90.49955834723721,1.2236921017635911
