,times,train_loss,test_loss,train_acc,test_acc,eta
0,0.4498183522373438,2.1291293751726177,2.0729076915566202,90.24285714285715,90.49955834723721,0.6666666666666666
1,0.7914629592560232,2.598725890217406,2.5299344442980245,90.24285714285715,90.49955834723721,0.6666666666666666
2,0.4537789081223309,1.5588849768575062,1.5174817819234732,90.24285714285715,90.49955834723721,0.6666666666666666
3,0.7881915848702192,1.7869021812059855,1.7919486585419144,9.757142857142853,9.500441652762788,0.6666666666666666
4,0.7905278191901743,2.589237993224944,2.520032096984579,90.24285714285715,90.49955834723721,0.6666666666666666
5,1.1471886169165373,0.35403532213216565,0.34457848399946006,90.24285714285715,90.49955834723721,0.6666666666666666
6,0.45266964891925454,5.201406682176387,5.062691834732046,90.24285714285715,90.49955834723721,0.6666666666666666
7,0.7357027428224683,0.6782027939648028,0.6784735498495297,73.13428571428571,71.74839969029782,0.6666666666666666
8,0.7494790898635983,6.079282618340358,5.916919159923739,90.24285714285715,90.49955834723721,0.6666666666666666
9,0.7504296600818634,1.6076473377991338,1.5634896636963482,90.24285714285715,90.49955834723721,0.6666666666666666
10,0.4135641320608556,4.074297754662662,3.9649138806989948,90.24285714285715,90.49955834723721,0.6666666666666666
11,0.7783260359428823,2.971356301584168,2.89094424107563,90.24285714285715,90.49955834723721,0.6666666666666666
12,0.7462992598302662,2.016648085214052,2.0202390288401624,9.757142857142853,9.500441652762788,0.6666666666666666
13,0.9548214212991297,2.350991906949098,2.2865857148092448,90.24285714285715,90.49955834723721,0.6666666666666666
14,0.379720120690763,0.4044801156911448,0.39176282131239704,90.24285714285715,90.49955834723721,0.6666666666666666
15,0.6930488320067525,4.1300195140880644,4.01835228043805,90.24285714285715,90.49955834723721,0.6666666666666666
16,0.3719101268798113,0.8115385793169849,0.7874615182433871,90.24285714285715,90.49955834723721,0.6666666666666666
17,0.7142164530232549,0.5197356413337028,0.5154026639827175,90.40857142857143,90.58134589590081,0.6666666666666666
18,0.6985703948885202,1.0113773533272434,0.9815494491977687,90.24285714285715,90.49955834723721,0.6666666666666666
19,0.6943390630185604,0.39373915286903916,0.38045625918933496,90.24285714285715,90.49955834723721,0.6666666666666666
