,times,train_loss,test_loss,train_acc,test_acc,eta
0,0.39947990188375115,0.31970096819555943,0.3139867964000795,90.24285714285715,90.49955834723721,2.041241452319315
1,0.3908968041650951,0.3196875234559761,0.31397172166131104,90.24285714285715,90.49955834723721,2.041241452319315
2,0.6876330110244453,0.31965123793638966,0.31393108634463623,90.24285714285715,90.49955834723721,2.041241452319315
3,0.5807140218093991,0.31961131881198823,0.31388640895014147,90.24285714285715,90.49955834723721,2.041241452319315
4,0.616113870870322,0.31956296420421315,0.31383222377541237,90.24285714285715,90.49955834723721,2.041241452319315
5,0.3388995439745486,0.3195495665598986,0.3138171858489787,90.24285714285715,90.49955834723721,2.041241452319315
6,0.676148178987205,0.3194873906837354,0.3137475761228438,90.24285714285715,90.49955834723721,2.041241452319315
7,0.34932720521464944,0.31947402029769495,0.31373256892786316,90.24285714285715,90.49955834723721,2.041241452319315
8,0.6776000941172242,0.31941222874629377,0.3136633262670345,90.24285714285715,90.49955834723721,2.041241452319315
9,0.6780518079176545,0.31934456917235776,0.3135874195998254,90.24285714285715,90.49955834723721,2.041241452319315
10,1.0191497742198408,0.31924483365855083,0.3134755317248839,90.24285714285715,90.49955834723721,2.041241452319315
11,0.39737792080268264,0.3192315403889481,0.3134606361500777,90.24285714285715,90.49955834723721,2.041241452319315
12,0.3659657286480069,0.31921825465746123,0.3134457137708955,90.24285714285715,90.49955834723721,2.041241452319315
13,0.37021658197045326,0.3192049764359987,0.31343083815245365,90.24285714285715,90.49955834723721,2.041241452319315
14,0.9599697352387011,0.31907766532032295,0.3132879245951677,90.24285714285715,90.49955834723721,2.041241452319315
15,0.3584393849596381,0.31906443024420605,0.31327302910374255,90.24285714285715,90.49955834723721,2.041241452319315
16,0.3560684700496495,0.3190512026391487,0.3132581934850248,90.24285714285715,90.49955834723721,2.041241452319315
17,0.33649912010878325,0.3190379825233247,0.31324332730192944,90.24285714285715,90.49955834723721,2.041241452319315
18,0.6578755090013146,0.31894484838195936,0.31313870831471385,90.24285714285715,90.49955834723721,2.041241452319315
19,1.023963192012161,0.31881536677139405,0.3129931631295334,90.24285714285715,90.49955834723721,2.041241452319315
