,times,train_loss,test_loss,train_acc,test_acc,eta
0,0.47200985020026565,0.34260355040471313,0.33857024529166185,90.24285714285715,90.49955834723721,0.6666666666666666
1,0.8438361282460392,0.34292296740390843,0.33887877249055337,90.24285714285715,90.49955834723721,0.6666666666666666
2,0.939358978997916,0.39565114130454393,0.38560947650409266,90.24285714285715,90.49955834723721,0.6666666666666666
3,0.836110127158463,0.3390526317334777,0.3348298762645619,90.24285714285715,90.49955834723721,0.6666666666666666
4,0.46492294408380985,0.3812256808233613,0.37160060788973787,90.24285714285715,90.49955834723721,0.6666666666666666
5,1.0292797000147402,0.3385616598194069,0.33428132304784647,90.24285714285715,90.49955834723721,0.6666666666666666
6,1.131472875829786,0.37194499193925845,0.36247045730584876,90.24285714285715,90.49955834723721,0.6666666666666666
7,0.7967767752707005,0.3922103920995256,0.38195208516839696,90.24285714285715,90.49955834723721,0.6666666666666666
8,1.4719739849679172,0.3343546459600823,0.3297876229937761,90.24285714285715,90.49955834723721,0.6666666666666666
9,0.4597380496561527,0.38066308266895943,0.3707008667276747,90.24285714285715,90.49955834723721,0.6666666666666666
10,0.4523918447084725,0.3364439088320985,0.33192189990030146,90.24285714285715,90.49955834723721,0.6666666666666666
11,0.4570902236737311,0.3826190787604179,0.3725269092028687,90.24285714285715,90.49955834723721,0.6666666666666666
12,0.456167948897928,0.3371746030885159,0.33264649698975046,90.24285714285715,90.49955834723721,0.6666666666666666
13,0.7720911530777812,0.3708980673977416,0.3610822204802315,90.24285714285715,90.49955834723721,0.6666666666666666
14,0.7835701261647046,0.3724901511947667,0.3625281995270716,90.24285714285715,90.49955834723721,0.6666666666666666
15,0.4962571943178773,0.3381054475769653,0.3334672152764935,90.24285714285715,90.49955834723721,0.6666666666666666
16,1.1107333512045443,0.37491314977638424,0.36469005487740863,90.24285714285715,90.49955834723721,0.6666666666666666
17,0.4611532366834581,0.33736074865506355,0.33261839619121664,90.24285714285715,90.49955834723721,0.6666666666666666
18,0.8002411820925772,0.3650630186109821,0.35509084073227637,90.24285714285715,90.49955834723721,0.6666666666666666
19,0.7918577482923865,0.37882195751838715,0.36826587491773494,90.24285714285715,90.49955834723721,0.6666666666666666
