,times,train_loss,test_loss,train_acc,test_acc,eta
0,0.7850978537462652,0.31955163330745734,0.31382029340352374,90.24285714285715,90.49955834723721,0.6666666666666666
1,1.0963120968081057,0.31935751297971926,0.31360273096118646,90.24285714285715,90.49955834723721,0.6666666666666666
2,0.4209852279163897,0.31924347548956317,0.3134752218085721,90.24285714285715,90.49955834723721,0.6666666666666666
3,0.4165219939313829,0.3191298394129616,0.31334615406014377,90.24285714285715,90.49955834723721,0.6666666666666666
4,0.42280778009444475,0.3190165782584413,0.31322034970264656,90.24285714285715,90.49955834723721,0.6666666666666666
5,0.42156153079122305,0.318903728580484,0.31309472295559065,90.24285714285715,90.49955834723721,0.6666666666666666
6,0.4047663537785411,0.3187912461238865,0.31296770372759364,90.24285714285715,90.49955834723721,0.6666666666666666
7,0.4485012502409518,0.3186791804481042,0.31283872836866816,90.24285714285715,90.49955834723721,0.6666666666666666
8,0.7272321619093418,0.3181370565502969,0.31223109746513644,90.24285714285715,90.49955834723721,0.6666666666666666
9,0.40266356291249394,0.3180266187881507,0.31210508667826453,90.24285714285715,90.49955834723721,0.6666666666666666
10,0.7161111109890044,0.31762035236132763,0.31164617603856654,90.24285714285715,90.49955834723721,0.6666666666666666
11,0.3984728981740773,0.3175113026991392,0.3115208319212151,90.24285714285715,90.49955834723721,0.6666666666666666
12,0.7644100030884147,0.317133280844127,0.3110963107609709,90.24285714285715,90.49955834723721,0.6666666666666666
13,1.081598350778222,0.31672536518935823,0.31063135306384315,90.24285714285715,90.49955834723721,0.6666666666666666
14,1.7506998251192272,0.3164467015256134,0.3103138937307026,90.24285714285715,90.49955834723721,0.6666666666666666
15,0.7649396797642112,0.31629842605804326,0.31014526673044973,90.24285714285715,90.49955834723721,0.6666666666666666
16,1.2381912898272276,0.31605196468133245,0.30986410552653,90.24285714285715,90.49955834723721,0.6666666666666666
17,0.7551216147840023,0.3158802074443235,0.3096678130957123,90.24285714285715,90.49955834723721,0.6666666666666666
18,1.0801499211229384,0.31562966552286204,0.30938197765742753,90.24285714285715,90.49955834723721,0.6666666666666666
19,0.7514051022008061,0.3154419612487398,0.3091671878010256,90.24285714285715,90.49955834723721,0.6666666666666666
