,times,train_loss,test_loss,train_acc,test_acc,eta
0,0.7255727257579565,4.715518465203077,4.590775306360044,90.24285714285715,90.49955834723721,0.6666666666666666
1,1.0481614577583969,7.273475688422767,7.080660988668728,90.24285714285715,90.49955834723721,0.6666666666666666
2,1.0560647980310023,2.0467558736198495,1.9919963557301577,90.24285714285715,90.49955834723721,0.6666666666666666
3,0.7323734201490879,9.81645107264166,9.55552034232468,90.24285714285715,90.49955834723721,0.6666666666666666
4,0.719413872808218,3.5996880048669353,3.607759033668216,9.757142857142853,9.500441652762788,0.6666666666666666
5,0.40299535216763616,3.014501658655048,2.933553582150999,90.24285714285715,90.49955834723721,0.6666666666666666
6,0.7282982892356813,6.89779809264553,6.713551521140418,90.24285714285715,90.49955834723721,0.6666666666666666
7,0.7651438601315022,11.105301259131272,10.808674476245553,90.24285714285715,90.49955834723721,0.6666666666666666
8,0.7880988898687065,2.145732291832342,2.0864394505648183,90.24285714285715,90.49955834723721,0.6666666666666666
9,1.4806861132383347,0.9979754584718681,0.9686852063705382,90.24285714285715,90.49955834723721,0.6666666666666666
10,1.1400292967446148,5.988118917033301,5.826550080554645,90.24285714285715,90.49955834723721,0.6666666666666666
11,0.42480525001883507,9.93068268830414,9.664215606371574,90.24285714285715,90.49955834723721,0.6666666666666666
12,0.4085266450420022,0.9454891429213806,0.9170316581441985,90.24285714285715,90.49955834723721,0.6666666666666666
13,0.40866964496672153,4.6958181633398715,4.568015508468659,90.24285714285715,90.49955834723721,0.6666666666666666
14,0.741103399079293,8.644157447671072,8.410994459718783,90.24285714285715,90.49955834723721,0.6666666666666666
15,1.3149904077872634,8.647620246884326,8.413591905255716,90.24285714285715,90.49955834723721,0.6666666666666666
16,1.2543667331337929,0.7629455026568606,0.7373435634564178,90.24285714285715,90.49955834723721,0.6666666666666666
17,0.8171315109357238,0.8637550866198145,0.8353213125451358,90.24285714285715,90.49955834723721,0.6666666666666666
18,0.45673307636752725,4.2835774013274825,4.164555711828496,90.24285714285715,90.49955834723721,0.6666666666666666
19,1.1417982717975974,8.577384015727608,8.34354540457474,90.24285714285715,90.49955834723721,0.6666666666666666
