,times,train_loss,test_loss,train_acc,test_acc,eta
0,4.336432214826345,0.49954569158658396,0.509879546957754,0.0,0.0,0.001
1,4.4360244437120855,0.4991006197739654,0.5094196110164089,0.0,0.0,0.001
2,4.403675699606538,0.4986599926441355,0.5089671438327867,0.0,0.0,0.001
3,4.459690882824361,0.4982232707903048,0.5085195833221156,0.0,0.0,0.001
4,4.390375313349068,0.49779036396610954,0.5080762244015179,0.0,0.0,0.001
5,4.394216519314796,0.4973612183618799,0.5076367739950586,0.0,0.0,0.001
6,4.279319970868528,0.4969357850628625,0.5072011403079061,0.0,0.0,0.001
7,4.296553231310099,0.49651402333369177,0.5067692698640064,0.0,0.0,0.001
8,4.27946311281994,0.49609588291582785,0.5063410809689282,0.0,0.0,0.001
9,4.348969885613769,0.495681323098277,0.505916542232031,0.0,0.0,0.001
10,4.2453852808102965,0.4952703006796783,0.5054956141096367,0.0,0.0,0.001
11,4.252950899302959,0.49486277257279926,0.5050782390188403,0.0,0.0,0.001
12,4.250412120018154,0.4944586961909808,0.5046643795543038,0.0,0.0,0.001
13,4.260103214066476,0.4940580291441744,0.5042540008807265,0.0,0.0,0.001
14,4.247225034981966,0.49366073054939724,0.5038470501460621,0.0,0.0,0.001
15,4.268183641135693,0.4932667630568546,0.503443494298189,0.0,0.0,0.001
16,4.294769782107323,0.49287608332157024,0.5030432937878031,0.0,0.0,0.001
17,4.25152078922838,0.49248865185718127,0.5026463947042128,0.0,0.0,0.001
18,4.240235873032361,0.4921044310804184,0.5022527666732033,0.0,0.0,0.001
19,4.25726427603513,0.4917233847699659,0.5018623865076756,0.0,0.0,0.001
