,times,train_loss,test_loss,train_acc,test_acc,eta
0,4.208362098783255,0.4984001664161327,0.5087007924138227,0.0,0.0,0.003593813663804627
1,4.255984088871628,0.4968563404189576,0.5071198243370276,0.0,0.0,0.003593813663804627
2,4.243226659018546,0.4953597835678984,0.5055873046839419,0.0,0.0,0.003593813663804627
3,4.253486061934382,0.4939084935124639,0.5041008213422215,0.0,0.0,0.003593813663804627
4,4.250902409199625,0.49250053477517697,0.5026585620021639,0.0,0.0,0.003593813663804627
5,4.056643181946129,0.4911340606392594,0.5012585724145528,0.0,0.0,0.003593813663804627
6,4.252816285006702,0.4898073473820054,0.4998991171491267,0.0,0.0,0.003593813663804627
7,4.262648799922317,0.48851872043310335,0.49857856880457596,0.0,0.0,0.003593813663804627
8,4.244172246195376,0.48726658291848524,0.49729513180225743,0.0,0.0,0.003593813663804627
9,4.255324666853994,0.4860494451936713,0.49604741756255494,0.0,0.0,0.003593813663804627
10,4.216012366116047,0.4848658749842224,0.494833966089744,0.0,0.0,0.003593813663804627
11,4.242897043935955,0.48371452199099046,0.49365344099412406,0.0,0.0,0.003593813663804627
12,4.251081082969904,0.48259405960026913,0.4925042683631051,0.0,0.0,0.003593813663804627
13,4.245841827709228,0.48150326224398887,0.4913855404760767,0.0,0.0,0.003593813663804627
14,4.256761461962014,0.4804409957451099,0.490295924426027,0.0,0.0,0.003593813663804627
15,4.228366136085242,0.47940609090042186,0.48923411058297755,0.0,0.0,0.003593813663804627
16,4.239513956010342,0.47839749520276326,0.488199337656246,0.0,0.0,0.003593813663804627
17,4.2479384508915246,0.4774142092534836,0.4871903152809976,0.0,0.0,0.003593813663804627
18,4.242757213767618,0.47645524490749097,0.48620618028437096,0.0,0.0,0.003593813663804627
19,4.217483774758875,0.47551966584010835,0.4852459214425521,0.0,0.0,0.003593813663804627
