,times,train_loss,test_loss,train_acc,test_acc,eta
0,117.20657885307446,,,0.0,0.0,0.8795442791215591
1,117.17040612874553,,,0.0,0.0,0.8795442791215591
2,78.72453996213153,,,0.0,0.0,0.8795442791215591
3,119.07659960305318,,,0.0,0.0,0.8795442791215591
4,119.48313713120297,,,0.0,0.0,0.8795442791215591
5,119.76793841691688,,,0.0,0.0,0.8795442791215591
6,78.93515418889001,,,0.0,0.0,0.8795442791215591
7,38.036580121610314,,,0.0,0.0,0.8795442791215591
8,79.16361577017233,,,0.0,0.0,0.8795442791215591
9,79.55499897291884,,,0.0,0.0,0.8795442791215591
10,118.32542872522026,,,0.0,0.0,0.8795442791215591
11,38.635189689230174,,,0.0,0.0,0.8795442791215591
12,38.38596864184365,,,0.0,0.0,0.8795442791215591
13,38.76030348241329,,,0.0,0.0,0.8795442791215591
14,78.49569310899824,,,0.0,0.0,0.8795442791215591
15,120.17669994011521,,,0.0,0.0,0.8795442791215591
16,79.11159307416528,,,0.0,0.0,0.8795442791215591
17,38.51753901084885,,,0.0,0.0,0.8795442791215591
18,38.300836448092014,,,0.0,0.0,0.8795442791215591
19,120.27312669390813,,,0.0,0.0,0.8795442791215591
