,times,train_loss,test_loss,train_acc,test_acc,eta
0,38.677562394179404,inf,inf,0.0,0.0,1.1359751190652072
1,79.40166859235615,,,0.0,0.0,1.1359751190652072
2,119.68240070017055,,,0.0,0.0,1.1359751190652072
3,78.49932905798778,,,0.0,0.0,1.1359751190652072
4,118.48346386477351,,,0.0,0.0,1.1359751190652072
5,78.76795671833679,,,0.0,0.0,1.1359751190652072
6,157.9893441479653,,,0.0,0.0,1.1359751190652072
7,37.79405369004235,,,0.0,0.0,1.1359751190652072
8,157.16823309613392,,,0.0,0.0,1.1359751190652072
9,77.74455249588937,,,0.0,0.0,1.1359751190652072
10,38.29543625889346,,,0.0,0.0,1.1359751190652072
11,38.10439966991544,,,0.0,0.0,1.1359751190652072
12,78.1207252079621,,,0.0,0.0,1.1359751190652072
13,194.292893785052,,,0.0,0.0,1.1359751190652072
14,76.4312531100586,,,0.0,0.0,1.1359751190652072
15,77.08448417205364,,,0.0,0.0,1.1359751190652072
16,114.89704325888306,,,0.0,0.0,1.1359751190652072
17,37.2414254816249,,,0.0,0.0,1.1359751190652072
18,76.0408185441047,,,0.0,0.0,1.1359751190652072
19,115.74234403762966,,,0.0,0.0,1.1359751190652072
