,times,train_loss,test_loss,train_acc,test_acc,eta
0,41.00441521406174,454.8849104958771,448.01187268010483,0.0,0.0,1.8949207063585727
1,45.25407155882567,893.3527289639154,873.0120288130227,0.0,0.0,1.8949207063585727
2,84.64830414997414,2906.3091450761017,2789.5846418038054,0.0,0.0,1.8949207063585727
3,79.57410851493478,73.04678762560344,73.92088817828814,0.0,0.0,1.8949207063585727
4,38.007385693024844,58.759326235127205,59.28824506982307,0.0,0.0,1.8949207063585727
5,80.53729887725785,93.48690168852079,93.20443724147066,0.0,0.0,1.8949207063585727
6,38.82784420112148,54.728274423238,54.88509967534187,0.0,0.0,1.8949207063585727
7,79.33690259419382,53.699406699396334,53.82316602983152,0.0,0.0,1.8949207063585727
8,38.881524614058435,53.129485690754294,53.31271603378086,0.0,0.0,1.8949207063585727
9,39.50313286622986,52.87617858172327,53.0701763901724,0.0,0.0,1.8949207063585727
10,119.07307984028012,52.26924919465902,52.52502567716935,0.0,0.0,1.8949207063585727
11,79.53100508404896,51.901041145346866,52.134371382994495,0.0,0.0,1.8949207063585727
12,77.1207238342613,51.68033006151892,51.936094583626094,0.0,0.0,1.8949207063585727
13,75.56358464807272,51.4269011950358,51.728059602505084,0.0,0.0,1.8949207063585727
14,76.86839218623936,51.26968667323474,51.598399501917136,0.0,0.0,1.8949207063585727
15,35.68647761596367,51.22245686417062,51.55389600986568,0.0,0.0,1.8949207063585727
16,36.100318239070475,51.180675192046856,51.516204469493495,0.0,0.0,1.8949207063585727
17,75.23987990710884,50.984505358926505,51.35145736808822,0.0,0.0,1.8949207063585727
18,75.47857226012275,50.85034522655332,51.23652431057784,0.0,0.0,1.8949207063585727
19,114.49472534703091,50.71004500446404,51.1194177275896,0.0,0.0,1.8949207063585727
