,times,train_loss,test_loss,train_acc,test_acc,eta
0,36.20547593617812,298.48533209885113,285.50929238393246,0.0,0.0,4.0824829046386295
1,75.84964971011505,647.2978378130628,638.4378401918276,0.0,0.0,4.0824829046386295
2,114.27681746985763,109.88990551916463,109.89969301172229,0.0,0.0,4.0824829046386295
3,115.18651834595948,82.83604962877335,82.47033193995634,0.0,0.0,4.0824829046386295
4,114.60078387893736,66.54948082727617,66.65226257740181,0.0,0.0,4.0824829046386295
5,36.507460069376975,62.74247243438487,62.88974101316952,0.0,0.0,4.0824829046386295
6,36.16316209314391,60.88687625569823,61.0084602516994,0.0,0.0,4.0824829046386295
7,75.77028411440551,58.71037388663259,58.912161330600206,0.0,0.0,4.0824829046386295
8,115.45577795198187,61.539883194351525,61.696793859068826,0.0,0.0,4.0824829046386295
9,75.42974249087274,59.73567963177844,59.895763139888096,0.0,0.0,4.0824829046386295
10,36.85455456189811,57.500745319034905,57.68383434933464,0.0,0.0,4.0824829046386295
11,115.74336791411042,54.93016553285759,55.227778834739794,0.0,0.0,4.0824829046386295
12,37.15547026600689,54.59411686770844,54.90929214388551,0.0,0.0,4.0824829046386295
13,85.61875677155331,54.3183853856986,54.67622035102881,0.0,0.0,4.0824829046386295
14,85.32402224605903,54.006859629635954,54.36439821310623,0.0,0.0,4.0824829046386295
15,37.680068348068744,53.78140881152476,54.11028474379725,0.0,0.0,4.0824829046386295
16,37.25927860615775,53.631782857530375,53.94184478055991,0.0,0.0,4.0824829046386295
17,39.71378988400102,53.523612220430955,53.820773033094504,0.0,0.0,4.0824829046386295
18,79.80446104565635,53.0660768736787,53.30240054007654,0.0,0.0,4.0824829046386295
19,156.31432182108983,52.71105265865184,52.85563872111439,0.0,0.0,4.0824829046386295
