,times,train_loss,test_loss,train_acc,test_acc,eta
0,0.7070659818127751,0.3483139420648522,0.3444661837337228,90.24285714285715,90.49955834723721,30.970547307245088
1,0.7107735038734972,0.42122784738889096,0.4104742331386036,90.24285714285715,90.49955834723721,30.970547307245088
2,0.7255811579525471,0.3313543459795814,0.3268392614568757,90.24285714285715,90.49955834723721,30.970547307245088
3,0.7151501709595323,0.3586640137903897,0.35003481247452,90.24285714285715,90.49955834723721,30.970547307245088
4,0.7156163472682238,0.3481692364610017,0.3442404837313042,90.24285714285715,90.49955834723721,30.970547307245088
5,0.7139491839334369,0.42589179449582454,0.41486824349911705,90.24285714285715,90.49955834723721,30.970547307245088
6,0.7168449298478663,0.33657814954316506,0.33222134439725803,90.24285714285715,90.49955834723721,30.970547307245088
7,0.7166365957818925,0.3687103456092353,0.35955276757787924,90.24285714285715,90.49955834723721,30.970547307245088
8,0.720921475905925,0.35025656469051275,0.3462972773778595,90.24285714285715,90.49955834723721,30.970547307245088
9,0.7259104228578508,0.45624338514994534,0.44418269214752193,90.24285714285715,90.49955834723721,30.970547307245088
10,0.7210899270139635,0.3236376551843235,0.3185638441878727,90.24285714285715,90.49955834723721,30.970547307245088
11,0.7838465021923184,0.3528503286003626,0.3441881620105632,90.24285714285715,90.49955834723721,30.970547307245088
12,0.7836526338942349,0.3572820295573797,0.3534318080646109,90.24285714285715,90.49955834723721,30.970547307245088
13,0.7800155580043793,0.436874577851427,0.42525053910791744,90.24285714285715,90.49955834723721,30.970547307245088
14,0.7807279778644443,0.3360294819551847,0.3315083182957676,90.24285714285715,90.49955834723721,30.970547307245088
15,0.7821404873393476,0.3764975343785044,0.36676939438648215,90.24285714285715,90.49955834723721,30.970547307245088
16,0.7913014502264559,0.35489206237372006,0.35091044760594753,90.24285714285715,90.49955834723721,30.970547307245088
17,0.7934448639862239,0.45791319371174793,0.4455292545747932,90.24285714285715,90.49955834723721,30.970547307245088
18,0.7939162449911237,0.32845283103241285,0.32355552424458994,90.24285714285715,90.49955834723721,30.970547307245088
19,0.7142216712236404,0.3402409954069561,0.33184755506873437,90.24285714285715,90.49955834723721,30.970547307245088
