,times,train_loss,test_loss,train_acc,test_acc,eta
0,1.2966096880845726,0.31955715975729226,0.3138249896576368,90.24285714285715,90.49955834723721,0.6666666666666666
1,0.3572668409906328,0.3194425387093681,0.3136970562932023,90.24285714285715,90.49955834723721,0.6666666666666666
2,0.9825439299456775,0.3191511572461372,0.3133692534760283,90.24285714285715,90.49955834723721,0.6666666666666666
3,0.3725468791089952,0.31903770389347325,0.313243067407037,90.24285714285715,90.49955834723721,0.6666666666666666
4,0.9965409147553146,0.3186848702009232,0.3128459764275835,90.24285714285715,90.49955834723721,0.6666666666666666
5,1.294712063856423,0.3184247681077102,0.3125527532184053,90.24285714285715,90.49955834723721,0.6666666666666666
6,1.287570902146399,0.31818705707274414,0.31228461697687543,90.24285714285715,90.49955834723721,0.6666666666666666
7,0.3563281139358878,0.3180762162972581,0.31215980166732626,90.24285714285715,90.49955834723721,0.6666666666666666
8,1.5986833949573338,0.317726662643072,0.31176468526401435,90.24285714285715,90.49955834723721,0.6666666666666666
9,0.7725030221045017,0.3175736704816629,0.3115916758505959,90.24285714285715,90.49955834723721,0.6666666666666666
10,0.8142037792131305,0.3174006741510765,0.31139651945411023,90.24285714285715,90.49955834723721,0.6666666666666666
11,0.4663764350116253,0.31729203929903926,0.31127379319694304,90.24285714285715,90.49955834723721,0.6666666666666666
12,1.513788758777082,0.3169037935468797,0.3108326504529763,90.24285714285715,90.49955834723721,0.6666666666666666
13,0.40795089676976204,0.31679645691710545,0.31071137855213815,90.24285714285715,90.49955834723721,0.6666666666666666
14,0.8783812779001892,0.31657143370118745,0.31045403925295256,90.24285714285715,90.49955834723721,0.6666666666666666
15,0.45851701544597745,0.31646504442006107,0.3103336314704908,90.24285714285715,90.49955834723721,0.6666666666666666
16,0.5060472982004285,0.31635901398861943,0.3102123062074014,90.24285714285715,90.49955834723721,0.6666666666666666
17,1.4753937781788409,0.31585475963538107,0.30963738631947274,90.24285714285715,90.49955834723721,0.6666666666666666
18,0.8060219385661185,0.31565972593902986,0.3094144065206517,90.24285714285715,90.49955834723721,0.6666666666666666
19,0.7982055810280144,0.31545976379560875,0.30918621148274084,90.24285714285715,90.49955834723721,0.6666666666666666
