,times,train_loss,test_loss,train_acc,test_acc,eta
0,1.4610063768923283,0.31958386023740865,0.31385500315690273,90.24285714285715,90.49955834723721,0.7335841422469557
1,0.45056424802169204,0.31951174070739735,0.3137742570102506,90.24285714285715,90.49955834723721,0.7335841422469557
2,0.45125106116756797,0.31943978292329545,0.31369407606860933,90.24285714285715,90.49955834723721,0.7335841422469557
3,2.4537881002761424,0.3191449451898082,0.31336279888285795,90.24285714285715,90.49955834723721,0.7335841422469557
4,0.7846875628456473,0.31904443036646324,0.3132499301967744,90.24285714285715,90.49955834723721,0.7335841422469557
5,0.7904727519489825,0.31891558769494016,0.3131052447098844,90.24285714285715,90.49955834723721,0.7335841422469557
6,0.45472256699576974,0.3188446732731632,0.3130256204839892,90.24285714285715,90.49955834723721,0.7335841422469557
7,0.7839264334179461,0.3186731430471788,0.3128325296093207,90.24285714285715,90.49955834723721,0.7335841422469557
8,0.7843040311709046,0.3184928901749888,0.31262966056373387,90.24285714285715,90.49955834723721,0.7335841422469557
9,0.7806761632673442,0.3183623876794835,0.3124824843523371,90.24285714285715,90.49955834723721,0.7335841422469557
10,1.4482122170738876,0.318121475728579,0.31221094578415953,90.24285714285715,90.49955834723721,0.7335841422469557
11,0.7490207669325173,0.3180145489078099,0.3120902292150734,90.24285714285715,90.49955834723721,0.7335841422469557
12,0.6605534800328314,0.3178975290488632,0.3119584206087131,90.24285714285715,90.49955834723721,0.7335841422469557
13,0.6643034461885691,0.31775533120037147,0.31179751843547104,90.24285714285715,90.49955834723721,0.7335841422469557
14,0.3405588502064347,0.31768642582228224,0.3117193123354697,90.24285714285715,90.49955834723721,0.7335841422469557
15,0.4242068347521126,0.3176176700227647,0.3116417607655673,90.24285714285715,90.49955834723721,0.7335841422469557
16,0.7636461020447314,0.31741932907056286,0.31141698997122896,90.24285714285715,90.49955834723721,0.7335841422469557
17,0.3796551781706512,0.3173510373511647,0.3113399613837959,90.24285714285715,90.49955834723721,0.7335841422469557
18,0.42622537817806005,0.3172828945314527,0.3112630176362249,90.24285714285715,90.49955834723721,0.7335841422469557
19,0.37979655899107456,0.31721490616427805,0.311184338417075,90.24285714285715,90.49955834723721,0.7335841422469557
