,times,train_loss,test_loss,train_acc,test_acc,eta
0,1.9494773782789707,,,0.0,0.0,0.6809991926337756
1,1.9702267670072615,,,0.0,0.0,0.6809991926337756
2,1.941791005898267,,,0.0,0.0,0.6809991926337756
3,6.9092398369684815,,,0.0,0.0,0.6809991926337756
4,4.431872577406466,,,0.0,0.0,0.6809991926337756
5,4.454966695979238,,,0.0,0.0,0.6809991926337756
6,6.890168607234955,,,0.0,0.0,0.6809991926337756
7,9.319786961190403,,,0.0,0.0,0.6809991926337756
8,4.4527441542595625,,,0.0,0.0,0.6809991926337756
9,2.005056430120021,,,0.0,0.0,0.6809991926337756
10,6.885893010068685,,,0.0,0.0,0.6809991926337756
11,4.463300412055105,,,0.0,0.0,0.6809991926337756
12,4.433665250893682,,,0.0,0.0,0.6809991926337756
13,6.920511321164668,,,0.0,0.0,0.6809991926337756
14,4.428503417875618,,,0.0,0.0,0.6809991926337756
15,2.008568823803216,,,0.0,0.0,0.6809991926337756
16,1.9732225248590112,,,0.0,0.0,0.6809991926337756
17,6.919545392040163,,,0.0,0.0,0.6809991926337756
18,1.974820801988244,,,0.0,0.0,0.6809991926337756
19,2.003288998734206,,,0.0,0.0,0.6809991926337756
