,times,train_loss,test_loss,train_acc,test_acc,eta
0,4.260375066194683,,,0.0,0.0,0.6666666666666666
1,4.279505104757845,,,0.0,0.0,0.6666666666666666
2,1.8991459920071065,,,0.0,0.0,0.6666666666666666
3,1.922958840150386,,,0.0,0.0,0.6666666666666666
4,9.032008796930313,,,0.0,0.0,0.6666666666666666
5,8.827445479109883,,,0.0,0.0,0.6666666666666666
6,7.017481777817011,,,0.0,0.0,0.6666666666666666
7,4.628287560772151,,,0.0,0.0,0.6666666666666666
8,2.070348029024899,,,0.0,0.0,0.6666666666666666
9,6.973818671889603,,,0.0,0.0,0.6666666666666666
10,2.071247858926654,,,0.0,0.0,0.6666666666666666
11,2.083616062067449,,,0.0,0.0,0.6666666666666666
12,2.070929295849055,,,0.0,0.0,0.6666666666666666
13,2.089840047992766,,,0.0,0.0,0.6666666666666666
14,4.271197475027293,,,0.0,0.0,0.6666666666666666
15,4.3621201873756945,,,0.0,0.0,0.6666666666666666
16,4.362437223084271,,,0.0,0.0,0.6666666666666666
17,2.0142960189841688,,,0.0,0.0,0.6666666666666666
18,4.398895760066807,,,0.0,0.0,0.6666666666666666
19,2.0055723511613905,,,0.0,0.0,0.6666666666666666
