,times,train_loss,test_loss,train_acc,test_acc,eta
0,4.265223435591906,0.4995456864557086,0.5098795430378906,0.0,0.0,0.001
1,4.290010115597397,0.4991006131376748,0.5094196081392692,0.0,0.0,0.001
2,4.250409749336541,0.4986599913496946,0.508967154416126,0.0,0.0,0.001
3,4.269696552772075,0.4982232732113584,0.5085195996635151,0.0,0.0,0.001
4,4.258850747253746,0.4977903680261237,0.5080762307334271,0.0,0.0,0.001
5,4.288665450178087,0.49736122348538275,0.5076367820419945,0.0,0.0,0.001
6,4.2695410517044365,0.4969357885883367,0.5072011526795407,0.0,0.0,0.001
7,4.237648902926594,0.49651402638703734,0.5067692784070156,0.0,0.0,0.001
8,4.268615920562297,0.49609588750327677,0.5063410869935764,0.0,0.0,0.001
9,4.288352484349161,0.49568133011785104,0.5059165620323177,0.0,0.0,0.001
10,4.278588834684342,0.49527030908109004,0.5054956320267879,0.0,0.0,0.001
11,4.224518154747784,0.49486278123340205,0.5050782460058953,0.0,0.0,0.001
12,4.275048483163118,0.4944587037096369,0.5046643836961074,0.0,0.0,0.001
13,4.276701821945608,0.49405803721308605,0.5042540087241842,0.0,0.0,0.001
14,4.265490704216063,0.4936607400810272,0.5038470613376463,0.0,0.0,0.001
15,4.279413630254567,0.4932667721555478,0.503443495898448,0.0,0.0,0.001
16,4.2620413466356695,0.4928760919760486,0.5030433004901903,0.0,0.0,0.001
17,4.2487584091722965,0.49248866026121635,0.502646401806604,0.0,0.0,0.001
18,4.2616795799694955,0.4921044421786929,0.5022527934365052,0.0,0.0,0.001
19,4.273952102288604,0.4917233982269535,0.5018624045386577,0.0,0.0,0.001
