,times,train_loss,test_loss,train_acc,test_acc,eta
0,4.236484149005264,0.3949509583410086,0.4019541940213438,0.0,0.0,2.154434690031883
1,4.280155268963426,0.3822983016857783,0.3883193124594822,0.0,0.0,2.154434690031883
2,4.261078568175435,0.3777213900634464,0.3833417679329069,0.0,0.0,2.154434690031883
3,4.28035654919222,0.375297526307942,0.38074879779766185,0.0,0.0,2.154434690031883
4,4.267685748171061,0.3738084440636976,0.3791768188194428,0.0,0.0,2.154434690031883
5,4.282463161274791,0.3727534783888667,0.37804788861235133,0.0,0.0,2.154434690031883
6,4.2732774298638105,0.3719757264746358,0.37725570359341454,0.0,0.0,2.154434690031883
7,4.281336727086455,0.371289655698984,0.37647974669250783,0.0,0.0,2.154434690031883
8,4.265305396635085,0.3707114132365618,0.37590615137776695,0.0,0.0,2.154434690031883
9,4.287465771194547,0.3702223571670553,0.3754103214004115,0.0,0.0,2.154434690031883
10,4.271632133983076,0.3697892707057573,0.3749565497578113,0.0,0.0,2.154434690031883
11,4.290080166887492,0.36940144310211054,0.37456594836383267,0.0,0.0,2.154434690031883
12,4.27609507413581,0.369054308244873,0.3742090490734597,0.0,0.0,2.154434690031883
13,4.290212215390056,0.3687326695502338,0.3738980876312518,0.0,0.0,2.154434690031883
14,4.291197900194675,0.3684431800428861,0.3736021840418104,0.0,0.0,2.154434690031883
15,4.312237116042525,0.368172838358376,0.3733435498898445,0.0,0.0,2.154434690031883
16,4.278858134988695,0.36792601887939846,0.37310753637182864,0.0,0.0,2.154434690031883
17,4.287026875652373,0.3676965209636288,0.37288445658217834,0.0,0.0,2.154434690031883
18,4.274042655713856,0.36748177414370803,0.3726736371162878,0.0,0.0,2.154434690031883
19,4.283971645869315,0.3672806840818698,0.37247433520330814,0.0,0.0,2.154434690031883
