,times,train_loss,test_loss,train_acc,test_acc,eta
0,0.22635209327563643,0.10962501106912358,0.11867641889684001,97.22025342714402,96.5979809155027,111.30237608828492
1,0.2357136532664299,0.08328540342683292,0.09661676366978338,97.8858022023614,97.00594661872493,111.30237608828492
2,0.23111494909971952,0.07083712986403734,0.08734786710919516,98.22808442961606,97.18572811506016,111.30237608828492
3,0.2282701963558793,0.06300153745018255,0.08203569361539853,98.49257524158556,97.31019222790762,111.30237608828492
4,0.22529315808787942,0.05743850934209938,0.07858063356987847,98.6568015627431,97.35168026552344,111.30237608828492
5,0.22541286703199148,0.05321261665800807,0.07616032058101586,98.81757048766573,97.40008297607523,111.30237608828492
6,0.22693547513335943,0.0498636452545755,0.0743955626650478,98.90573409165557,97.42082699488314,111.30237608828492
7,0.2261001579463482,0.04712607060130326,0.07305235087413277,99.00772728058499,97.44848568662702,111.30237608828492
8,0.23098115902394056,0.04483720031374271,0.07201364868659474,99.08724739398758,97.46922970543493,111.30237608828492
9,0.2280984311364591,0.04288981879727058,0.07119869789289571,99.13737963939357,97.44848568662702,111.30237608828492
10,0.23562325490638614,0.0412087707843012,0.07054355486856431,99.18578318668212,97.45540035956299,111.30237608828492
11,0.23033378506079316,0.039741432747808426,0.07001701460935689,99.22554324338341,97.39316830313926,111.30237608828492
12,0.23321265680715442,0.038449539288314113,0.06957964347155984,99.26184590384982,97.39316830313926,111.30237608828492
13,0.2318429769948125,0.03730268969290398,0.0692310645298195,99.31024945113835,97.41391232194717,111.30237608828492
14,0.23364234110340476,0.036278374339650955,0.06894700040410896,99.33963731913497,97.43465634075508,111.30237608828492
15,0.23558654310181737,0.03535776930622718,0.0687143991343437,99.36038169654434,97.42082699488314,111.30237608828492
16,0.23815022502094507,0.03452596438925586,0.06852582693595254,99.38285477207116,97.41391232194717,111.30237608828492
17,0.23739721486344934,0.03377096455424014,0.0683716887556983,99.39149826265839,97.4069976490112,111.30237608828492
18,0.2421377212740481,0.03308307898568237,0.06824855858628578,99.41224264006776,97.41391232194717,111.30237608828492
19,0.23635183786973357,0.03245388829923521,0.06815235402849124,99.43125831935969,97.4277416678191,111.30237608828492
