,times,train_loss,test_loss,train_acc,test_acc,eta
0,0.5936308214440942,0.33029817566820246,0.3257720846488405,90.24285714285715,90.49955834723721,0.0861773876012753
1,0.6248729010112584,0.31970909431625705,0.31399614935039927,90.24285714285715,90.49955834723721,0.0861773876012753
2,0.6365709872916341,0.3197025942833505,0.3139886071252296,90.24285714285715,90.49955834723721,0.0861773876012753
3,0.6721897758543491,0.31969417857720384,0.3139757517735662,90.24285714285715,90.49955834723721,0.0861773876012753
4,0.6928339810110629,0.3149624296755775,0.3084110815349086,90.24285714285715,90.49955834723721,0.0861773876012753
5,0.6977609149180353,0.27969940677755556,0.2531286443023054,90.32571428571428,90.53118286605381,0.0861773876012753
6,0.7028115759603679,0.27769451345491203,0.24898331285812222,90.36571428571429,90.56389788551924,0.0861773876012753
7,0.7479316820390522,0.27683227829997537,0.24735438762296097,90.38285714285715,90.60315590887777,0.0861773876012753
8,0.769421789329499,0.2729310480571782,0.24282895511126687,90.41428571428571,90.80380802826578,0.0861773876012753
9,0.7723683249205351,0.27291929845093116,0.24279086893355228,90.41142857142857,90.79835552502153,0.0861773876012753
10,0.7762958919629455,0.27291286652231744,0.24278527062124736,90.41142857142857,90.79835552502153,0.0861773876012753
11,0.749012541025877,0.27249285897555164,0.24168155502771152,90.42,90.77000250815149,0.0861773876012753
12,0.6946998927742243,0.2724750269332819,0.24147449527070872,90.42571428571429,90.77981701399112,0.0861773876012753
13,0.7874554810114205,0.2724743181222418,0.2414635235084647,90.42571428571429,90.77654551204458,0.0861773876012753
14,0.7344729229807854,0.27245299112598464,0.24136767045945057,90.42285714285714,90.78417901658652,0.0861773876012753
15,0.713787985034287,0.27222431111874257,0.24098842677942375,90.43714285714286,90.80489852891462,0.0861773876012753
16,0.7488057087175548,1.0448801341089622,0.5774658089920893,89.19428571428571,90.26182920578837,0.0861773876012753
17,0.699933554045856,0.2722655280133085,0.24227613346066654,90.4,90.70239146792292,0.0861773876012753
18,0.6883385688997805,0.2721949904757505,0.24100008739477857,90.42571428571429,90.80707953021232,0.0861773876012753
19,0.7271551731973886,0.36156234508212454,0.3478577838658508,90.24857142857142,90.49628684529067,0.0861773876012753
