,times,train_loss,test_loss,train_acc,test_acc,eta
0,0.7120632706210017,0.3197383600192633,0.31408808845886516,90.24285714285715,90.49955834723721,0.3097054730724509
1,0.7340757241472602,0.31968943076722045,0.3139739203067742,90.24285714285715,90.49955834723721,0.3097054730724509
2,0.7249969257973135,0.3196654857927883,0.3139461295247543,90.24285714285715,90.49955834723721,0.3097054730724509
3,0.731176920235157,0.27950419578517166,0.2509495353863532,90.33714285714285,90.5333638673515,0.3097054730724509
4,0.7377743688412011,0.27918776943138707,0.25054639370466475,90.34571428571428,90.54972137708423,0.3097054730724509
5,0.8155471598729491,0.27870236210951166,0.2497223502068487,90.35428571428571,90.55299287903077,0.3097054730724509
6,0.7605519848875701,0.27300359030573085,0.24294603920315297,90.41714285714286,90.82234653929619,0.3097054730724509
7,0.7639898960478604,0.2728502635399772,0.24262412203901101,90.41142857142857,90.79290302177729,0.3097054730724509
8,0.7661488922312856,0.2724766288388303,0.24140671986160003,90.42571428571429,90.78745051853306,0.3097054730724509
9,0.7717923070304096,0.2724510973622484,0.2414406427699553,90.42571428571429,90.77763601269342,0.3097054730724509
10,0.7772086765617132,0.2721976240644358,0.24100258344643002,90.42285714285714,90.8136225341054,0.3097054730724509
11,0.7715195743367076,0.2721746296777998,0.24100355625762068,90.42571428571429,90.80598902956348,0.3097054730724509
12,0.7986353407613933,inf,inf,9.57142857142857,9.319418545054035,0.3097054730724509
13,0.7652628920041025,inf,inf,90.24285714285715,90.49955834723721,0.3097054730724509
14,0.7770734592340887,inf,inf,90.24285714285715,90.49955834723721,0.3097054730724509
15,0.78314736392349,,,0.0,0.0,0.3097054730724509
16,0.778201409149915,,,0.0,0.0,0.3097054730724509
17,0.7779244859702885,,,0.0,0.0,0.3097054730724509
18,0.7877359259873629,,,0.0,0.0,0.3097054730724509
19,0.7808995679952204,,,0.0,0.0,0.3097054730724509
