,times,train_loss,test_loss,train_acc,test_acc,eta
0,0.6196997966617346,0.689954446718672,0.6899341293722863,90.24285714285715,90.49955834723721,0.0001437525465521851
1,0.6009622709825635,0.6776330120434951,0.6775332960679997,90.24285714285715,90.49955834723721,0.0001437525465521851
2,0.5677380869165063,0.6657171742346891,0.665539129832912,90.24285714285715,90.49955834723721,0.0001437525465521851
3,0.6020145323127508,0.6542519838150015,0.6539970209079942,90.24285714285715,90.49955834723721,0.0001437525465521851
4,0.560560654848814,0.6432150217966225,0.6428845571746303,90.24285714285715,90.49955834723721,0.0001437525465521851
5,0.6215867912396789,0.632585657853401,0.6321810019234213,90.24285714285715,90.49955834723721,0.0001437525465521851
6,0.6569927460514009,0.6223454393059713,0.6218678520987477,90.24285714285715,90.49955834723721,0.0001437525465521851
7,0.6827233508229256,0.6124761820184065,0.6119268804554615,90.24285714285715,90.49955834723721,0.0001437525465521851
8,0.7509268228895962,0.6029605670725093,0.6023407220509424,90.24285714285715,90.49955834723721,0.0001437525465521851
9,0.6285249087959528,0.5937837650669777,0.5930945258211094,90.24285714285715,90.49955834723721,0.0001437525465521851
10,0.6704332889057696,0.584929952900315,0.5841723902344885,90.24285714285715,90.49955834723721,0.0001437525465521851
11,0.6930651320144534,0.5763860517601774,0.5755612697996187,90.24285714285715,90.49955834723721,0.0001437525465521851
12,0.7834073002450168,0.5681376761382773,0.5672466702483434,90.24285714285715,90.49955834723721,0.0001437525465521851
13,0.7268511932343245,0.5601734046966292,0.5592171785213279,90.24285714285715,90.49955834723721,0.0001437525465521851
14,0.9485593256540596,0.5524813967168377,0.5514609220057445,90.24285714285715,90.49955834723721,0.0001437525465521851
15,0.7339108209125698,0.5450502879171928,0.5439665031468045,90.24285714285715,90.49955834723721,0.0001437525465521851
16,0.6552138379774988,0.5378699342467891,0.5367237365594721,90.24285714285715,90.49955834723721,0.0001437525465521851
17,0.665984193328768,0.5309298956948619,0.5297222045802106,90.24285714285715,90.49955834723721,0.0001437525465521851
18,0.7307775830850005,0.524220535932476,0.5229521906869801,90.24285714285715,90.49955834723721,0.0001437525465521851
19,0.7607643227092922,0.5177341470126073,0.5164059996377084,90.24285714285715,90.49955834723721,0.0001437525465521851
