,times,train_loss,test_loss,train_acc,test_acc,eta
0,0.6830642409622669,0.6818184785087861,0.6817459201810476,90.24285714285715,90.49955834723721,0.0005166198660059535
1,0.6466613113880157,0.6407518470666342,0.6404043910997436,90.24285714285715,90.49955834723721,0.0005166198660059535
2,0.6671131546609104,0.6047216119189053,0.6041151922709295,90.24285714285715,90.49955834723721,0.0005166198660059535
3,0.6149611119180918,0.5731320489550149,0.5722819936373416,90.24285714285715,90.49955834723721,0.0005166198660059535
4,0.6792492065578699,0.5453153014852908,0.544234794036528,90.24285714285715,90.49955834723721,0.0005166198660059535
5,0.6838819682598114,0.5207316065543661,0.519432630396506,90.24285714285715,90.49955834723721,0.0005166198660059535
6,0.6886670859530568,0.4989435357928615,0.4974367664992144,90.24285714285715,90.49955834723721,0.0005166198660059535
7,0.7074158969335258,0.47958862183101736,0.4778837928568054,90.24285714285715,90.49955834723721,0.0005166198660059535
8,0.7021040730178356,0.46236037314270767,0.460466349798906,90.24285714285715,90.49955834723721,0.0005166198660059535
9,0.7412861660122871,0.4470026548408818,0.44492773673954683,90.24285714285715,90.49955834723721,0.0005166198660059535
10,0.7952926931902766,0.43329548441093485,0.431047395244664,90.24285714285715,90.49955834723721,0.0005166198660059535
11,0.722333375364542,0.4210507892422596,0.4186367510569235,90.24285714285715,90.49955834723721,0.0005166198660059535
12,0.7237325171008706,0.4101047325098303,0.40753159037565256,90.24285714285715,90.49955834723721,0.0005166198660059535
13,0.6943233539350331,0.40031499333305326,0.39758920609748055,90.24285714285715,90.49955834723721,0.0005166198660059535
14,0.6908420007675886,0.391556947632564,0.388684668913672,90.24285714285715,90.49955834723721,0.0005166198660059535
15,0.7160895401611924,0.3837208837220769,0.38070806628584203,90.24285714285715,90.49955834723721,0.0005166198660059535
16,0.7511106072925031,0.37670938639550083,0.373561671015382,90.24285714285715,90.49955834723721,0.0005166198660059535
17,0.7524446728639305,0.3704371940472678,0.3671600662244195,90.24285714285715,90.49955834723721,0.0005166198660059535
18,0.8128109383396804,0.3648276717941455,0.3614264029212865,90.24285714285715,90.49955834723721,0.0005166198660059535
19,1.015264742076397,0.3598123974497704,0.35629209393481504,90.24285714285715,90.49955834723721,0.0005166198660059535
