,times,train_loss,test_loss,train_acc,test_acc,eta
0,0.705965168774128,0.31970693100624753,0.3139935090418572,90.24285714285715,90.49955834723721,1.113023760882849
1,0.7299735280685127,0.3196234449392804,0.3138999047618075,90.24285714285715,90.49955834723721,1.113023760882849
2,0.7504233070649207,0.31894000951528195,0.3131164896047397,90.24285714285715,90.49955834723721,1.113023760882849
3,0.7554279519245028,0.2794391643010338,0.25166362815079085,90.33714285714285,90.52791136410727,1.113023760882849
4,0.7391376597806811,0.2752243069841825,0.24541246863271587,90.4,90.62714692315242,1.113023760882849
5,0.737800118047744,0.27244123149272165,0.2419876678069129,90.41142857142857,90.77763601269342,1.113023760882849
6,0.7499159509316087,0.27221807588334285,0.24100098525342903,90.43714285714286,90.79726502437269,1.113023760882849
7,0.7548042149282992,0.2721772922622717,0.24085851093679303,90.43714285714286,90.80707953021232,1.113023760882849
8,0.7550121997483075,0.27215266951686734,0.24098682562301194,90.43142857142857,90.79944602567039,1.113023760882849
9,0.7511738468892872,0.2721518021897307,0.2409361954894521,90.43428571428572,90.79835552502153,1.113023760882849
10,0.7519167200662196,0.272151582914256,0.24088465848249513,90.43428571428572,90.79726502437269,1.113023760882849
11,0.8263143389485776,0.2721515286266814,0.24086129494894457,90.43428571428572,90.79726502437269,1.113023760882849
12,0.7563948617316782,3.39692458132477,3.254235663066144,90.24285714285715,90.49955834723721,1.113023760882849
13,0.7582928882911801,,,0.0,0.0,1.113023760882849
14,0.7564446232281625,,,0.0,0.0,1.113023760882849
15,0.8374454788863659,,,0.0,0.0,1.113023760882849
16,0.8284179870970547,,,0.0,0.0,1.113023760882849
17,0.8309304257854819,,,0.0,0.0,1.113023760882849
18,0.8367941798642278,,,0.0,0.0,1.113023760882849
19,0.8268009419552982,,,0.0,0.0,1.113023760882849
