,times,train_loss,test_loss,train_acc,test_acc,eta
0,83.71388417808339,226.12896416835687,216.69386844946362,0.0,0.0,0.5994842503189413
1,79.64432391617447,101.32617316100738,96.20462001497172,0.0,0.0,0.5994842503189413
2,83.99732202710584,87.28665322146102,83.43635390920737,0.0,0.0,0.5994842503189413
3,122.92996318172663,80.0532344161938,76.96172124142196,0.0,0.0,0.5994842503189413
4,122.09852932300419,75.48648725790102,72.8982288064472,0.0,0.0,0.5994842503189413
5,124.09847373701632,72.28494687190648,70.06702704540926,0.0,0.0,0.5994842503189413
6,84.95803856709972,69.88792357507648,67.9642217975563,0.0,0.0,0.5994842503189413
7,80.16615152079612,68.00726656036471,66.31893378120941,0.0,0.0,0.5994842503189413
8,81.19229012681171,66.48145125422752,64.99000778710877,0.0,0.0,0.5994842503189413
9,78.5509167900309,65.21346228947452,63.88442772842593,0.0,0.0,0.5994842503189413
10,82.02595086023211,64.13957784585013,62.94925826764104,0.0,0.0,0.5994842503189413
11,78.46961732767522,63.2165185028134,62.148036213690716,0.0,0.0,0.5994842503189413
12,80.81267508398741,62.41445310567524,61.450607233343185,0.0,0.0,0.5994842503189413
13,111.02650872198865,61.71049538164405,60.838031845792194,0.0,0.0,0.5994842503189413
14,108.4460862162523,61.08768236154517,60.293699225033066,0.0,0.0,0.5994842503189413
15,133.14334336901084,60.5327769615055,59.80913509729574,0.0,0.0,0.5994842503189413
16,103.36847660690546,60.035159775173675,59.37564807072434,0.0,0.0,0.5994842503189413
17,104.81264650076628,59.586427754226165,58.982830298978314,0.0,0.0,0.5994842503189413
18,106.71802395163104,59.179768561624876,58.62824101712886,0.0,0.0,0.5994842503189413
19,108.70539135206491,58.809506008086025,58.30318988594974,0.0,0.0,0.5994842503189413
