,times,train_loss,test_loss,train_acc,test_acc,eta
0,83.92549458611757,,,0.0,0.0,7.742636826811272
1,79.66661189915612,,,0.0,0.0,7.742636826811272
2,80.03930866997689,,,0.0,0.0,7.742636826811272
3,82.58319546515122,,,0.0,0.0,7.742636826811272
4,82.08370299311355,,,0.0,0.0,7.742636826811272
5,82.61764297727495,,,0.0,0.0,7.742636826811272
6,78.79181139916182,,,0.0,0.0,7.742636826811272
7,109.11263283994049,,,0.0,0.0,7.742636826811272
8,123.5536489309743,,,0.0,0.0,7.742636826811272
9,119.06658606790006,,,0.0,0.0,7.742636826811272
10,82.43323001964018,,,0.0,0.0,7.742636826811272
11,107.22118659783155,,,0.0,0.0,7.742636826811272
12,102.83620266476646,,,0.0,0.0,7.742636826811272
13,83.9338508718647,,,0.0,0.0,7.742636826811272
14,84.43440985772759,,,0.0,0.0,7.742636826811272
15,116.1292585930787,,,0.0,0.0,7.742636826811272
16,116.21081324806437,,,0.0,0.0,7.742636826811272
17,117.85667650401592,,,0.0,0.0,7.742636826811272
18,122.12660720106214,,,0.0,0.0,7.742636826811272
19,97.46922613633797,,,0.0,0.0,7.742636826811272
