,times,train_loss,test_loss,train_acc,test_acc,eta
0,4.301203982904553,0.49994018541048035,0.5102940823642775,0.0,0.0,0.00012915496650148838
1,4.355748442932963,0.4963635121895364,0.50655721626645,0.0,0.0,0.00012915496650148838
2,4.382647509220988,0.4886767065304762,0.49858980509841805,0.0,0.0,0.00012915496650148838
3,4.359606860205531,0.47986678555763274,0.48948046035322335,0.0,0.0,0.00012915496650148838
4,4.41463423287496,0.47153098020061124,0.4809006793392446,0.0,0.0,0.00012915496650148838
5,4.443506095092744,0.4639004901676407,0.47311756139137734,0.0,0.0,0.00012915496650148838
6,4.44695537770167,0.45807906845156443,0.4670769166655296,0.0,0.0,0.00012915496650148838
7,4.482679859735072,0.4542799411452791,0.4631246647258815,0.0,0.0,0.00012915496650148838
8,4.456152350641787,0.4481693242646329,0.4568910277011044,0.0,0.0,0.00012915496650148838
9,4.515606834087521,0.44194032616069423,0.45044052192338185,0.0,0.0,0.00012915496650148838
10,4.5128906751051545,0.43407702234185064,0.44235839896036416,0.0,0.0,0.00012915496650148838
11,4.532961004879326,0.427922641099667,0.43596367059651214,0.0,0.0,0.00012915496650148838
12,4.516007257159799,0.42145793310705704,0.42931455720486594,0.0,0.0,0.00012915496650148838
13,4.529385969042778,0.4165593898054028,0.424152143689618,0.0,0.0,0.00012915496650148838
14,4.509013290982693,0.4109595351620171,0.41842533374390045,0.0,0.0,0.00012915496650148838
15,4.528479005210102,0.4074526358213759,0.41466725527151416,0.0,0.0,0.00012915496650148838
16,4.5358094018884,0.4053363540860428,0.41239369583984703,0.0,0.0,0.00012915496650148838
17,4.53857167577371,0.40348311975949386,0.41044561403072005,0.0,0.0,0.00012915496650148838
18,4.530289676040411,0.4019717716406671,0.4088081861186602,0.0,0.0,0.00012915496650148838
19,4.533065982162952,0.39911160011039426,0.405806082241571,0.0,0.0,0.00012915496650148838
