,times,train_loss,test_loss,train_acc,test_acc,eta
0,4.328351429197937,0.49736340538747,0.5076389550606687,0.0,0.0,0.005994842503189411
1,4.388160950038582,0.44575963310092936,0.453818630310318,0.0,0.0,0.005994842503189411
2,4.469844542909414,0.4010786868174316,0.4081433137087855,0.0,0.0,0.005994842503189411
3,4.410616368055344,0.3834262223028276,0.3893109454828947,0.0,0.0,0.005994842503189411
4,4.420798495877534,0.3772837533832022,0.3825157700732824,0.0,0.0,0.005994842503189411
5,4.439548006281257,0.3743345020810558,0.3793605037193327,0.0,0.0,0.005994842503189411
6,4.4557949947193265,0.37214687837467536,0.3771772751027527,0.0,0.0,0.005994842503189411
7,4.433773777913302,0.3693291980721594,0.37439106732634825,0.0,0.0,0.005994842503189411
8,4.499573251232505,0.3673797349977635,0.3724194239644663,0.0,0.0,0.005994842503189411
9,4.5218932018615305,0.36632769332444726,0.3713986316804013,0.0,0.0,0.005994842503189411
10,4.532520830165595,0.36554629868895944,0.37067913602404584,0.0,0.0,0.005994842503189411
11,4.536946562118828,0.3650429179638349,0.3703028062540848,0.0,0.0,0.005994842503189411
12,4.518385990057141,,,0.0,0.0,0.005994842503189411
13,4.54703610111028,,,0.0,0.0,0.005994842503189411
14,4.517723263707012,,,0.0,0.0,0.005994842503189411
15,4.548027263954282,,,0.0,0.0,0.005994842503189411
16,4.516520517878234,,,0.0,0.0,0.005994842503189411
17,4.5096721849404275,,,0.0,0.0,0.005994842503189411
18,4.517437103204429,,,0.0,0.0,0.005994842503189411
19,4.552964253816754,,,0.0,0.0,0.005994842503189411
