,times,train_loss,test_loss,train_acc,test_acc,eta
0,4.278716577216983,0.4911407935840999,0.5012652309209576,0.0,0.0,0.021544346900318825
1,4.386821005959064,0.41176920559970315,0.41920899197148587,0.0,0.0,0.021544346900318825
2,4.329325557220727,,,0.0,0.0,0.021544346900318825
3,4.421203780919313,,,0.0,0.0,0.021544346900318825
4,4.412011418957263,,,0.0,0.0,0.021544346900318825
5,4.459496925119311,,,0.0,0.0,0.021544346900318825
6,4.443960840813816,,,0.0,0.0,0.021544346900318825
7,4.440488229971379,,,0.0,0.0,0.021544346900318825
8,4.476490541361272,,,0.0,0.0,0.021544346900318825
9,4.513609680812806,,,0.0,0.0,0.021544346900318825
10,4.514547505881637,,,0.0,0.0,0.021544346900318825
11,4.53898810595274,,,0.0,0.0,0.021544346900318825
12,4.492426178883761,,,0.0,0.0,0.021544346900318825
13,4.498734589666128,,,0.0,0.0,0.021544346900318825
14,4.527161879930645,,,0.0,0.0,0.021544346900318825
15,4.53280130866915,,,0.0,0.0,0.021544346900318825
16,4.522237346041948,,,0.0,0.0,0.021544346900318825
17,4.501354625914246,,,0.0,0.0,0.021544346900318825
18,4.512011312879622,,,0.0,0.0,0.021544346900318825
19,4.531308960169554,,,0.0,0.0,0.021544346900318825
