,times,train_loss,test_loss,train_acc,test_acc,eta
0,4.341680251993239,0.4992477653312231,0.5095711612735333,0.0,0.0,0.0016681005372000581
1,4.377981277182698,0.4580734635505616,0.4667574269728067,0.0,0.0,0.0016681005372000581
2,4.403687015175819,0.44582203038635543,0.45399111404446585,0.0,0.0,0.0016681005372000581
3,4.440871850121766,0.4383878298887195,0.4463179447858646,0.0,0.0,0.0016681005372000581
4,4.444244798738509,0.41653007185098306,0.42388234836891947,0.0,0.0,0.0016681005372000581
5,4.169358763843775,0.4052728033748385,0.4122606564173399,0.0,0.0,0.0016681005372000581
6,4.428377164993435,0.39921761109162757,0.4059529000092163,0.0,0.0,0.0016681005372000581
7,4.488494438119233,0.3934388557016329,0.39980957464461525,0.0,0.0,0.0016681005372000581
8,4.487436802126467,0.3870820095102258,0.39293428687140763,0.0,0.0,0.0016681005372000581
9,4.52734629670158,0.3833388710499873,0.38878702455067665,0.0,0.0,0.0016681005372000581
10,4.52163276867941,0.38062842458398777,0.38584819971981976,0.0,0.0,0.0016681005372000581
11,4.589452552143484,0.3787038449702972,0.383731444228489,0.0,0.0,0.0016681005372000581
12,4.527458957862109,0.3774610939236613,0.3824636162032386,0.0,0.0,0.0016681005372000581
13,4.556629120837897,0.37660255625038835,0.3816201825583203,0.0,0.0,0.0016681005372000581
14,4.552520011086017,0.3760782935923534,0.3811591784610666,0.0,0.0,0.0016681005372000581
15,4.557684735860676,0.37574394972551517,0.3808400214291167,0.0,0.0,0.0016681005372000581
16,4.525808509904891,0.37547576376206715,0.3805880289258506,0.0,0.0,0.0016681005372000581
17,4.551220085006207,0.37523621967748744,0.3803344408388765,0.0,0.0,0.0016681005372000581
18,4.519253451842815,0.37488563828301613,0.3799903904792972,0.0,0.0,0.0016681005372000581
19,4.544446134008467,0.37442478858832795,0.3795279400847567,0.0,0.0,0.0016681005372000581
