,times,train_loss,test_loss,train_acc,test_acc,eta
0,0.26031028805300593,0.2183420343366194,0.22080824336127902,94.73092813801925,94.8139952980224,0.6666666666666666
1,0.30714819906279445,0.1266821535103301,0.13145416377580765,96.05511089598423,95.65067072327479,0.6666666666666666
2,0.28948222007602453,0.10791840308204244,0.1147956900368809,96.80017978460421,96.19692988521643,0.6666666666666666
3,0.2916289260610938,0.09482043620214968,0.10364835457450491,97.24272650267083,96.52191951320702,0.6666666666666666
4,0.3035907419398427,0.0869250689330877,0.09750101922446937,97.54006257887185,96.77776241183793,0.6666666666666666
5,0.2850353578105569,0.0825157697350325,0.09428516996097377,97.69564540944215,96.88148250587747,0.6666666666666666
6,0.2818856337107718,0.0783967643504178,0.09137445757901384,97.87024391930437,97.04051998340478,0.6666666666666666
7,0.2812406928278506,0.07508507296130963,0.08909863974684486,97.99125278752571,97.08892269395658,0.6666666666666666
8,0.27903553610667586,0.07156638059080804,0.08674681068984604,98.13992082562622,97.17881344212418,0.6666666666666666
9,0.2612773831933737,0.07016495178675544,0.08583696999667609,98.17449478797518,97.21338680680404,0.6666666666666666
10,0.25960909482091665,0.06884754940309701,0.08499134794659563,98.21944093902881,97.22030147974,0.6666666666666666
11,0.3067256039939821,0.06395267241198282,0.08190670961537959,98.39576814700848,97.2894482090997,0.6666666666666666
12,0.28123975871130824,0.061724400797774165,0.08056156164636911,98.46318737358895,97.31019222790762,0.6666666666666666
13,0.2834082650952041,0.06016195347603949,0.07964143047676984,98.52196310958217,97.32402157377956,0.6666666666666666
14,0.2838928853161633,0.058342703351975014,0.07859728498848176,98.5807388455754,97.3378509196515,0.6666666666666666
15,0.2843580008484423,0.056900878281822505,0.07778942601582371,98.63605718533373,97.35168026552344,0.6666666666666666
16,0.3064225446432829,0.05521546386666118,0.07686829695046013,98.70520511003164,97.37242428433134,0.6666666666666666
17,0.264965642709285,0.05459580958092705,0.07653828329325951,98.73459297802825,97.39316830313926,0.6666666666666666
18,0.28237781673669815,0.05337505785383881,0.07589693302761644,98.76570954414231,97.40008297607523,0.6666666666666666
19,0.2842091517522931,0.052101292541742956,0.07524332018976938,98.81411309143084,97.38625363020329,0.6666666666666666
