,times,train_loss,test_loss,train_acc,test_acc,eta
0,0.2815133361145854,0.379502100083584,0.37950847080875416,87.42372119556762,87.23551376019914,2.041241452319315
1,0.2857686709612608,0.27124130180351347,0.27181178642536397,91.32539284664719,91.68164845802794,2.041241452319315
2,0.2829387839883566,0.22194762723345274,0.22311640890071532,93.15608415302435,93.39648734614853,2.041241452319315
3,0.26257546013221145,0.2125929533410202,0.2141958366484458,93.8095320414196,93.97731987277001,2.041241452319315
4,0.28228967683389783,0.1803536372285427,0.1827713376124267,94.79316127024738,94.66878716636703,2.041241452319315
5,0.2654228638857603,0.17600292473833964,0.17867333902729257,95.00233374245856,94.77250726040658,2.041241452319315
6,0.30749261984601617,0.1414414299146038,0.1454989891979728,95.76123221601812,95.40865717051584,2.041241452319315
7,0.2876487351022661,0.13093963361015942,0.13557059165194044,96.01016474493059,95.5538653021712,2.041241452319315
8,0.2848076936788857,0.1240371000179107,0.1290897638322602,96.18649195291026,95.68524408795464,2.041241452319315
9,0.2680299920029938,0.1228169049319633,0.12799497879948574,96.25045378325584,95.73364679850643,2.041241452319315
10,0.2658100198023021,0.12166609121610963,0.12697306846732145,96.32133040607118,95.81662287373807,2.041241452319315
11,0.2601367188617587,0.12057256182074787,0.12601075866132924,96.38529223641676,95.85119623841793,2.041241452319315
12,0.3305847253650427,0.10519721210271529,0.11207087686800785,96.87105640741957,96.26607661457614,2.041241452319315
13,0.2693800223059952,0.10458000023779526,0.11158586199776077,96.90390167165108,96.27990596044808,2.041241452319315
14,0.30793859204277396,0.0988537443708614,0.10668075917507841,97.08541497398309,96.43202876503942,2.041241452319315
15,0.2630911571905017,0.09836035130068274,0.10630531773229451,97.10961674762736,96.44585811091136,2.041241452319315
16,0.30279380129650235,0.09396052765166527,0.10271281207423144,97.26174218196276,96.59106624256673,2.041241452319315
17,0.27896422194316983,0.09224553940562695,0.10134709559804232,97.3101457292513,96.65329829899046,2.041241452319315
18,0.30725670885294676,0.08952385021995682,0.09922068768738754,97.41559631441561,96.76393306596599,2.041241452319315
19,0.3688938091509044,0.08607301215134856,0.09658745826953057,97.55043476757653,96.86073848706957,2.041241452319315
