,times,train_loss,test_loss,train_acc,test_acc,eta
0,0.3586854632012546,2.6403448860201643e+107,2.6405089115179545e+107,0.0,0.0,0.8795442791215591
1,0.8776346729137003,1.1301091718840775e+214,1.1301791079618066e+214,0.0,0.0,0.8795442791215591
2,0.4177932762540877,inf,inf,0.0,0.0,0.8795442791215591
3,1.0718146446160972,inf,inf,0.0,0.0,0.8795442791215591
4,0.41402402287349105,inf,inf,0.0,0.0,0.8795442791215591
5,1.1514630150049925,,,0.0,0.0,0.8795442791215591
6,0.8361299559473991,,,0.0,0.0,0.8795442791215591
7,1.0378381358459592,,,0.0,0.0,0.8795442791215591
8,0.4764878060668707,,,0.0,0.0,0.8795442791215591
9,0.6319878809154034,,,0.0,0.0,0.8795442791215591
10,0.6178268678486347,,,0.0,0.0,0.8795442791215591
11,0.6253191060386598,,,0.0,0.0,0.8795442791215591
12,0.9626058111898601,,,0.0,0.0,0.8795442791215591
13,1.9138878039084375,,,0.0,0.0,0.8795442791215591
14,0.735376751050353,,,0.0,0.0,0.8795442791215591
15,0.45533965388312936,,,0.0,0.0,0.8795442791215591
16,1.0083636059425771,,,0.0,0.0,0.8795442791215591
17,1.4760668650269508,,,0.0,0.0,0.8795442791215591
18,0.687617379706353,,,0.0,0.0,0.8795442791215591
19,0.48145911004394293,,,0.0,0.0,0.8795442791215591
