,times,train_loss,test_loss,train_acc,test_acc,eta
0,0.44105010107159615,6.999744931737841e+161,7.00018055828725e+161,0.0,0.0,0.6666666666666666
1,0.9811392328701913,inf,inf,0.0,0.0,0.6666666666666666
2,0.47629133611917496,inf,inf,0.0,0.0,0.6666666666666666
3,0.6974117397330701,,,0.0,0.0,0.6666666666666666
4,0.9938494800589979,,,0.0,0.0,0.6666666666666666
5,0.9716983819380403,,,0.0,0.0,0.6666666666666666
6,0.651210583280772,,,0.0,0.0,0.6666666666666666
7,0.6440461659803987,,,0.0,0.0,0.6666666666666666
8,1.1649144911207259,,,0.0,0.0,0.6666666666666666
9,0.9657431938685477,,,0.0,0.0,0.6666666666666666
10,0.42992132622748613,,,0.0,0.0,0.6666666666666666
11,0.45066029392182827,,,0.0,0.0,0.6666666666666666
12,0.7207668912597001,,,0.0,0.0,0.6666666666666666
13,0.4526932379230857,,,0.0,0.0,0.6666666666666666
14,0.6532986885868013,,,0.0,0.0,0.6666666666666666
15,0.6358254556544125,,,0.0,0.0,0.6666666666666666
16,0.4637353792786598,,,0.0,0.0,0.6666666666666666
17,0.40591143583878875,,,0.0,0.0,0.6666666666666666
18,0.732649649027735,,,0.0,0.0,0.6666666666666666
19,0.9443836491554976,,,0.0,0.0,0.6666666666666666
