,times,train_loss,test_loss,train_acc,test_acc,eta
0,0.6227905848063529,0.1997624258152158,0.1912491150092794,0.0,0.0,2.4473842035271822
1,0.6321104089729488,0.19972658261480744,0.19122472976977237,0.0,0.0,2.4473842035271822
2,0.8911216841079295,0.19964760374284832,0.19116221990346904,0.0,0.0,2.4473842035271822
3,0.907133836299181,0.19956394726777202,0.1911005073816996,0.0,0.0,2.4473842035271822
4,0.3627640218473971,0.19954334348248287,0.19109081803856326,0.0,0.0,2.4473842035271822
5,0.973355860915035,0.19942099956738524,0.19098486408412854,0.0,0.0,2.4473842035271822
6,0.395954268053174,0.1994004690770675,0.19096506304736094,0.0,0.0,2.4473842035271822
7,0.44244166696444154,0.1993799528877457,0.1909635954577229,0.0,0.0,2.4473842035271822
8,1.24460559617728,0.19916091950617848,0.19079445798988556,0.0,0.0,2.4473842035271822
9,0.36360545875504613,0.19914051279818332,0.19077878278809604,0.0,0.0,2.4473842035271822
10,0.3758385870605707,0.19912012714728425,0.19076141027138166,0.0,0.0,2.4473842035271822
11,0.6145605449564755,0.19901436557411517,0.190682885954303,0.0,0.0,2.4473842035271822
12,0.36730537796393037,0.19899404539024515,0.19066361845188115,0.0,0.0,2.4473842035271822
13,0.6882360619492829,0.19886925906493044,0.19057119819016363,0.0,0.0,2.4473842035271822
14,0.680022994056344,0.1987476686361343,0.19046891700654406,0.0,0.0,2.4473842035271822
15,1.1875085080973804,0.19850480953670302,0.19029157586009945,0.0,0.0,2.4473842035271822
16,0.9615889438427985,0.19842179749076128,0.19023102599587688,0.0,0.0,2.4473842035271822
17,0.9741937066428363,0.19825767458543986,0.1901010822183737,0.0,0.0,2.4473842035271822
18,0.6431148061528802,0.1981990779517731,0.19005856042871377,0.0,0.0,2.4473842035271822
19,0.6266483403742313,0.19812171225487957,0.18999399311979226,0.0,0.0,2.4473842035271822
