,times,train_loss,test_loss,train_acc,test_acc,eta
0,0.23159989202395082,0.6806025010938137,0.6806440914800499,78.4777084377755,78.60600193610843,0.05166198660059535
1,0.22568102506920695,0.6687085216243485,0.6687859704685916,78.78887409891611,79.08311436869036,0.05166198660059535
2,0.2319566598162055,0.6574224828699009,0.657530680613193,79.11386934499629,79.49799474484857,0.05166198660059535
3,0.23720058891922235,0.6467024544956299,0.6468369162548168,79.45096547789859,79.84372839164708,0.05166198660059535
4,0.23640807392075658,0.6365126465660488,0.636669431266182,79.76040244092174,80.1410593278938,0.05166198660059535
5,0.23412498645484447,0.6268170231943383,0.626992715610699,80.14244472487769,80.54211035818005,0.05166198660059535
6,0.2317183050327003,0.6175821692997331,0.617773828540676,80.46398257472298,80.8809293320426,0.05166198660059535
7,0.22976505337283015,0.6087781087754891,0.6089832213357672,80.77860563209846,81.11602821186558,0.05166198660059535
8,0.22842090390622616,0.6003753728199444,0.6005917955388999,81.08458519888671,81.36495643756051,0.05166198660059535
9,0.22840069001540542,0.5923472982386618,0.5925732228368802,81.43032482237626,81.6415433549993,0.05166198660059535
10,0.23163062101230025,0.584668461738837,0.5849023928237026,81.67234255881895,81.98036232886184,0.05166198660059535
11,0.23226138204336166,0.577316691765397,0.5775573896714068,81.93337597455357,82.32609597566035,0.05166198660059535
12,0.22944578481838107,0.570270101067855,0.5705165654745064,82.19786678652306,82.56810952841931,0.05166198660059535
13,0.2285934998653829,0.5635092524204781,0.5637606755841862,82.46062890037513,82.80320840824228,0.05166198660059535
14,0.22855525417253375,0.5570160345400913,0.5572717817237236,82.73203450481442,83.02447794219333,0.05166198660059535
15,0.22707143519073725,0.5507736347366489,0.55103322782603,82.98615312807925,83.25266214908035,0.05166198660059535
16,0.2301220577210188,0.5447667781699623,0.545029854439153,83.20224039276022,83.51541972064722,0.05166198660059535
17,0.23143303021788597,0.5389808253883885,0.539247145972476,83.46154511037737,83.80583598395796,0.05166198660059535
18,0.23385517112910748,0.5334026260029835,0.5336720443044461,83.71739243175963,84.027105517909,0.05166198660059535
19,0.23113449197262526,0.5280200451520252,0.5282924721518001,83.96805365878956,84.2138016871802,0.05166198660059535
