,times,train_loss,test_loss,train_acc,test_acc,eta
0,0.21850626589730382,0.10955738377757618,0.1182056318143544,97.27557176690235,96.69478633660628,111.30237608828492
1,0.22117539728060365,0.08329088246634168,0.09634732334300536,97.89963178730099,97.01977596459687,111.30237608828492
2,0.22547354688867927,0.07083200582283208,0.08713401461138763,98.25228620326033,97.24104549854792,111.30237608828492
3,0.225573250092566,0.06299864463422773,0.0818340794878923,98.48738914723322,97.28253353616374,111.30237608828492
4,0.2241446659900248,0.05743947506367155,0.0784216975135606,98.6568015627431,97.36550961139538,111.30237608828492
5,0.22394750034436584,0.05321648664788603,0.0760452554081443,98.78991131778658,97.37242428433134,111.30237608828492
6,0.22093212185427547,0.049866749795325585,0.07427717627694053,98.90573409165557,97.4069976490112,111.30237608828492
7,0.22098934883251786,0.04712936078687593,0.07294114832379758,99.00772728058499,97.43465634075508,111.30237608828492
8,0.2307214722968638,0.04484037302073388,0.07191515298758705,99.08206129963524,97.4761443783709,111.30237608828492
9,0.23943399032577872,0.04289166652022661,0.0711039214851062,99.14256573374591,97.43465634075508,111.30237608828492
10,0.23018271522596478,0.04121087871669307,0.07045648857906744,99.18578318668212,97.42082699488314,111.30237608828492
11,0.22784105874598026,0.03974435522082423,0.069945556815385,99.22727194150086,97.40008297607523,111.30237608828492
12,0.22894592909142375,0.038453041729944355,0.06951476986593011,99.26357460196726,97.43465634075508,111.30237608828492
13,0.22716543078422546,0.03730645349115414,0.06917016105358634,99.31370684737324,97.4277416678191,111.30237608828492
14,0.22955755703151226,0.03628197124726515,0.06888323114950293,99.33617992290006,97.44848568662702,111.30237608828492
15,0.2274382747709751,0.03536131904514888,0.06865681187384015,99.35865299842689,97.4277416678191,111.30237608828492
16,0.22839692374691367,0.03452945845384319,0.0684691215729766,99.38285477207116,97.41391232194717,111.30237608828492
17,0.23141114925965667,0.03377453756371635,0.06832187178087426,99.3880408664235,97.40008297607523,111.30237608828492
18,0.23366222996264696,0.03308626894627996,0.06820091974944066,99.41224264006776,97.40008297607523,111.30237608828492
19,0.231940733268857,0.03245708694971241,0.06810802368408322,99.42952962124224,97.42082699488314,111.30237608828492
