,times,train_loss,test_loss,train_acc,test_acc,eta
0,0.23245989298447967,0.4306534049347031,0.43106506350458745,87.9406019326845,87.78177292214079,2.397937001275765
1,0.24140056921169162,0.3469932541677334,0.347802987682113,90.78085293965115,90.90029041626332,2.397937001275765
2,0.23162770504131913,0.3012576247438648,0.3024534093973919,92.27271941500855,92.51140921034435,2.397937001275765
3,0.2269371380098164,0.2713910466023269,0.27293177041871985,93.30820958735976,93.520951458996,2.397937001275765
4,0.22205481072887778,0.2498862069591227,0.2517411122895489,93.9322696077584,94.11561333148941,2.397937001275765
5,0.22490445617586374,0.23342577838310327,0.23557527800809377,94.36444413712033,94.45443230535196,2.397937001275765
6,0.2221331847831607,0.2202824780328378,0.22271079848169034,94.71536985496223,94.7448485686627,2.397937001275765
7,0.2245545508340001,0.20946389794028505,0.2121578983957355,95.01443462928069,94.93845941086987,2.397937001275765
8,0.2239101049490273,0.2003458492744266,0.20329349939955538,95.2287931958442,95.05600885078135,2.397937001275765
9,0.22378034703433514,0.19251831358007837,0.19571018163383488,95.42240738499835,95.15972894482091,2.397937001275765
10,0.22582313092425466,0.1856969864494416,0.18912364152666875,95.55205974380694,95.33259576822016,2.397937001275765
11,0.22266881121322513,0.17968061316303144,0.1833335965647117,95.68171210261552,95.50546259161942,2.397937001275765
12,0.2253408320248127,0.17431913990256792,0.17819020289069606,95.78889138589729,95.56769464804314,2.397937001275765
13,0.2230127789080143,0.16950045717986761,0.17358248641859123,95.88569848047436,95.61609735859494,2.397937001275765
14,0.22726678103208542,0.16513599138940524,0.16942254625062084,95.996335159991,95.69907343382658,2.397937001275765
15,0.22514337627217174,0.16115778891040677,0.16564252898936327,96.0862274620983,95.76130549025031,2.397937001275765
16,0.22828879905864596,0.1575098261733365,0.16218678850831253,96.18476325479281,95.84428156548195,2.397937001275765
17,0.2262980481609702,0.1541482553768379,0.15901226269302646,96.26601206631285,95.93417231364957,2.397937001275765
18,0.2270764261484146,0.15103674791103147,0.15608274899211844,96.33688868912822,95.96183100539345,2.397937001275765
19,0.2295494950376451,0.148144192105508,0.15336758124337607,96.40257921759124,96.02406306181717,2.397937001275765
