,times,train_loss,test_loss,train_acc,test_acc,eta
0,0.725736056920141,0.31970159789141206,0.31398768630106344,90.24285714285715,90.49955834723721,1.9114325497407354
1,0.6923816502094269,0.3196888045026878,0.3139732321086678,90.24285714285715,90.49955834723721,1.9114325497407354
2,0.693234033882618,0.3196760151985986,0.31395893140294345,90.24285714285715,90.49955834723721,1.9114325497407354
3,0.676859166007489,0.31966322988606694,0.3139446134328638,90.24285714285715,90.49955834723721,1.9114325497407354
4,0.691571997012943,0.31965044855722696,0.31393031181641756,90.24285714285715,90.49955834723721,1.9114325497407354
5,0.6916699088178575,0.31963767121896114,0.3139159870020968,90.24285714285715,90.49955834723721,1.9114325497407354
6,0.7055640113539994,0.3196248978572408,0.31390169036114324,90.24285714285715,90.49955834723721,1.9114325497407354
7,0.7002965109422803,0.3196121284714606,0.31388738781314696,90.24285714285715,90.49955834723721,1.9114325497407354
8,0.726697423029691,0.3195993630667387,0.3138731065012155,90.24285714285715,90.49955834723721,1.9114325497407354
9,0.725871398113668,0.31958660163561414,0.3138588032435563,90.24285714285715,90.49955834723721,1.9114325497407354
10,0.6993432529270649,0.31957384417255097,0.3138445257196605,90.24285714285715,90.49955834723721,1.9114325497407354
11,0.8131104940548539,0.31956109068604105,0.31383023687591605,90.24285714285715,90.49955834723721,1.9114325497407354
12,0.8197350720874965,0.319548341166239,0.31381594975715543,90.24285714285715,90.49955834723721,1.9114325497407354
13,0.8295492371544242,0.3195355956134872,0.3138016821872689,90.24285714285715,90.49955834723721,1.9114325497407354
14,0.8201028709299862,0.3195228540313273,0.3137873949042606,90.24285714285715,90.49955834723721,1.9114325497407354
15,0.8561300146393478,0.3195101164058177,0.31377313343101787,90.24285714285715,90.49955834723721,1.9114325497407354
16,0.817493312060833,0.3194973827422514,0.31375885780680407,90.24285714285715,90.49955834723721,1.9114325497407354
17,0.8139330348931253,0.319484653032527,0.31374459493969103,90.24285714285715,90.49955834723721,1.9114325497407354
18,0.8186124339699745,0.3194719272867415,0.3137303370266103,90.24285714285715,90.49955834723721,1.9114325497407354
19,0.719393721781671,0.3194592054918875,0.31371607896842724,90.24285714285715,90.49955834723721,1.9114325497407354
