,times,train_loss,test_loss,train_acc,test_acc,eta
0,0.7002603011205792,0.320350863596231,0.3149432036785613,90.24285714285715,90.49955834723721,0.18566355334451112
1,0.6992697953246534,0.31971791164419644,0.31403523552094575,90.24285714285715,90.49955834723721,0.18566355334451112
2,0.6963457339443266,0.319710685646735,0.314000827907812,90.24285714285715,90.49955834723721,0.18566355334451112
3,0.6966363908722997,0.3197093796578531,0.3139965992392922,90.24285714285715,90.49955834723721,0.18566355334451112
4,0.664015440735966,0.319708135927418,0.3139949211065317,90.24285714285715,90.49955834723721,0.18566355334451112
5,0.7363083907403052,0.3197068928963072,0.3139935002084844,90.24285714285715,90.49955834723721,0.18566355334451112
6,0.713771868031472,0.31970564990991923,0.3139921061165111,90.24285714285715,90.49955834723721,0.18566355334451112
7,0.8423124849796295,0.3197044069612406,0.31399071463000255,90.24285714285715,90.49955834723721,0.18566355334451112
8,0.6718893540091813,0.3197031640503009,0.3139893232201838,90.24285714285715,90.49955834723721,0.18566355334451112
9,0.673635276965797,0.3197019211769966,0.31398793208723497,90.24285714285715,90.49955834723721,0.18566355334451112
10,0.7205072739161551,0.3197006783413151,0.3139865409374012,90.24285714285715,90.49955834723721,0.18566355334451112
11,0.6064556259661913,0.3196994355433193,0.3139851499666801,90.24285714285715,90.49955834723721,0.18566355334451112
12,0.6047948570922017,0.31969819278298395,0.3139837588000141,90.24285714285715,90.49955834723721,0.18566355334451112
13,0.6591947707347572,0.31969695006032595,0.31398236789882483,90.24285714285715,90.49955834723721,0.18566355334451112
14,0.6594386850483716,0.319695707375262,0.313980976575005,90.24285714285715,90.49955834723721,0.18566355334451112
15,0.6580266649834812,0.3196944647278747,0.31397958589921576,90.24285714285715,90.49955834723721,0.18566355334451112
16,0.6824321560561657,0.3196932221181495,0.3139781948580602,90.24285714285715,90.49955834723721,0.18566355334451112
17,0.6830504550598562,0.3196919795460929,0.3139768039508682,90.24285714285715,90.49955834723721,0.18566355334451112
18,0.6928242580033839,0.3196907370116691,0.3139754130363885,90.24285714285715,90.49955834723721,0.18566355334451112
19,0.7158949789591134,0.31968949451489653,0.3139740223498131,90.24285714285715,90.49955834723721,0.18566355334451112
