,times,train_loss,test_loss,train_acc,test_acc,eta
0,0.7038190378807485,0.4878680919545486,0.4862497722737382,90.24285714285715,90.49955834723721,0.014375254655218508
1,0.708599295001477,0.40496699938345104,0.4023150449166064,90.24285714285715,90.49955834723721,0.014375254655218508
2,0.7315551107749343,0.36688551992667723,0.3635308013873635,90.24285714285715,90.49955834723721,0.014375254655218508
3,0.7126844162121415,0.3474368846019356,0.34357902654643696,90.24285714285715,90.49955834723721,0.014375254655218508
4,0.7599969538860023,0.33671058204330284,0.33247866063816084,90.24285714285715,90.49955834723721,0.014375254655218508
5,0.7902471371926367,0.3304574910353594,0.3259397646709481,90.24285714285715,90.49955834723721,0.014375254655218508
6,0.7845384958200157,0.32666054471731387,0.3219200048888997,90.24285714285715,90.49955834723721,0.014375254655218508
7,0.8023894452489913,0.32428340867822325,0.3193665124667837,90.24285714285715,90.49955834723721,0.014375254655218508
8,0.7933787149377167,0.3227599386199375,0.31770182703128713,90.24285714285715,90.49955834723721,0.014375254655218508
9,0.7995175640098751,0.3217656439024574,0.3165934295236267,90.24285714285715,90.49955834723721,0.014375254655218508
10,0.6821466200053692,0.3211073413519355,0.3158422719508427,90.24285714285715,90.49955834723721,0.014375254655218508
11,0.6910640951246023,0.3206664789002382,0.3153254149651972,90.24285714285715,90.49955834723721,0.014375254655218508
12,0.6857866658829153,0.3203685036265613,0.31496495911418004,90.24285714285715,90.49955834723721,0.014375254655218508
13,0.6869409969076514,0.3201655926717611,0.3147104876277035,90.24285714285715,90.49955834723721,0.014375254655218508
14,0.6881020423024893,0.3200265685739838,0.31452878563248715,90.24285714285715,90.49955834723721,0.014375254655218508
15,0.6897405949421227,0.3199308336574124,0.3143976374848883,90.24285714285715,90.49955834723721,0.014375254655218508
16,0.6877229758538306,0.31986463007689947,0.31430198863304326,90.24285714285715,90.49955834723721,0.014375254655218508
17,0.6925540543161333,0.31981868502678856,0.31423151911363273,90.24285714285715,90.49955834723721,0.014375254655218508
18,0.6586417630314827,0.31978670155956085,0.3141790809343759,90.24285714285715,90.49955834723721,0.014375254655218508
19,0.6813492616638541,0.3197643768485352,0.31413967593123276,90.24285714285715,90.49955834723721,0.014375254655218508
