,times,train_loss,test_loss,train_acc,test_acc,eta
0,0.7036745110526681,6.922007316893959,6.738981925228728,90.24285714285715,90.49955834723721,111.30237608828492
1,0.8062441367655993,2.764461893780491,2.768821651553636,9.757142857142853,9.500441652762788,111.30237608828492
2,0.7982743792235851,2.8977942887233543,2.821280478441412,90.24285714285715,90.49955834723721,111.30237608828492
3,0.7697158800438046,6.095871256982209,5.934630633216446,90.24285714285715,90.49955834723721,111.30237608828492
4,0.788516387809068,9.294396307015521,9.048019954108069,90.24285714285715,90.49955834723721,111.30237608828492
5,0.7867199410684407,1.5859398930695605,1.5439010372050919,90.24285714285715,90.49955834723721,111.30237608828492
6,0.7894391058944166,4.782364639496614,4.655624396687212,90.24285714285715,90.49955834723721,111.30237608828492
7,0.7847070428542793,7.983525878313636,7.771700252346893,90.24285714285715,90.49955834723721,111.30237608828492
8,0.799168752040714,0.7624307055127002,0.7416579298185119,90.24285714285715,90.49955834723721,111.30237608828492
9,0.8752591777592897,3.958466931451503,3.8531636897200396,90.24285714285715,90.49955834723721,111.30237608828492
10,0.7874243003316224,7.157696446592759,6.967634219968153,90.24285714285715,90.49955834723721,111.30237608828492
11,0.7840196178294718,4.5538389757225275,4.559788464315924,9.757142857142853,9.500441652762788,111.30237608828492
12,0.7993420190177858,2.642428163804608,2.5717358963965045,90.24285714285715,90.49955834723721,111.30237608828492
13,0.8356068870052695,5.8477198212136035,5.692155159923243,90.24285714285715,90.49955834723721,111.30237608828492
14,0.8614349449053407,9.04923871443152,8.808463196033783,90.24285714285715,90.49955834723721,111.30237608828492
15,0.7859366149641573,1.822897733141953,1.7735437944877752,90.24285714285715,90.49955834723721,111.30237608828492
16,0.7134842602536082,5.020655164192516,4.886602474458554,90.24285714285715,90.49955834723721,111.30237608828492
17,0.7140242671594024,8.219625737541879,8.00045556701933,90.24285714285715,90.49955834723721,111.30237608828492
18,0.7165298201143742,0.5179947798576076,0.5026626354736744,90.24285714285715,90.49955834723721,111.30237608828492
19,0.7139966571703553,3.7126238377520755,3.6126286644061403,90.24285714285715,90.49955834723721,111.30237608828492
