,times,train_loss,test_loss,train_acc,test_acc,eta
0,1.625497976783663,0.38733194180486913,0.37768936523693986,90.24285714285715,90.49955834723721,0.6666666666666666
1,0.47589046880602837,0.34051110406899915,0.3363966984024318,90.24285714285715,90.49955834723721,0.6666666666666666
2,1.0558940242044628,0.3809771571382238,0.37145425275857036,90.24285714285715,90.49955834723721,0.6666666666666666
3,1.5898039513267577,0.3800244542553989,0.37046944784523883,90.24285714285715,90.49955834723721,0.6666666666666666
4,0.8210710329003632,0.34072328365056626,0.3365270556058078,90.24285714285715,90.49955834723721,0.6666666666666666
5,0.8180742398835719,0.3781001644500447,0.3685003697583509,90.24285714285715,90.49955834723721,0.6666666666666666
6,1.1725324341095984,0.39933634916362365,0.3889299608171055,90.24285714285715,90.49955834723721,0.6666666666666666
7,1.1688687591813505,0.33568043292670324,0.33119246944550285,90.24285714285715,90.49955834723721,0.6666666666666666
8,0.8437394117936492,0.3759448238558078,0.3662238509406794,90.24285714285715,90.49955834723721,0.6666666666666666
9,0.46588503615930676,0.3392896664739968,0.334886737843309,90.24285714285715,90.49955834723721,0.6666666666666666
10,0.9152345429174602,0.3905676316838699,0.38023953589034687,90.24285714285715,90.49955834723721,0.6666666666666666
11,0.6086056628264487,0.33752774196484653,0.33298528008023826,90.24285714285715,90.49955834723721,0.6666666666666666
12,1.1792411571368575,0.33963742096129346,0.33510227447235286,90.24285714285715,90.49955834723721,0.6666666666666666
13,1.1802887008525431,0.3402143940761816,0.3356512503441351,90.24285714285715,90.49955834723721,0.6666666666666666
14,0.47104585403576493,0.3877845378328774,0.3773065595770417,90.24285714285715,90.49955834723721,0.6666666666666666
15,1.499605253804475,0.38433305249332494,0.3738708471658187,90.24285714285715,90.49955834723721,0.6666666666666666
16,0.4560685227625072,0.32999501621051186,0.3249502553936967,90.24285714285715,90.49955834723721,0.6666666666666666
17,0.8018415961414576,0.33568415322990997,0.33083082900020766,90.24285714285715,90.49955834723721,0.6666666666666666
18,0.46458201203495264,0.3732467758744435,0.3630424492781091,90.24285714285715,90.49955834723721,0.6666666666666666
19,0.8071761070750654,0.3362733325905084,0.3313760296588932,90.24285714285715,90.49955834723721,0.6666666666666666
