,times,train_loss,test_loss,train_acc,test_acc,eta
0,2.057781440205872,,,0.0,0.0,0.6666666666666666
1,4.417274662293494,,,0.0,0.0,0.6666666666666666
2,2.0593899749219418,,,0.0,0.0,0.6666666666666666
3,2.050743954256177,,,0.0,0.0,0.6666666666666666
4,2.059719834011048,,,0.0,0.0,0.6666666666666666
5,4.4784290180541575,,,0.0,0.0,0.6666666666666666
6,4.485885459929705,,,0.0,0.0,0.6666666666666666
7,6.891260270960629,,,0.0,0.0,0.6666666666666666
8,6.934518427122384,,,0.0,0.0,0.6666666666666666
9,2.1341924876905978,,,0.0,0.0,0.6666666666666666
10,6.972398091107607,,,0.0,0.0,0.6666666666666666
11,9.659456931054592,,,0.0,0.0,0.6666666666666666
12,1.980912805069238,,,0.0,0.0,0.6666666666666666
13,2.0702504091896117,,,0.0,0.0,0.6666666666666666
14,4.2986201429739594,,,0.0,0.0,0.6666666666666666
15,1.9628372928127646,,,0.0,0.0,0.6666666666666666
16,4.305203604046255,,,0.0,0.0,0.6666666666666666
17,1.9545973571948707,,,0.0,0.0,0.6666666666666666
18,6.650500759016722,,,0.0,0.0,0.6666666666666666
19,4.304739246144891,,,0.0,0.0,0.6666666666666666
