,times,train_loss,test_loss,train_acc,test_acc,eta
0,4.360087749082595,0.4106715083014606,0.41788132204397926,0.0,0.0,4.08248290463863
1,4.306961465161294,0.39297108113926077,0.3993745594694858,0.0,0.0,4.08248290463863
2,1.9240741040557623,0.3883845819612786,0.39466859426629214,0.0,0.0,4.08248290463863
3,1.9254368678666651,0.3855378822400141,0.3916576371997507,0.0,0.0,4.08248290463863
4,1.905541691929102,0.38331035723992896,0.3893540885335064,0.0,0.0,4.08248290463863
5,4.28746135905385,0.37716956912408567,0.3820069736125174,0.0,0.0,4.08248290463863
6,1.9074664139188826,0.3758405420370264,0.380779901928917,0.0,0.0,4.08248290463863
7,1.9248804007656872,0.3750924602426506,0.38013620782620566,0.0,0.0,4.08248290463863
8,8.964972145855427,0.3902700975014393,0.39350959946078085,0.0,0.0,4.08248290463863
9,4.298874169122428,0.3903031473300474,0.39358150189574326,0.0,0.0,4.08248290463863
10,4.388039214070886,0.385547350136374,0.3891111780471039,0.0,0.0,4.08248290463863
11,2.0050568650476635,0.38148503968202413,0.3852878113684733,0.0,0.0,4.08248290463863
12,4.317051413003355,0.37363095486282455,0.37805334614798236,0.0,0.0,4.08248290463863
13,4.2781140501610935,0.36998469515730176,0.3749005733069576,0.0,0.0,4.08248290463863
14,6.497820996213704,0.37036954913610254,0.37582930065073855,0.0,0.0,4.08248290463863
15,4.22130262805149,0.37049349273514365,0.3760142883050691,0.0,0.0,4.08248290463863
16,11.357211738359183,0.3717157000936834,0.3772858128432971,0.0,0.0,4.08248290463863
17,1.9303547949530184,0.3702633048394671,0.37577195752982806,0.0,0.0,4.08248290463863
18,1.9088873681612313,0.3691747093617576,0.37463090904879676,0.0,0.0,4.08248290463863
19,1.9238818632438779,0.3683530406362361,0.37376579471342947,0.0,0.0,4.08248290463863
