,times,train_loss,test_loss,train_acc,test_acc,eta
0,0.6476883157156408,0.31970989938017036,0.31399747152668456,90.24285714285715,90.49955834723721,0.6672402148800234
1,0.6787633178755641,0.3197054296649885,0.31399185420074727,90.24285714285715,90.49955834723721,0.6672402148800234
2,0.6952811353839934,0.3197009629410215,0.3139868554155003,90.24285714285715,90.49955834723721,0.6672402148800234
3,0.7061884920112789,0.3196964967033824,0.31398185624214964,90.24285714285715,90.49955834723721,0.6672402148800234
4,0.7038740999996662,0.3196920309514355,0.31397685794588,90.24285714285715,90.49955834723721,0.6672402148800234
5,0.7143495911732316,0.31968756568571627,0.31397185889793294,90.24285714285715,90.49955834723721,0.6672402148800234
6,0.7290855296887457,0.3196831009067571,0.3139668605876005,90.24285714285715,90.49955834723721,0.6672402148800234
7,0.754270404111594,0.31967863661395257,0.31396186353126787,90.24285714285715,90.49955834723721,0.6672402148800234
8,0.7520805071108043,0.31967417280673294,0.31395686578141635,90.24285714285715,90.49955834723721,0.6672402148800234
9,0.7558846026659012,0.31966970948545265,0.31395186894219407,90.24285714285715,90.49955834723721,0.6672402148800234
10,0.7450896701775491,0.319665246649713,0.3139468727554076,90.24285714285715,90.49955834723721,0.6672402148800234
11,0.7615537950769067,0.3196607843003443,0.3139418776419333,90.24285714285715,90.49955834723721,0.6672402148800234
12,0.7568697198294103,0.3196563224364971,0.3139368834712445,90.24285714285715,90.49955834723721,0.6672402148800234
13,0.7548499060794711,0.3196518610581005,0.3139318884648624,90.24285714285715,90.49955834723721,0.6672402148800234
14,0.7218764103017747,0.319647400165104,0.3139268927107958,90.24285714285715,90.49955834723721,0.6672402148800234
15,0.7193910293281078,0.3196429397578896,0.3139218978576352,90.24285714285715,90.49955834723721,0.6672402148800234
16,0.7163149598054588,0.3196384798354847,0.31391690537536093,90.24285714285715,90.49955834723721,0.6672402148800234
17,0.7187526682391763,0.3196340203982607,0.3139119110437235,90.24285714285715,90.49955834723721,0.6672402148800234
18,0.7152418652549386,0.31962956144577004,0.31390692056253566,90.24285714285715,90.49955834723721,0.6672402148800234
19,0.7169805392622948,0.31962510297823826,0.3139019272820574,90.24285714285715,90.49955834723721,0.6672402148800234
