,times,train_loss,test_loss,train_acc,test_acc,eta
0,0.7025710470043123,0.48786821239066436,0.4862498909959761,90.24285714285715,90.49955834723721,0.014375254655218508
1,0.7445231713354588,0.40496703839540144,0.40231508055668824,90.24285714285715,90.49955834723721,0.014375254655218508
2,0.6968280258588493,0.366885534095477,0.3635308124787393,90.24285714285715,90.49955834723721,0.014375254655218508
3,0.6989425946958363,0.3474368906124282,0.3435790296334893,90.24285714285715,90.49955834723721,0.014375254655218508
4,0.7358094057999551,0.3367105879974336,0.3324786644084396,90.24285714285715,90.49955834723721,0.014375254655218508
5,0.7198114832863212,0.3304574946749124,0.32593976647894485,90.24285714285715,90.49955834723721,0.014375254655218508
6,0.7181371450424194,0.32666054741668116,0.32192000608204285,90.24285714285715,90.49955834723721,0.014375254655218508
7,0.7608615411445498,0.32428341015664053,0.3193665125737125,90.24285714285715,90.49955834723721,0.014375254655218508
8,0.6574200978502631,0.3227599396468812,0.31770182688698434,90.24285714285715,90.49955834723721,0.014375254655218508
9,0.6508134608156979,0.32176564457475504,0.31659342915338456,90.24285714285715,90.49955834723721,0.014375254655218508
10,0.6736895008943975,0.3211073419558926,0.31584227164885864,90.24285714285715,90.49955834723721,0.014375254655218508
11,0.6780672678723931,0.3206664794159742,0.3153254146825097,90.24285714285715,90.49955834723721,0.014375254655218508
12,0.6728149675764143,0.32036850407915984,0.3149649588522151,90.24285714285715,90.49955834723721,0.014375254655218508
13,0.6917418967932463,0.32016559308416453,0.31471048738949436,90.24285714285715,90.49955834723721,0.014375254655218508
14,0.6756645860150456,0.32002656895229914,0.3145287854097158,90.24285714285715,90.49955834723721,0.014375254655218508
15,0.6658529411070049,0.31993083399823363,0.31439763726250264,90.24285714285715,90.49955834723721,0.014375254655218508
16,0.7053669993765652,0.3198646303996919,0.3143019884280184,90.24285714285715,90.49955834723721,0.014375254655218508
17,0.6959605719894171,0.31981868533789615,0.3142315189243682,90.24285714285715,90.49955834723721,0.014375254655218508
18,0.8118551271036267,0.3197867018585746,0.31417908075543477,90.24285714285715,90.49955834723721,0.014375254655218508
19,0.805632462259382,0.31976437714240286,0.3141396757677789,90.24285714285715,90.49955834723721,0.014375254655218508
