,times,train_loss,test_loss,train_acc,test_acc,eta
0,0.7044439711607993,0.3196983441099085,0.31398392575754863,90.24285714285715,90.49955834723721,2.397937001275765
1,0.7111868220381439,0.3196822965224518,0.31396595269974537,90.24285714285715,90.49955834723721,2.397937001275765
2,0.6915020681917667,0.31966625521417635,0.3139480087066277,90.24285714285715,90.49955834723721,2.397937001275765
3,0.7213622820563614,0.31965022017434946,0.3139300450294197,90.24285714285715,90.49955834723721,2.397937001275765
4,0.7315990016795695,0.319634191406893,0.31391210462203145,90.24285714285715,90.49955834723721,2.397937001275765
5,0.7275885092094541,0.3196181689007208,0.31389414811903976,90.24285714285715,90.49955834723721,2.397937001275765
6,0.7111221086233854,0.31960215266396974,0.31387621425753953,90.24285714285715,90.49955834723721,2.397937001275765
7,0.7414203020744026,0.31958614267655316,0.3138582865557006,90.24285714285715,90.49955834723721,2.397937001275765
8,0.7033546180464327,0.3195701389461829,0.3138403593925937,90.24285714285715,90.49955834723721,2.397937001275765
9,0.706531043164432,0.3195541414588573,0.31382245117371005,90.24285714285715,90.49955834723721,2.397937001275765
10,0.6861121621914208,0.3195381502135214,0.3138045331993212,90.24285714285715,90.49955834723721,2.397937001275765
11,0.7462416957132518,0.3195221652089979,0.31378662903465526,90.24285714285715,90.49955834723721,2.397937001275765
12,0.8192898868583143,0.319506186453629,0.31376870339274904,90.24285714285715,90.49955834723721,2.397937001275765
13,0.8627250292338431,0.31949021392215793,0.31375083564603323,90.24285714285715,90.49955834723721,2.397937001275765
14,0.8253359119407833,0.3194742476245718,0.31373294112899675,90.24285714285715,90.49955834723721,2.397937001275765
15,0.8287500320002437,0.3194582875468529,0.31371505449596354,90.24285714285715,90.49955834723721,2.397937001275765
16,0.7121227360330522,0.31944233368795927,0.31369717360337585,90.24285714285715,90.49955834723721,2.397937001275765
17,0.7148594208993018,0.3194263860496976,0.3136792963807771,90.24285714285715,90.49955834723721,2.397937001275765
18,0.6941231382079422,0.3194104446209964,0.31366141026617195,90.24285714285715,90.49955834723721,2.397937001275765
19,0.6964596137404442,0.31939450939810426,0.31364355965340296,90.24285714285715,90.49955834723721,2.397937001275765
