,times,train_loss,test_loss,train_acc,test_acc,eta
0,0.6856948458589613,7.504640655924093,7.527210447612396,9.757142857142853,9.500441652762788,400.0
1,0.7215356728993356,24.459638541706088,23.805624809778635,90.24285714285715,90.49955834723721,400.0
2,0.7149395276792347,32.30701538806982,31.440015609775894,90.24285714285715,90.49955834723721,400.0
3,0.7191374469548464,10.190343416301964,10.206242339725389,9.757142857142853,9.500441652762788,400.0
4,0.733409256208688,0.9986312437663079,0.9712024882732193,90.24285714285715,90.49955834723721,400.0
5,0.7332219472154975,2.7576543256919073,2.7528097677829084,9.757142857142853,9.500441652762788,400.0
6,0.7036490761674941,15.016795878074305,14.615543135832807,90.24285714285715,90.49955834723721,400.0
7,0.7116293199360371,24.74913363714201,24.08495388353371,90.24285714285715,90.49955834723721,400.0
8,0.7259828569367528,2.893085262647056,2.813081574612467,90.24285714285715,90.49955834723721,400.0
9,0.7467067469842732,6.993721875891283,6.804653601236261,90.24285714285715,90.49955834723721,400.0
10,0.7444775439798832,25.713801790292134,25.021831117964542,90.24285714285715,90.49955834723721,400.0
11,0.7305394648574293,6.199181425923877,6.029940178273619,90.24285714285715,90.49955834723721,400.0
12,0.7325429180637002,0.5270863056466704,0.519031395244315,89.49142857142857,89.7362078930437,400.0
13,0.7091712388209999,12.658210349547577,12.315131563905766,90.24285714285715,90.49955834723721,400.0
14,0.7102986969985068,18.82469043725245,18.315299002876497,90.24285714285715,90.49955834723721,400.0
15,0.7113907807506621,9.598618846040425,9.335608774890163,90.24285714285715,90.49955834723721,400.0
16,0.7326057269237936,29.116727443892557,28.327943958384942,90.24285714285715,90.49955834723721,400.0
17,0.6617885613813996,25.155243069776937,24.473612547426633,90.24285714285715,90.49955834723721,400.0
18,0.7147687124088407,30.42685827407385,29.601609152681306,90.24285714285715,90.49955834723721,400.0
19,0.7862836611457169,24.923620113604752,24.966694665433558,9.757142857142853,9.500441652762788,400.0
