,times,train_loss,test_loss,train_acc,test_acc,eta
0,4.2311374940909445,0.4944929128189703,0.5046992881930977,0.0,0.0,0.012915496650148838
1,4.278955916874111,0.48956271520173283,0.49964904780504676,0.0,0.0,0.012915496650148838
2,4.232448922004551,0.48512166988567884,0.49509580396649955,0.0,0.0,0.012915496650148838
3,4.019327750895172,0.48110132585678606,0.4909731151020493,0.0,0.0,0.012915496650148838
4,3.9633708759211004,0.47744410229505985,0.4872202502586952,0.0,0.0,0.012915496650148838
5,4.01421671314165,0.474101996216459,0.48379075622907936,0.0,0.0,0.012915496650148838
6,3.971607245039195,0.4710341091733666,0.4806407450315727,0.0,0.0,0.012915496650148838
7,4.072567856870592,0.46820634810752776,0.4777360030448983,0.0,0.0,0.012915496650148838
8,3.9686162220314145,0.46558927939833894,0.47504751381270327,0.0,0.0,0.012915496650148838
9,4.013996670953929,0.46315818801433767,0.4725491172932647,0.0,0.0,0.012915496650148838
10,3.9666089206002653,0.4608917135614044,0.4702193571246012,0.0,0.0,0.012915496650148838
11,4.015040936879814,0.45877159389662825,0.46803951958776246,0.0,0.0,0.012915496650148838
12,3.963998924009502,0.45678248711287867,0.46599421104664474,0.0,0.0,0.012915496650148838
13,4.014842918142676,0.4549107240755258,0.464068917473371,0.0,0.0,0.012915496650148838
14,4.159540748689324,0.4531445641059114,0.4622523179164162,0.0,0.0,0.012915496650148838
15,4.183643288910389,0.4514738233109353,0.4605330952304477,0.0,0.0,0.012915496650148838
16,4.233650224748999,0.44988981970149944,0.45890333266550065,0.0,0.0,0.012915496650148838
17,4.276699302252382,0.4483846754033076,0.45735460367556274,0.0,0.0,0.012915496650148838
18,4.22663215175271,0.44695165472379517,0.4558794790342081,0.0,0.0,0.012915496650148838
19,4.26553590176627,0.44558469426392605,0.4544722570756405,0.0,0.0,0.012915496650148838
