,times,train_loss,test_loss,train_acc,test_acc,eta
0,0.2243669438175857,0.6895891213395194,0.6896013057711298,78.25124898438986,78.41930576683723,0.014375254655218508
1,0.22846989566460252,0.6860837558900341,0.6861076442479147,78.34459868273203,78.47462315032499,0.014375254655218508
2,0.23011438315734267,0.6826301961279311,0.6826653198515024,78.42411879613464,78.55759922555663,0.014375254655218508
3,0.22930305311456323,0.679227491754951,0.6792734005716501,78.51401109824191,78.63366062785231,0.014375254655218508
4,0.22626758832484484,0.6758746861916439,0.6759309421898029,78.6004460041143,78.77886875950767,0.014375254655218508
5,0.22648391127586365,0.6725708161352575,0.6726369961831011,78.676508721282,78.90333287235514,0.014375254655218508
6,0.2222238969989121,0.6693150739190914,0.6693907660674638,78.77504451397652,79.06237034988246,0.014375254655218508
7,0.2252396708354354,0.6661065228086085,0.6661913295058368,78.8614794198489,79.20757848153782,0.014375254655218508
8,0.22158952103927732,0.6629442629011724,0.66303780115749,78.94964302383875,79.29746922970543,0.014375254655218508
9,0.22891718987375498,0.6598274144730537,0.6599293152392147,79.03953532594603,79.40810399668095,0.014375254655218508
10,0.23086829483509064,0.6567551761574218,0.6568650809004287,79.139799816758,79.53948278246439,0.014375254655218508
11,0.2337638740427792,0.6537266956119573,0.6538442599195682,79.23660691133507,79.62245885769603,0.014375254655218508
12,0.22212695889174938,0.6507410406476067,0.6508659321081047,79.32649921344236,79.69852025999171,0.014375254655218508
13,0.22213813476264477,0.6477975950576651,0.6479294926549126,79.42157760990199,79.8160696999032,0.014375254655218508
14,0.22407352784648538,0.6448953360428437,0.6450339306373309,79.50109772330458,79.89904577513484,0.014375254655218508
15,0.22142379311844707,0.6420336341750587,0.6421786301451775,79.57197434611993,79.93361913981468,0.014375254655218508
16,0.22441737912595272,0.6392117033529733,0.6393628142040423,79.68952581810638,80.03733923385424,0.014375254655218508
17,0.22420972492545843,0.6364286503602228,0.6365856018942987,79.76385983715664,80.1410593278938,0.014375254655218508
18,0.23081094259396195,0.6336838673074977,0.6338463945659427,79.89351219596522,80.24477942193334,0.014375254655218508
19,0.2222094419412315,0.6309765987442036,0.6311444485818619,79.98859059242484,80.39690222652469,0.014375254655218508
