,times,train_loss,test_loss,train_acc,test_acc,eta
0,0.22363554127514362,0.07282715729984597,0.0911359201650303,98.06731550469341,96.81925044945375,400.0
1,0.22850019577890635,0.05009472866537476,0.07470545120864128,98.87807492177642,97.36550961139538,400.0
2,0.2271621199324727,0.041758821363227464,0.07069675044136019,99.17022490362508,97.46231503249896,400.0
3,0.2226149351336062,0.037002119899150296,0.06909222715256363,99.30333465866856,97.44848568662702,400.0
4,0.22582951420918107,0.03385270417492983,0.06836792906838943,99.39495565889328,97.46231503249896,400.0
5,0.26545380521565676,0.03162082348527863,0.06797793672154982,99.44508790429927,97.48997372424284,400.0
6,0.21901794662699103,0.029958057349434564,0.06792987924627951,99.48139056476568,97.4761443783709,400.0
7,0.2192853637970984,0.028677443985873633,0.06796184779893327,99.51942192334953,97.48305905130687,400.0
8,0.22333707194775343,0.027670953263737016,0.06810651559537202,99.55053848946359,97.44848568662702,400.0
9,0.22252586111426353,0.026865200284367584,0.06828659231566753,99.57128286687296,97.46231503249896,400.0
10,0.2254502261057496,0.026209873962689267,0.06850702449893552,99.58684114992998,97.46231503249896,400.0
11,0.22391471220180392,0.025670430023238246,0.06872355661983104,99.60412813110446,97.45540035956299,400.0
12,0.21876022825017571,0.02522229001191977,0.06894352810365124,99.6127716216917,97.46922970543493,400.0
13,0.22022158466279507,0.024846850756872072,0.06918151884585014,99.62660120663129,97.46922970543493,400.0
14,0.21698671486228704,0.02452978126582506,0.06942151468745238,99.63697339533597,97.45540035956299,400.0
15,0.2225554441101849,0.024260246493523176,0.06966263425180119,99.64561688592322,97.43465634075508,400.0
16,0.22512779943645,0.02402980069760709,0.06988011743701963,99.65944647086279,97.41391232194717,400.0
17,0.22644685581326485,0.023831933988961367,0.07010434569565399,99.66290386709768,97.42082699488314,400.0
18,0.25906936498358846,0.023661027085363814,0.07031528196457026,99.66808996145004,97.4277416678191,400.0
19,0.25548607110977173,0.023512870406576777,0.07052166998051357,99.67154735768493,97.4277416678191,400.0
