,times,train_loss,test_loss,train_acc,test_acc,eta
0,0.6595144779421389,0.199875642768161,0.19549309453687014,0.0,0.0,4.0824829046386295
1,0.39519044617190957,0.19977619554869927,0.19126251083611098,0.0,0.0,4.0824829046386295
2,0.39573618583381176,0.19976805051716964,0.1912569089600481,0.0,0.0,4.0824829046386295
3,0.7056517149321735,0.19973397129445464,0.19122994288118914,0.0,0.0,4.0824829046386295
4,0.6938857180066407,0.19969839886100646,0.19120364557529082,0.0,0.0,4.0824829046386295
5,0.39367815712466836,0.19969027108305273,0.19119907865231978,0.0,0.0,4.0824829046386295
6,0.7113937488757074,0.19964451597347935,0.1911616810824265,0.0,0.0,4.0824829046386295
7,0.44002941995859146,0.1996363999688319,0.19115466499927117,0.0,0.0,4.0824829046386295
8,0.7467237850651145,0.19958478174234548,0.19111786792086882,0.0,0.0,4.0824829046386295
9,0.7119091050699353,0.19952902293433808,0.19107220905458405,0.0,0.0,4.0824829046386295
10,0.9552272921428084,0.199436298741803,0.191004454492646,0.0,0.0,4.0824829046386295
11,1.2026786818169057,0.19932244899812027,0.19091518785685935,0.0,0.0,4.0824829046386295
12,0.4043062534183264,0.19931439474502705,0.19090901059136578,0.0,0.0,4.0824829046386295
13,0.7186198411509395,0.19926340853514132,0.19086968891364983,0.0,0.0,4.0824829046386295
14,0.6473471811041236,0.19921413697963633,0.190832095738775,0.0,0.0,4.0824829046386295
15,1.2803639871999621,0.19909742857442073,0.19074551159676015,0.0,0.0,4.0824829046386295
16,0.49410132598131895,0.19908345624587526,0.19073646237401348,0.0,0.0,4.0824829046386295
17,0.43185081612318754,0.1990754493219714,0.19072993213914274,0.0,0.0,4.0824829046386295
18,0.7292995429597795,0.19901881492302576,0.19068606005513766,0.0,0.0,4.0824829046386295
19,0.6789465337060392,0.198964903178353,0.1906449607346582,0.0,0.0,4.0824829046386295
