,times,train_loss,test_loss,train_acc,test_acc,eta
0,0.3602414596825838,0.3196823102879862,0.313966083305999,90.24285714285715,90.49955834723721,1.2236921017635911
1,0.3662250377237797,0.31965018752270424,0.31392984385543143,90.24285714285715,90.49955834723721,1.2236921017635911
2,0.42258360516279936,0.3196181274600669,0.3138941752587701,90.24285714285715,90.49955834723721,1.2236921017635911
3,0.8062456119805574,0.3195196941877517,0.31378342245197005,90.24285714285715,90.49955834723721,1.2236921017635911
4,0.8521184409037232,0.3194209811731616,0.3136724847071605,90.24285714285715,90.49955834723721,1.2236921017635911
5,0.7275415579788387,0.3193146092383589,0.3135530497468563,90.24285714285715,90.49955834723721,1.2236921017635911
6,1.075753420125693,0.31918218583817404,0.31340446093752244,90.24285714285715,90.49955834723721,1.2236921017635911
7,0.7474218928255141,0.3190961746846455,0.3133079180449426,90.24285714285715,90.49955834723721,1.2236921017635911
8,0.4449360999278724,0.31906453179628325,0.31327242567153746,90.24285714285715,90.49955834723721,1.2236921017635911
9,0.77304900996387,0.31895602244487836,0.3131504287297986,90.24285714285715,90.49955834723721,1.2236921017635911
10,1.4807940470054746,0.3188004422210336,0.31297558200932374,90.24285714285715,90.49955834723721,1.2236921017635911
11,0.4187282780185342,0.31876902318074674,0.3129401242088134,90.24285714285715,90.49955834723721,1.2236921017635911
12,0.7490420090034604,0.31868245012992613,0.3128427803448074,90.24285714285715,90.49955834723721,1.2236921017635911
13,0.7536592609249055,0.31860050282555064,0.31275060553406514,90.24285714285715,90.49955834723721,1.2236921017635911
14,0.4309569001197815,0.31856925037932315,0.3127153656431754,90.24285714285715,90.49955834723721,1.2236921017635911
15,1.0984328696504235,0.3183957589210076,0.3125200283691063,90.24285714285715,90.49955834723721,1.2236921017635911
16,0.4394423868507147,0.31836465864564817,0.3124848795812153,90.24285714285715,90.49955834723721,1.2236921017635911
17,0.4348371122032404,0.31833359317071,0.3124500838761561,90.24285714285715,90.49955834723721,1.2236921017635911
18,0.744316385127604,0.31820397813617474,0.3123037282938163,90.24285714285715,90.49955834723721,1.2236921017635911
19,1.4056826960295439,0.3180201344885519,0.3120961759401467,90.24285714285715,90.49955834723721,1.2236921017635911
