,times,train_loss,test_loss,train_acc,test_acc,eta
0,0.702256718184799,0.31969638253756183,0.31398171953524656,90.24285714285715,90.49955834723721,2.041241452319315
1,0.7543258252553642,0.31967308809576267,0.31395563893013884,90.24285714285715,90.49955834723721,2.041241452319315
2,0.750447693746537,0.31963603779892974,0.3139141471982095,90.24285714285715,90.49955834723721,2.041241452319315
3,0.6582966512069106,0.31959669861131257,0.3138700856578583,90.24285714285715,90.49955834723721,2.041241452319315
4,0.6807565190829337,0.319554909584963,0.313823282216107,90.24285714285715,90.49955834723721,2.041241452319315
5,0.36870310502126813,0.31954151395027397,0.3138082801272311,90.24285714285715,90.49955834723721,2.041241452319315
6,0.37689876090735197,0.3195281259273029,0.3137932586888481,90.24285714285715,90.49955834723721,2.041241452319315
7,0.3923498089425266,0.3195147454916664,0.3137782793890919,90.24285714285715,90.49955834723721,2.041241452319315
8,0.7969832713715732,0.31944202385422926,0.3136967908136305,90.24285714285715,90.49955834723721,2.041241452319315
9,0.370438099373132,0.31942867334599495,0.3136818999341668,90.24285714285715,90.49955834723721,2.041241452319315
10,0.3666191417723894,0.31941533035143665,0.31366689028033123,90.24285714285715,90.49955834723721,2.041241452319315
11,1.0110433739610016,0.3192627130442405,0.3134957240497902,90.24285714285715,90.49955834723721,2.041241452319315
12,1.0451637259684503,0.3191527172530635,0.3133722823568236,90.24285714285715,90.49955834723721,2.041241452319315
13,0.7188669927418232,0.3191023009698282,0.31331570166106903,90.24285714285715,90.49955834723721,2.041241452319315
14,0.37201795587316155,0.31908905567047,0.31330084518715834,90.24285714285715,90.49955834723721,2.041241452319315
15,0.4222117867320776,0.3190758178611094,0.31328591827965696,90.24285714285715,90.49955834723721,2.041241452319315
16,1.0096194287762046,0.31895569337100915,0.3131510165294903,90.24285714285715,90.49955834723721,2.041241452319315
17,0.36109734885394573,0.3189424968092167,0.31313616734993904,90.24285714285715,90.49955834723721,2.041241452319315
18,0.6730152759701014,0.3188775286000886,0.3130631325528195,90.24285714285715,90.49955834723721,2.041241452319315
19,0.6021307497285306,0.31880942099306053,0.3129865926358295,90.24285714285715,90.49955834723721,2.041241452319315
