,times,train_loss,test_loss,train_acc,test_acc,eta
0,4.297192951198667,0.42286908561588205,0.43103812039642425,0.0,0.0,0.5994842503189413
1,4.306686628144234,0.4057818793748429,0.4132567697656721,0.0,0.0,0.5994842503189413
2,4.29744259128347,0.3970823747328587,0.4040667765499194,0.0,0.0,0.5994842503189413
3,4.333944838028401,0.3915641944413815,0.39821122351157573,0.0,0.0,0.5994842503189413
4,4.307956418022513,0.38769615914062866,0.394087616435645,0.0,0.0,0.5994842503189413
5,4.345368260052055,0.3848366741177422,0.39103791158341905,0.0,0.0,0.5994842503189413
6,4.097955103032291,0.38264665835257083,0.38867957822004195,0.0,0.0,0.5994842503189413
7,4.122781428042799,0.3809281164612817,0.38683595526968684,0.0,0.0,0.5994842503189413
8,4.092206626199186,0.37955250972522736,0.38535666131471236,0.0,0.0,0.5994842503189413
9,4.096102489158511,0.37843211489811707,0.3841488456268394,0.0,0.0,0.5994842503189413
10,4.100839469116181,0.3775046508290548,0.3831463430041293,0.0,0.0,0.5994842503189413
11,4.128417427185923,0.3767253815617386,0.3823068362079713,0.0,0.0,0.5994842503189413
12,4.103384579066187,0.3760615888294307,0.38158806482593816,0.0,0.0,0.5994842503189413
13,4.115061469376087,0.3754885478153962,0.38097061154419265,0.0,0.0,0.5994842503189413
14,4.093038447201252,0.3749878713373658,0.3804306494620407,0.0,0.0,0.5994842503189413
15,4.142642758321017,0.3745453447802106,0.3799536688935572,0.0,0.0,0.5994842503189413
16,4.117535071913153,0.3741500931491471,0.37952925042611274,0.0,0.0,0.5994842503189413
17,4.392321331892163,0.37379368560188125,0.379148645345275,0.0,0.0,0.5994842503189413
18,4.135246927849948,0.3734695101501845,0.37880208858589554,0.0,0.0,0.5994842503189413
19,4.326001523062587,0.37317231531616746,0.37848370136205395,0.0,0.0,0.5994842503189413
