,times,train_loss,test_loss,train_acc,test_acc,eta
0,4.298831342719495,0.4826838984390688,0.49259834456968277,0.0,0.0,0.04641588833612778
1,4.317113164346665,0.47048099581987524,0.48007675514510995,0.0,0.0,0.04641588833612778
2,4.3130331709980965,0.4613691052153715,0.4707087268301368,0.0,0.0,0.04641588833612778
3,4.339634120929986,0.4542327026935663,0.46337091939986413,0.0,0.0,0.04641588833612778
4,4.29566760500893,0.44842811754075035,0.45739857649844357,0.0,0.0,0.04641588833612778
5,4.33442339906469,0.4435670746078577,0.45239535020873983,0.0,0.0,0.04641588833612778
6,4.321932577062398,0.43940472694518273,0.448108757358399,0.0,0.0,0.04641588833612778
7,4.3629716681316495,0.4357808044977503,0.44437305865239546,0.0,0.0,0.04641588833612778
8,4.29690603306517,0.43258340186146876,0.44107638587574677,0.0,0.0,0.04641588833612778
9,4.2692451919429,0.42973200179247645,0.43813334103537366,0.0,0.0,0.04641588833612778
10,4.139239575248212,0.4271673242726877,0.4354847638089607,0.0,0.0,0.04641588833612778
11,4.352362656965852,0.4248441631171934,0.4330830480961253,0.0,0.0,0.04641588833612778
12,4.318998591974378,0.422726881147336,0.43089200239662523,0.0,0.0,0.04641588833612778
13,4.331791561096907,0.42078680768094834,0.42888271097801445,0.0,0.0,0.04641588833612778
14,4.297707945108414,0.41900033682239307,0.4270300229113788,0.0,0.0,0.04641588833612778
15,4.3113938621245325,0.41734859900034893,0.42531507610970304,0.0,0.0,0.04641588833612778
16,4.322199972346425,0.41581528649603566,0.4237210092471003,0.0,0.0,0.04641588833612778
17,4.337190874386579,0.41438690889171137,0.42223463655672594,0.0,0.0,0.04641588833612778
18,4.301767449826002,0.41305181466651025,0.4208433006061462,0.0,0.0,0.04641588833612778
19,4.324940737336874,0.41180033871151817,0.4195387358628463,0.0,0.0,0.04641588833612778
