,times,train_loss,test_loss,train_acc,test_acc,eta
0,4.308186110109091,0.498400174858065,0.5087008353585065,0.0,0.0,0.003593813663804627
1,4.345907866023481,0.49685633669552426,0.5071198487098626,0.0,0.0,0.003593813663804627
2,4.325254345778376,0.4953597810250062,0.5055872966888459,0.0,0.0,0.003593813663804627
3,4.324418319854885,0.4939084866275345,0.5041007951741924,0.0,0.0,0.003593813663804627
4,4.3056930010207,0.4925005252114161,0.5026585830201596,0.0,0.0,0.003593813663804627
5,4.321127746719867,0.4911340680845312,0.5012585899100134,0.0,0.0,0.003593813663804627
6,4.339818290900439,0.4898073348801807,0.4998991067316621,0.0,0.0,0.003593813663804627
7,4.331231197342277,0.48851868879567345,0.49857842407479286,0.0,0.0,0.003593813663804627
8,4.294553246814758,0.48726654163382627,0.49729506880265445,0.0,0.0,0.003593813663804627
9,4.261581952683628,0.48604936761656714,0.4960473314982223,0.0,0.0,0.003593813663804627
10,4.320056715980172,0.4848658042485023,0.4948338556298848,0.0,0.0,0.003593813663804627
11,4.350078461691737,0.483714441786367,0.4936533129154088,0.0,0.0,0.003593813663804627
12,4.294371861964464,0.48259399070983533,0.4925043034805911,0.0,0.0,0.003593813663804627
13,4.3212622120045125,0.48150323086151453,0.4913855919945723,0.0,0.0,0.003593813663804627
14,4.291898557916284,0.4804409728694961,0.49029587542946124,0.0,0.0,0.003593813663804627
15,4.351566155906767,0.4794060903972558,0.4892341586539143,0.0,0.0,0.003593813663804627
16,4.309832170139998,0.47839749700777845,0.4881993985422325,0.0,0.0,0.003593813663804627
17,4.319076938088983,0.4774141834344872,0.48719025956135875,0.0,0.0,0.003593813663804627
18,4.285120790358633,0.47645521105452204,0.4862061518116753,0.0,0.0,0.003593813663804627
19,4.340641853865236,0.47551962823735705,0.4852459037188177,0.0,0.0,0.003593813663804627
