,times,train_loss,test_loss,train_acc,test_acc,eta
0,4.367022768128663,0.39545273544696236,0.4019761356769136,0.0,0.0,2.154434690031883
1,4.251502787228674,0.38352300952411944,0.3897466594856023,0.0,0.0,2.154434690031883
2,4.117200237233192,0.378009781848719,0.38377441325093536,0.0,0.0,2.154434690031883
3,4.060421424917877,0.37529221730607926,0.3807665470584858,0.0,0.0,2.154434690031883
4,4.0121352300047874,0.37380435541002777,0.37916854315190507,0.0,0.0,2.154434690031883
5,4.025006762240082,0.37278827825961564,0.3781124530059167,0.0,0.0,2.154434690031883
6,3.982169974129647,0.37194352031295713,0.3771727559264907,0.0,0.0,2.154434690031883
7,4.049171888735145,0.37128054847418157,0.37650881775174366,0.0,0.0,2.154434690031883
8,4.015515867155045,0.3707117435375278,0.3759089252982643,0.0,0.0,2.154434690031883
9,4.075147572904825,0.3702383445699294,0.37544556436808474,0.0,0.0,2.154434690031883
10,4.285284052602947,0.36978874790328187,0.37496177434128103,0.0,0.0,2.154434690031883
11,4.390928453300148,0.3694013916664221,0.37457261861841634,0.0,0.0,2.154434690031883
12,4.3046172726899385,0.36905162544268094,0.37422131664455366,0.0,0.0,2.154434690031883
13,4.338861361145973,0.3687365488789656,0.37389166273634383,0.0,0.0,2.154434690031883
14,4.290513318963349,0.3684430422298096,0.3736039459421333,0.0,0.0,2.154434690031883
15,4.258661923930049,0.36817352723616664,0.3733418772778638,0.0,0.0,2.154434690031883
16,4.247634241357446,0.3679260474735193,0.3730956462736284,0.0,0.0,2.154434690031883
17,4.239447131752968,0.3676957685359919,0.3728708061590858,0.0,0.0,2.154434690031883
18,4.229345156811178,0.3674810362434866,0.37266680714812883,0.0,0.0,2.154434690031883
19,4.275491904001683,0.3672817637256129,0.37247917768936567,0.0,0.0,2.154434690031883
