,times,train_loss,test_loss,train_acc,test_acc,eta
0,0.6779770767316222,0.3709039708270048,0.36191649125106506,90.24285714285715,90.49955834723721,2.0476975279865255
1,0.36855731112882495,0.3196778211641703,0.313960936132607,90.24285714285715,90.49955834723721,2.0476975279865255
2,0.6869311640039086,0.31964250595213334,0.31392138542280723,90.24285714285715,90.49955834723721,2.0476975279865255
3,0.3710453868843615,0.31962915438779926,0.31390645506600995,90.24285714285715,90.49955834723721,2.0476975279865255
4,0.6960290260612965,0.3195759686044368,0.3138468834878512,90.24285714285715,90.49955834723721,2.0476975279865255
5,0.7118508173152804,0.31952079362327196,0.3137850478147241,90.24285714285715,90.49955834723721,2.0476975279865255
6,1.0298067405819893,0.3194431096213857,0.3136979915474649,90.24285714285715,90.49955834723721,2.0476975279865255
7,0.7128308960236609,0.3194002748292347,0.31365001840284207,90.24285714285715,90.49955834723721,2.0476975279865255
8,1.3527199192903936,0.31930131237374393,0.31353903732726923,90.24285714285715,90.49955834723721,2.0476975279865255
9,0.3981627472676337,0.3192880704452645,0.3135241773318803,90.24285714285715,90.49955834723721,2.0476975279865255
10,1.0362293161451817,0.31922115642868154,0.3134491023893498,90.24285714285715,90.49955834723721,2.0476975279865255
11,0.8115717647597194,0.3191807055191098,0.31340368983580136,90.24285714285715,90.49955834723721,2.0476975279865255
12,1.5080999960191548,0.3190887506931533,0.3133004729007266,90.24285714285715,90.49955834723721,2.0476975279865255
13,0.5752950948663056,0.31907557776166495,0.31328567182467576,90.24285714285715,90.49955834723721,2.0476975279865255
14,0.8028310430236161,0.31902546819112637,0.31322938501881437,90.24285714285715,90.49955834723721,2.0476975279865255
15,1.4887267327867448,0.31893721048337575,0.313130235673992,90.24285714285715,90.49955834723721,2.0476975279865255
16,0.46231737919151783,0.31892408716021176,0.31311550386026643,90.24285714285715,90.49955834723721,2.0476975279865255
17,0.4636934557929635,0.3189109712124995,0.3131007309662669,90.24285714285715,90.49955834723721,2.0476975279865255
18,1.2061354578472674,0.318822789782704,0.3130016199572913,90.24285714285715,90.49955834723721,2.0476975279865255
19,0.4542036149650812,0.31880970685893306,0.31298691588716504,90.24285714285715,90.49955834723721,2.0476975279865255
