,times,train_loss,test_loss,train_acc,test_acc,eta
0,0.27550189290195704,0.32017785906258417,0.3147626569940884,90.24285714285715,90.49955834723721,0.6666666666666666
1,0.621936425101012,0.5638343398968771,0.5489844782845003,90.24285714285715,90.49955834723721,0.6666666666666666
2,0.9261391251347959,0.3801171598598504,0.37056583824636646,90.24285714285715,90.49955834723721,0.6666666666666666
3,0.8862348319962621,0.35649278960418274,0.34772931055025985,90.24285714285715,90.49955834723721,0.6666666666666666
4,0.9235239801928401,0.8946790946687555,0.8707134815522954,90.24285714285715,90.49955834723721,0.6666666666666666
5,0.9223470743745565,1.3509816337082547,1.314890599765451,90.24285714285715,90.49955834723721,0.6666666666666666
6,1.2369802249595523,1.0632251310607175,1.0346895996927647,90.24285714285715,90.49955834723721,0.6666666666666666
7,0.9899931838735938,0.5992087771670552,0.5974394877312821,90.24285714285715,90.50064884788607,0.6666666666666666
8,0.3212848952971399,0.6080644103315551,0.6063999851908698,90.24857142857142,90.49846784658837,0.6666666666666666
9,0.3119492712430656,0.5002651753799076,0.49770026205073864,90.24285714285715,90.49955834723721,0.6666666666666666
10,0.6148270810954273,0.508950724354007,0.49488023694149474,90.24285714285715,90.49955834723721,0.6666666666666666
11,0.9367468180134892,1.1964538080130056,1.1639904440582156,90.24285714285715,90.49955834723721,0.6666666666666666
12,0.6418170882388949,1.7131404843499929,1.6669100598508992,90.24285714285715,90.49955834723721,0.6666666666666666
13,0.6617043660953641,0.3794371489053226,0.3688678187742926,90.24285714285715,90.49955834723721,0.6666666666666666
14,0.6978153800591826,0.469728260564309,0.4562605266495416,90.24285714285715,90.49955834723721,0.6666666666666666
15,0.3829036317765713,0.37308155189241893,0.3625539155999357,90.24285714285715,90.49955834723721,0.6666666666666666
16,0.8521217778325081,0.4658903181352916,0.45242684657054266,90.24285714285715,90.49955834723721,0.6666666666666666
17,0.380547387059778,0.37629902488946815,0.37171849634315485,90.24285714285715,90.49955834723721,0.6666666666666666
18,0.41368837794288993,0.4611375800940094,0.4575346138539551,90.24285714285715,90.49955834723721,0.6666666666666666
19,0.7242412250488997,0.362780670181739,0.3578343861229955,90.24285714285715,90.49955834723721,0.6666666666666666
