,times,train_loss,test_loss,train_acc,test_acc,eta
0,4.246577582322061,0.49449255731698005,0.5046987857976287,0.0,0.0,0.012915496650148838
1,4.3585719699040055,0.4895625410446299,0.4996478057586136,0.0,0.0,0.012915496650148838
2,4.317179634701461,0.48512158395709004,0.4950964957400893,0.0,0.0,0.012915496650148838
3,4.338038418907672,0.48110119188501765,0.490972985480011,0.0,0.0,0.012915496650148838
4,4.289858964737505,0.47744380210560156,0.48722101031548737,0.0,0.0,0.012915496650148838
5,4.177043646108359,0.4741015811026776,0.48379039099970533,0.0,0.0,0.012915496650148838
6,4.449376576114446,0.4710337670075028,0.4806402531874882,0.0,0.0,0.012915496650148838
7,4.0902335359714925,0.4682058663948546,0.47773534024320935,0.0,0.0,0.012915496650148838
8,4.082530370913446,0.4655888177750449,0.4750468340320501,0.0,0.0,0.012915496650148838
9,4.091267776209861,0.4631579195007644,0.4725490278361075,0.0,0.0,0.012915496650148838
10,4.077874818816781,0.46089143983046044,0.47021922328643845,0.0,0.0,0.012915496650148838
11,4.098748306278139,0.45877156098307253,0.4680393449556935,0.0,0.0,0.012915496650148838
12,4.068722423631698,0.45678239881057736,0.4659942719194257,0.0,0.0,0.012915496650148838
13,4.115339271724224,0.45491057758087877,0.46406873850835373,0.0,0.0,0.012915496650148838
14,4.455155008006841,0.45314439070204693,0.46225182390699693,0.0,0.0,0.012915496650148838
15,4.485361976083368,0.45147374035862203,0.46053320481823423,0.0,0.0,0.012915496650148838
16,4.46043544402346,0.44988976797340846,0.45890339896509236,0.0,0.0,0.012915496650148838
17,4.52619277080521,0.4483845549305245,0.45735440631275714,0.0,0.0,0.012915496650148838
18,4.466001984197646,0.4469515913880924,0.4558795093007226,0.0,0.0,0.012915496650148838
19,4.344657368026674,0.4455846462575195,0.45447256121966234,0.0,0.0,0.012915496650148838
