,times,train_loss,test_loss,train_acc,test_acc,eta
0,4.4151326790452,0.4826828466334285,0.49259560642990063,0.0,0.0,0.04641588833612778
1,4.443010353948921,0.4704851163429606,0.4800752352710457,0.0,0.0,0.04641588833612778
2,4.416127630043775,0.46137403662722437,0.47071710858749644,0.0,0.0,0.04641588833612778
3,4.441610318142921,0.4542368601018117,0.46337520608558536,0.0,0.0,0.04641588833612778
4,4.432340248953551,0.44843127718682985,0.4574026697065254,0.0,0.0,0.04641588833612778
5,4.503857490606606,0.4435696243604907,0.4523984607930189,0.0,0.0,0.04641588833612778
6,4.472150611691177,0.43940674992284007,0.44810922499957817,0.0,0.0,0.04641588833612778
7,4.476623000111431,0.4357823400510294,0.44437587869442396,0.0,0.0,0.04641588833612778
8,4.4693459323607385,0.4325844953269294,0.44107771035202853,0.0,0.0,0.04641588833612778
9,4.4773664409294724,0.4297328700664794,0.43813554395858473,0.0,0.0,0.04641588833612778
10,4.456312345340848,0.4271679865616292,0.43548486124315217,0.0,0.0,0.04641588833612778
11,4.496386150829494,0.42484484707594566,0.43308399940491354,0.0,0.0,0.04641588833612778
12,4.442448687274009,0.4227274942117289,0.43089300700040034,0.0,0.0,0.04641588833612778
13,4.485169381834567,0.42078717992253356,0.4288824483297591,0.0,0.0,0.04641588833612778
14,4.458977313712239,0.4190008241849724,0.42703017296270085,0.0,0.0,0.04641588833612778
15,4.483354400843382,0.4173489258854195,0.4253150807803506,0.0,0.0,0.04641588833612778
16,4.464024603366852,0.4158155561414968,0.42372101124161166,0.0,0.0,0.04641588833612778
17,4.482712362892926,0.41438699480709834,0.42223415013460985,0.0,0.0,0.04641588833612778
18,4.458118969108909,0.41305191380808515,0.42084379675645617,0.0,0.0,0.04641588833612778
19,4.466995823662728,0.41180044905505087,0.41953832831628307,0.0,0.0,0.04641588833612778
