,times,train_loss,test_loss,train_acc,test_acc,eta
0,4.285307356156409,0.49954568164765123,0.5098795249727376,0.0,0.0,0.001
1,4.302535068709403,0.4991006132649976,0.509419609453386,0.0,0.0,0.001
2,4.2810839782468975,0.4986599797000802,0.5089671250690004,0.0,0.0,0.001
3,4.298667910974473,0.4982232627538842,0.508519581030494,0.0,0.0,0.001
4,4.303176566027105,0.4977903544528842,0.5080762141201374,0.0,0.0,0.001
5,4.338980310130864,0.4973612086847525,0.5076367696625923,0.0,0.0,0.001
6,4.303781284950674,0.49693577751126483,0.5072011470887198,0.0,0.0,0.001
7,4.3053631242364645,0.4965140156632692,0.5067692631367549,0.0,0.0,0.001
8,4.289070683997124,0.4960958813530465,0.5063410847122258,0.0,0.0,0.001
9,4.305920083075762,0.49568132243353186,0.505916546575265,0.0,0.0,0.001
10,4.2987478310242295,0.49527030193303556,0.5054956197166699,0.0,0.0,0.001
11,4.3128470638766885,0.4948627740115993,0.5050782460631332,0.0,0.0,0.001
12,4.297777173109353,0.4944586983395161,0.5046643876909449,0.0,0.0,0.001
13,4.324441711883992,0.49405802991336956,0.504254002535125,0.0,0.0,0.001
14,4.304136815946549,0.4936607323778295,0.503847052170827,0.0,0.0,0.001
15,4.319981899112463,0.4932667640258078,0.5034434875732847,0.0,0.0,0.001
16,4.291950400918722,0.4928760853779551,0.5030432952149393,0.0,0.0,0.001
17,4.314601961988956,0.4924886561642079,0.5026464010737413,0.0,0.0,0.001
18,4.235396150033921,0.4921044372877671,0.5022527851900711,0.0,0.0,0.001
19,4.32660319423303,0.4917233904206459,0.501862394373189,0.0,0.0,0.001
