,times,train_loss,test_loss,train_acc,test_acc,eta
0,4.457362739369273,,,0.0,0.0,27.82559402207123
1,4.463636368978769,,,0.0,0.0,27.82559402207123
2,4.414657010231167,,,0.0,0.0,27.82559402207123
3,4.463288119062781,,,0.0,0.0,27.82559402207123
4,4.452146543189883,,,0.0,0.0,27.82559402207123
5,4.465020122937858,,,0.0,0.0,27.82559402207123
6,4.4446408078074455,,,0.0,0.0,27.82559402207123
7,4.464085694868118,,,0.0,0.0,27.82559402207123
8,4.452909498941153,,,0.0,0.0,27.82559402207123
9,4.465692400000989,,,0.0,0.0,27.82559402207123
10,4.448653123341501,,,0.0,0.0,27.82559402207123
11,4.494258271995932,,,0.0,0.0,27.82559402207123
12,4.473819199949503,,,0.0,0.0,27.82559402207123
13,4.488550833892077,,,0.0,0.0,27.82559402207123
14,4.472804171033204,,,0.0,0.0,27.82559402207123
15,4.301454061176628,,,0.0,0.0,27.82559402207123
16,4.182004977948964,,,0.0,0.0,27.82559402207123
17,4.199951489921659,,,0.0,0.0,27.82559402207123
18,4.180592449847609,,,0.0,0.0,27.82559402207123
19,4.2107184757478535,,,0.0,0.0,27.82559402207123
