,times,train_loss,test_loss,train_acc,test_acc,eta
0,4.467907403130084,0.40704226228380536,0.41453592658570887,0.0,0.0,2.154434690031883
1,4.497361836954951,0.3836181270956467,0.38985138265333924,0.0,0.0,2.154434690031883
2,4.469989988952875,0.3776986976422595,0.3833661332688351,0.0,0.0,2.154434690031883
3,4.385234711226076,0.37530608850619096,0.3807944157222948,0.0,0.0,2.154434690031883
4,4.46566009381786,0.3738794388210164,0.37929071448229035,0.0,0.0,2.154434690031883
5,4.475502094253898,0.3727619179490814,0.37806924331572145,0.0,0.0,2.154434690031883
6,4.464680800680071,0.3719404932269096,0.3771750130928656,0.0,0.0,2.154434690031883
7,4.48646202031523,0.3712748840079425,0.37648696192610176,0.0,0.0,2.154434690031883
8,4.419239443726838,0.3707164950044174,0.37589636101947094,0.0,0.0,2.154434690031883
9,4.491417513694614,0.3702245644100095,0.3754165173483964,0.0,0.0,2.154434690031883
10,4.460963835939765,0.369791357933641,0.37497486258284185,0.0,0.0,2.154434690031883
11,4.4868793319910765,0.3694019165565947,0.37457527284037423,0.0,0.0,2.154434690031883
12,4.466646104119718,0.36905186318265143,0.37422215937577347,0.0,0.0,2.154434690031883
13,4.486864032689482,0.36873392294187296,0.37390552034378355,0.0,0.0,2.154434690031883
14,4.459838000126183,0.3684417024512741,0.37360982409891386,0.0,0.0,2.154434690031883
15,4.475746762007475,0.36817377355995684,0.37334139170541397,0.0,0.0,2.154434690031883
16,4.407718207221478,0.3679276550727569,0.3731117410031821,0.0,0.0,2.154434690031883
17,4.478968576062471,0.3676955100574959,0.3728765903762261,0.0,0.0,2.154434690031883
18,4.462618033867329,0.3674835918452297,0.372658888707639,0.0,0.0,2.154434690031883
19,4.482398132793605,0.3672814170985288,0.3724757943451265,0.0,0.0,2.154434690031883
