,times,train_loss,test_loss,train_acc,test_acc,eta
0,0.606771516148001,0.21530674704147867,0.2606599233158457,0.0,0.0,0.04641588833612778
1,0.5651035271584988,0.1998352530285004,0.19401701847158526,0.0,0.0,0.04641588833612778
2,0.5678112427704036,0.199795728806749,0.19141295136094946,0.0,0.0,0.04641588833612778
3,0.5693051032721996,0.19979497092901033,0.1912838035752521,0.0,0.0,0.04641588833612778
4,0.5962673649191856,0.19979431044707946,0.19127685291622787,0.0,0.0,0.04641588833612778
5,0.7328410483896732,0.1997936502201131,0.191276036112108,0.0,0.0,0.04641588833612778
6,0.5704963481985033,0.19979299000446538,0.19127552018461252,0.0,0.0,0.04641588833612778
7,0.661749011836946,0.19979232979921344,0.19127500874106665,0.0,0.0,0.04641588833612778
8,0.6158931218087673,0.1997916696044467,0.19127451460865863,0.0,0.0,0.04641588833612778
9,0.6818257630802691,0.19979100942030784,0.19127400782580814,0.0,0.0,0.04641588833612778
10,0.6014705006964505,0.1997903492466177,0.19127350851679284,0.0,0.0,0.04641588833612778
11,0.6248867982067168,0.1997896890833536,0.19127299610754106,0.0,0.0,0.04641588833612778
12,0.5687184981070459,0.19978902893047995,0.1912724967184529,0.0,0.0,0.04641588833612778
13,0.5681306119076908,0.19978836878825088,0.1912719917145651,0.0,0.0,0.04641588833612778
14,0.5717153577134013,0.1997877086563861,0.19127148924603485,0.0,0.0,0.04641588833612778
15,0.6517922389321029,0.19978704853495236,0.19127099188148758,0.0,0.0,0.04641588833612778
16,0.5765109369531274,0.19978638842404864,0.19127049107366875,0.0,0.0,0.04641588833612778
17,0.5728911040350795,0.19978572832353425,0.1912699907984161,0.0,0.0,0.04641588833612778
18,0.6385540636256337,0.1997850682336062,0.19126948808157912,0.0,0.0,0.04641588833612778
19,0.6370725990273058,0.1997844081540482,0.1912689763885671,0.0,0.0,0.04641588833612778
