,times,train_loss,test_loss,train_acc,test_acc,eta
0,0.5591800510883331,5.893997647780256e+180,5.894365659243171e+180,0.0,0.0,27.82559402207123
1,0.5882302257232368,inf,inf,0.0,0.0,27.82559402207123
2,0.6106532062403858,inf,inf,0.0,0.0,27.82559402207123
3,0.5586230359040201,,,0.0,0.0,27.82559402207123
4,0.5711162886582315,,,0.0,0.0,27.82559402207123
5,0.6979317842051387,,,0.0,0.0,27.82559402207123
6,0.6282634432427585,,,0.0,0.0,27.82559402207123
7,0.6282378528267145,,,0.0,0.0,27.82559402207123
8,0.6250726659782231,,,0.0,0.0,27.82559402207123
9,0.6144621530547738,,,0.0,0.0,27.82559402207123
10,0.5833433237858117,,,0.0,0.0,27.82559402207123
11,0.5970501094125211,,,0.0,0.0,27.82559402207123
12,0.5994293731637299,,,0.0,0.0,27.82559402207123
13,0.6617057360708714,,,0.0,0.0,27.82559402207123
14,0.601600453723222,,,0.0,0.0,27.82559402207123
15,0.6281327470205724,,,0.0,0.0,27.82559402207123
16,0.813642546068877,,,0.0,0.0,27.82559402207123
17,0.6661944761872292,,,0.0,0.0,27.82559402207123
18,0.6631116368807852,,,0.0,0.0,27.82559402207123
19,0.766245927195996,,,0.0,0.0,27.82559402207123
