,times,train_loss,test_loss,train_acc,test_acc,eta
0,0.7443864280357957,0.6902131834925982,0.6902034043100782,78.25470638062475,78.41239109390126,0.004
1,0.7880413108505309,0.6873150959613927,0.6872955692130452,78.33653142485062,78.46770847738902,0.004
2,0.7356131011620164,0.6844523536485418,0.6844231134839301,78.4120179093125,78.50919651500485,0.004
3,0.7362354337237775,0.6816244647266605,0.6815855463737288,78.47943713589297,78.5645138984926,0.004
4,0.7467035199515522,0.6788308330928763,0.6787822740173515,78.54455143165015,78.64057530078827,0.004
5,0.7328311530873179,0.6760709689221747,0.6760128082805548,78.61369935634806,78.75812474069977,0.004
6,0.7326673432253301,0.6733443857118556,0.6732766646941679,78.68227104834017,78.86875950767529,0.004
7,0.7332215770147741,0.670650602168744,0.6705733631067032,78.75948623091949,79.0277969852026,0.004
8,0.7344247503206134,0.6679890537287483,0.6679023412682356,78.84361620596862,79.11077306043424,0.004
9,0.7306693061254919,0.6653592237433409,0.6652630838639235,78.91737399231306,79.2352371732817,0.004
10,0.8403113181702793,0.6627606652910893,0.6626551468576488,78.98594568430515,79.29746922970543,0.004
11,0.7385167297907174,0.6601928976761012,0.660078049068564,79.06085593606122,79.41501866961693,0.004
12,0.7643163278698921,0.6576554526437467,0.6575313250998256,79.13691865322892,79.50490941778455,0.004
13,0.7308202930726111,0.6551478067609688,0.6550144528589847,79.20549034522102,79.60862951182409,0.004
14,0.7983021722175181,0.652669558307561,0.652527031411278,79.28846785485851,79.66394689531185,0.004
15,0.7361642220057547,0.6502201929912564,0.6500685487046025,79.371445364496,79.70543493292767,0.004
16,0.7315228413790464,0.6477992933201877,0.6476385892267884,79.44462691813462,79.8160696999032,0.004
17,0.7365653291344643,0.6454063837923532,0.6452366775920177,79.51780847177324,79.8852164292629,0.004
18,0.7317462167702615,0.6430410376598306,0.6428623890865859,79.58926132729442,79.9059604480708,0.004
19,0.7302085999399424,0.6407028260710342,0.64051529624129,79.67051013881446,79.98202185036648,0.004
