,times,train_loss,test_loss,train_acc,test_acc,eta
0,0.8022145503200591,0.657868839723961,0.6577455864742726,79.12942762805332,79.49799474484857,0.05166198660059535
1,0.7911700140684843,0.627581048929361,0.6273430183041713,80.14071602676024,80.50062232056423,0.05166198660059535
2,0.8127233358100057,0.6013716862302864,0.6010302345663068,81.058654727125,81.32346839994469,0.05166198660059535
3,0.7647693031467497,0.5784805839674675,0.5780485683549552,81.92473248396632,82.29152261098051,0.05166198660059535
4,0.787196219433099,0.558305311261534,0.5577957816605753,82.72511971234464,82.96916055870557,0.05166198660059535
5,0.7875452651642263,0.5403652614837582,0.5397910839448439,83.4442581292029,83.7712626192781,0.05166198660059535
6,0.7841587709262967,0.5242770611716555,0.5236500691109585,84.1282463510064,84.36592449177154,0.05166198660059535
7,0.828862669877708,0.5097398665596558,0.5090708149898275,84.77362698152021,84.89835430784125,0.05166198660059535
8,0.7868972443975508,0.4965137320786873,0.4958121764850544,85.35101215274777,85.38929608629512,0.05166198660059535
9,0.7778811799362302,0.48440639002055996,0.48368083127915334,85.86155433010067,85.88023786474899,0.05166198660059535
10,0.7782104969955981,0.47326205772389407,0.47251986149156927,86.31447323687198,86.30203291384318,0.05166198660059535
11,0.7788469344377518,0.4629534618637102,0.462200992475874,86.70861640765007,86.69616927119347,0.05166198660059535
12,0.7796076042577624,0.453376650989357,0.45261944456327574,87.09526855325254,86.97967086156825,0.05166198660059535
13,0.7447334011085331,0.4444446793917405,0.4436874551242463,87.45771892521076,87.24934310607108,0.05166198660059535
14,0.7931019300594926,0.4360850346864977,0.4353318907464326,87.79654375623052,87.60199142580556,0.05166198660059535
15,0.7956165340729058,0.4282369436766999,0.4274913335216945,88.0460525178488,87.90623703498824,0.05166198660059535
16,0.8281366089358926,0.4208477352245645,0.42011261740203903,88.30420477005434,88.22431199004288,0.05166198660059535
17,0.8076002919115126,0.4138731674544992,0.41315103745164533,88.54795120461448,88.39717881344212,0.05166198660059535
18,0.7894716151058674,0.4072748704665172,0.40656786738979994,88.78708777752807,88.70142442262481,0.05166198660059535
19,0.769421230070293,0.4010188589133166,0.40032881988624547,89.0089373692672,88.92960862951182,0.05166198660059535
