,times,train_loss,test_loss,train_acc,test_acc,eta
0,0.789800186175853,0.07186704038666585,0.08818871838718778,98.16930869362284,97.15806942331628,111.30237608828492
1,0.8384193498641253,0.052177769312209715,0.07586714107764767,98.83197630531113,97.38625363020329,111.30237608828492
2,0.8038597689010203,0.043132814596533384,0.07177382188785157,99.10799177139697,97.4069976490112,111.30237608828492
3,0.8124545579776168,0.03750204239062024,0.06976964762641165,99.25954097302655,97.43465634075508,111.30237608828492
4,0.8924961183220148,0.03357462337822673,0.06877729623050403,99.36787272171993,97.44848568662702,111.30237608828492
5,0.9740304104052484,0.030647802732095466,0.06824938035264813,99.43990180994693,97.44848568662702,111.30237608828492
6,1.1492671989835799,0.02837028498737741,0.06804003091897083,99.50271117488086,97.44848568662702,111.30237608828492
7,0.7283706162124872,0.026541845991670823,0.06801606278319525,99.53555643911237,97.44157101369105,111.30237608828492
8,0.7320664930157363,0.025040029640078718,0.06811531849977741,99.57358779769622,97.44157101369105,111.30237608828492
9,0.7321315370500088,0.02378298884300254,0.06827434229556727,99.60412813110446,97.44848568662702,111.30237608828492
10,0.7338421517051756,0.022716551171086733,0.06849503824759738,99.63293976639527,97.4761443783709,111.30237608828492
11,0.7293769931420684,0.021800737307623417,0.06875128536869762,99.65080298027556,97.4761443783709,111.30237608828492
12,0.8625860391184688,0.021006402065130894,0.06902925924460593,99.66578503062676,97.46922970543493,111.30237608828492
13,0.7231478141620755,0.020311740364668308,0.06933515369847724,99.67673345203727,97.46231503249896,111.30237608828492
14,0.7646665349602699,0.01969973167051149,0.06964721192095016,99.69517289862338,97.4277416678191,111.30237608828492
15,0.7442956548184156,0.019157334744719447,0.0699532132986256,99.70785001815133,97.4277416678191,111.30237608828492
16,0.7832910260185599,0.018673565274466793,0.07028277863007013,99.7211033703851,97.42082699488314,111.30237608828492
17,0.721113221719861,0.018240185971916525,0.07059563362374743,99.73320425720723,97.4069976490112,111.30237608828492
18,0.7253535278141499,0.017850047767762056,0.07091146805167185,99.73954281697121,97.41391232194717,111.30237608828492
19,0.7218497637659311,0.01749752557490156,0.07122762612607315,99.74530514402936,97.40008297607523,111.30237608828492
