,times,train_loss,test_loss,train_acc,test_acc,eta
0,0.7508310377597809,0.30264994526790273,0.30260199454091374,92.2416028488945,92.46992117272853,2.397937001275765
1,0.8623726428486407,0.23455107316168927,0.2355771523963389,94.35061455218076,94.40602959480016,2.397937001275765
2,0.7408106839284301,0.20130729943565348,0.20324581177752493,95.21726854172789,95.04909417784539,2.397937001275765
3,0.7538406136445701,0.18052039957875976,0.1832566734289611,95.68401703343878,95.4639745540036,2.397937001275765
4,0.7404622547328472,0.16588100586404944,0.1693276996668128,96.00958851222478,95.6714147420827,2.397937001275765
5,0.7927548605948687,0.15481635686207187,0.15890440254437818,96.24814885243256,95.89268427603375,2.397937001275765
6,0.7363579268567264,0.1460472234478008,0.15072548557184814,96.45501639382049,96.03789240768911,2.397937001275765
7,0.7339314268901944,0.13885999964969328,0.14408456042352744,96.61693778415476,96.1346978287927,2.397937001275765
8,0.7340017189271748,0.13281685291621034,0.13855196903545522,96.763300891432,96.21767390402434,2.397937001275765
9,0.7680120090954006,0.1276341949806926,0.13384981037522692,96.87048017471376,96.2522472687042,2.397937001275765
10,0.7389874178916216,0.12311841286285527,0.12978905209875213,96.97074466552573,96.30064997925598,2.397937001275765
11,0.7317788894288242,0.11913217099604212,0.12623612076674845,97.0456549172818,96.38362605448762,2.397937001275765
12,0.7330154119990766,0.11557544556810002,0.1230935140884829,97.11768400550878,96.42511409210344,2.397937001275765
13,0.7299129697494209,0.11237247069171374,0.12028803441314147,97.18971309373578,96.50117549439912,2.397937001275765
14,0.7685881680808961,0.10946553166458152,0.11776381151705571,97.26923320713837,96.56340755082284,2.397937001275765
15,0.7603939240798354,0.10680904260198272,0.11547665390848674,97.32973764124904,96.63255428018255,2.397937001275765
16,0.7581531233154237,0.10436731293445062,0.11339189160070931,97.37814118853758,96.6671276448624,2.397937001275765
17,0.7625156859867275,0.10211104096553468,0.11148156193970729,97.44267925158896,96.6671276448624,2.397937001275765
18,0.7371973390690982,0.10001672948943024,0.10972329206851453,97.49223526428914,96.72935970128613,2.397937001275765
19,0.7904698518104851,0.09806462476731352,0.10809770497361527,97.53660518263696,96.76393306596599,2.397937001275765
