,times,train_loss,test_loss,train_acc,test_acc,eta
0,5.000443983823061,0.190523674437363,0.17543659272873052,0.0,0.0,0.27825594022071226
1,5.437358150724322,0.19049851285470903,0.17544717010037292,0.0,0.0,0.27825594022071226
2,5.133227677084506,0.190442146015462,0.17523262455248892,0.0,0.0,0.27825594022071226
3,5.550130705349147,0.12663250718874194,0.15351640516434387,0.0,0.0,0.27825594022071226
4,5.518573080189526,0.11378687220012276,0.1370885162026486,0.0,0.0,0.27825594022071226
5,5.740198641084135,0.11324634591495071,0.13750454141234722,0.0,0.0,0.27825594022071226
6,5.478745183907449,0.2148941673586083,0.167287707495846,0.0,0.0,0.27825594022071226
7,5.789515991229564,48861403.44606337,6150646.195784867,0.0,0.0,0.27825594022071226
8,5.956935964059085,111682772605.95978,32161749103.00941,0.0,0.0,0.27825594022071226
9,6.150160988327116,2.1511241375082378e+35,3.272066352868139e+35,0.0,0.0,0.27825594022071226
10,6.530167035758495,4.9334592478985235e+54,8.324168641770695e+53,0.0,0.0,0.27825594022071226
11,6.292090582195669,3.4934574996713724e+78,3.2307158957498924e+76,0.0,0.0,0.27825594022071226
12,6.171635088976473,9.313943220127054e+106,8.651414720893236e+105,0.0,0.0,0.27825594022071226
13,6.32835773890838,,,0.0,0.0,0.27825594022071226
14,6.226933209691197,,,0.0,0.0,0.27825594022071226
15,6.235810557380319,,,0.0,0.0,0.27825594022071226
16,6.24079342931509,,,0.0,0.0,0.27825594022071226
17,6.081692690961063,,,0.0,0.0,0.27825594022071226
18,6.424613126087934,,,0.0,0.0,0.27825594022071226
19,6.2881846581585705,,,0.0,0.0,0.27825594022071226
