,times,train_loss,test_loss,train_acc,test_acc,eta
0,4.931535827927291,0.873382611215224,1.174941092869114,0.0,0.0,0.005994842503189411
1,4.861423153895885,0.2608295357922197,0.3426882615727013,0.0,0.0,0.005994842503189411
2,5.142530901823193,0.1978038603190462,0.2133964556128133,0.0,0.0,0.005994842503189411
3,5.177475957199931,0.19129749812082578,0.186041534653703,0.0,0.0,0.005994842503189411
4,5.47743532108143,0.1906219384430415,0.17868227840804254,0.0,0.0,0.005994842503189411
5,5.5559280859306455,0.19055215642665116,0.17647931284098003,0.0,0.0,0.005994842503189411
6,5.257093206979334,0.1905443656569267,0.17578205159706553,0.0,0.0,0.005994842503189411
7,5.622128956019878,0.19054295978669372,0.17554425162817325,0.0,0.0,0.005994842503189411
8,5.987752108834684,0.1905420952731046,0.17542128998440457,0.0,0.0,0.005994842503189411
9,6.362333494238555,0.19054042404962873,0.1752550103693917,0.0,0.0,0.005994842503189411
10,6.488565017003566,0.1905358028311698,0.174966445593953,0.0,0.0,0.005994842503189411
11,6.342596928123385,0.19052457200140865,0.17451911279157414,0.0,0.0,0.005994842503189411
12,6.337459234055132,0.19049748704442826,0.1738269166410204,0.0,0.0,0.005994842503189411
13,6.259445072617382,0.190431398859065,0.17273844406060126,0.0,0.0,0.005994842503189411
14,6.059021375142038,0.1902721712888822,0.1710717343303302,0.0,0.0,0.005994842503189411
15,6.096037280280143,0.18988589821754792,0.16850496052762137,0.0,0.0,0.005994842503189411
16,6.116596508771181,0.18895302327931215,0.16461251972303714,0.0,0.0,0.005994842503189411
17,6.081058663781732,0.18674937285067383,0.15895733829397257,0.0,0.0,0.005994842503189411
18,5.898908275179565,0.1816404591272663,0.15086624575444824,0.0,0.0,0.005994842503189411
19,6.065137953031808,0.17105320285472356,0.1405861053541812,0.0,0.0,0.005994842503189411
