,times,train_loss,test_loss,train_acc,test_acc,eta
0,0.2646323018707335,0.12153014980123124,0.12726474382605668,96.45444016111466,95.96874567832941,0.6666666666666666
1,0.2707621459849179,0.09118237372157516,0.10075538170158627,97.32916140854323,96.60489558843867,0.6666666666666666
2,0.2515287850983441,0.08345531220514986,0.09505313650334256,97.66107144709319,96.91605587055733,0.6666666666666666
3,0.29228884307667613,0.06458241667518488,0.08107140975888574,98.21425484467647,97.18572811506016,0.6666666666666666
4,0.27090075612068176,0.059195123620194405,0.07797030338706078,98.40095424136084,97.24796017148388,0.6666666666666666
5,0.2450222191400826,0.057139486066021004,0.07698321781597,98.51159092087748,97.28253353616374,0.6666666666666666
6,0.2673306530341506,0.05215766106194869,0.07458615255170604,98.72767818555846,97.38625363020329,0.6666666666666666
7,0.2503781523555517,0.05078919577846455,0.07398560887290778,98.76398084602486,97.37933895726732,0.6666666666666666
8,0.2721492270939052,0.047605783714717104,0.07262439157603169,98.91956367659516,97.4069976490112,0.6666666666666666
9,0.2709696851670742,0.04486589239896666,0.07155658288861326,99.01809946928968,97.42082699488314,0.6666666666666666
10,0.27112959418445826,0.042794420779928906,0.0708151121428204,99.09589088457483,97.40008297607523,0.6666666666666666
11,0.2737240670248866,0.04136861248334529,0.07033354069588986,99.13565094127613,97.4277416678191,0.6666666666666666
12,0.30865164613351226,0.039461582846761926,0.06973646239144306,99.19961277162169,97.4069976490112,0.6666666666666666
13,0.2475214353762567,0.038922151953411796,0.06957283834546725,99.21517105467872,97.4069976490112,0.6666666666666666
14,0.2731894562020898,0.037929235827726164,0.06928983154004102,99.25320241326257,97.37933895726732,0.6666666666666666
15,0.31700053717941046,0.0370296491520768,0.06905184184713382,99.28259028125919,97.41391232194717,0.6666666666666666
16,0.3288320563733578,0.035708383738641845,0.06874025795434913,99.33099382854772,97.41391232194717,0.6666666666666666
17,0.2522854236885905,0.03533736825143843,0.06865903641018621,99.34136601725241,97.4069976490112,0.6666666666666666
18,0.26831857673823833,0.03456822390025751,0.06850533684150532,99.36729648901412,97.39316830313926,0.6666666666666666
19,0.25132333394140005,0.0342434329718928,0.06844468982539435,99.37766867771882,97.39316830313926,0.6666666666666666
