,times,train_loss,test_loss,train_acc,test_acc,eta
0,0.254961259663105,0.12324532978757834,0.13073807993557898,96.96094870952686,96.38362605448762,0.6666666666666666
1,0.2530967830680311,0.09503681558974901,0.10625407820240323,97.60748180545231,96.81233577651777,0.6666666666666666
2,0.27432319801300764,0.06543263388739813,0.08155617423171789,98.01372586305254,97.08200802102061,0.6666666666666666
3,0.2740873792208731,0.0536736848862199,0.07479293587671662,98.41651252441785,97.21338680680404,0.6666666666666666
4,0.2900737039744854,0.046295040784769634,0.07172888783247028,98.70520511003164,97.23413082561194,0.6666666666666666
5,0.26111913099884987,0.04306958905375552,0.07076234664841302,98.87116012930662,97.28253353616374,0.6666666666666666
6,0.24441295256838202,0.04164761416214452,0.07038157524530615,98.9610524314139,97.31710690084358,0.6666666666666666
7,0.27923302073031664,0.037943216881185696,0.06965242016185112,99.14429443186336,97.34476559258746,0.6666666666666666
8,0.26990542793646455,0.03646598341975013,0.06939745092488958,99.22381454526597,97.38625363020329,0.6666666666666666
9,0.2683175099082291,0.03507952564301018,0.06919466961878326,99.28777637561153,97.3585949384594,0.6666666666666666
10,0.2449213652871549,0.034498140558968264,0.06908856625891013,99.31543554549069,97.37242428433134,0.6666666666666666
11,0.24926123674958944,0.03395985819886377,0.06901028281507209,99.3379086210175,97.37242428433134,0.6666666666666666
12,0.24703317927196622,0.03346052235309438,0.06894586628447164,99.35865299842689,97.36550961139538,0.6666666666666666
13,0.24810823611915112,0.03299532968361677,0.0688811368078793,99.37248258336646,97.40008297607523,0.6666666666666666
14,0.2495060060173273,0.032561526764742714,0.06882738549773311,99.38976956454094,97.41391232194717,0.6666666666666666
15,0.27027157275006175,0.030765706405728704,0.06879981398418061,99.4606461873563,97.4277416678191,0.6666666666666666
16,0.2512305877171457,0.030459705515609052,0.0687868359310284,99.47274707417844,97.43465634075508,0.6666666666666666
17,0.2653432027436793,0.029238986281300675,0.06886250525761856,99.5038636402925,97.37242428433134,0.6666666666666666
18,0.2504338421858847,0.029006587466333222,0.06886089242010647,99.51423582899719,97.37242428433134,0.6666666666666666
19,0.24528168002143502,0.028785503278878345,0.06885489692423505,99.52287931958442,97.37933895726732,0.6666666666666666
