,times,train_loss,test_loss,train_acc,test_acc,eta
0,0.2570875249803066,0.452125802053288,0.45247262639255725,87.03649281725933,86.97275618863227,2.041241452319315
1,0.2604434587992728,0.3680402422400411,0.3687137306410594,90.09283108890695,90.05670031807496,2.041241452319315
2,0.26299395877867937,0.320841295805143,0.32184850208228966,91.65211679084481,91.90983266491494,2.041241452319315
3,0.2607888928614557,0.2896018615412796,0.2909144663624518,92.65303300084706,92.98160696999032,2.041241452319315
4,0.26456604106351733,0.2669178049859425,0.2685112602024401,93.44996283299048,93.64541557184346,2.041241452319315
5,0.28553744591772556,0.1788391131804955,0.18040235173970007,93.98585924939928,94.19167473378509,2.041241452319315
6,0.3136228690855205,0.13941322326210065,0.14145339470561527,94.68771068508306,94.68261651223897,2.041241452319315
7,0.26420757500454783,0.13632268076999918,0.1387400952220045,94.95565889328746,94.77942193334255,2.041241452319315
8,0.26728275092318654,0.1336471650059562,0.13640269989582418,95.11469912009265,94.86931268151017,2.041241452319315
9,0.2809629114344716,0.12359528041729669,0.12714157158578426,95.45871004546476,95.19430230950076,2.041241452319315
10,0.2878342168405652,0.11656486465929333,0.120818231641936,95.75431742354833,95.3464251140921,2.041241452319315
11,0.33624024176970124,0.10617208365317463,0.11168857464605715,96.13808840562173,95.6714147420827,2.041241452319315
12,0.33362330310046673,0.10046481031501261,0.10674937591004395,96.42505229311806,95.90651362190569,2.041241452319315
13,0.263247556053102,0.0996580039174,0.10605008470170164,96.44925406676232,95.92034296777763,2.041241452319315
14,0.2674428569152951,0.09888663625205152,0.10538784542569514,96.48382802911128,95.94800165952151,2.041241452319315
15,0.28452906012535095,0.0960732651287979,0.1029906027561115,96.64978304838625,96.05863642649703,2.041241452319315
16,0.2611329760402441,0.09543560450347775,0.10246390022226604,96.67744221826543,96.10012446411285,2.041241452319315
17,0.2677642563357949,0.09481982825694539,0.10195955183641599,96.71547357684928,96.10012446411285,2.041241452319315
18,0.3291868600063026,0.08797493640110764,0.0963571743330247,97.02491053987242,96.3905407274236,2.041241452319315
19,0.3064234331250191,0.08540966442901211,0.09439390304069017,97.17357857797293,96.50809016733508,2.041241452319315
