,times,train_loss,test_loss,train_acc,test_acc,eta
0,1.9241087888367474,0.42411577146200347,0.4323352279143319,0.0,0.0,4.08248290463863
1,1.9441905147396028,0.4068386871904346,0.4143610525860025,0.0,0.0,4.08248290463863
2,1.9259258853271604,0.398076862006194,0.40507854736131255,0.0,0.0,4.08248290463863
3,6.678494309075177,0.40386815640627394,0.40779063329324533,0.0,0.0,4.08248290463863
4,9.028669655323029,0.39290977888045986,0.39603647710293766,0.0,0.0,4.08248290463863
5,1.9434138531796634,0.38404188767525166,0.3876960335670664,0.0,0.0,4.08248290463863
6,1.9278340991586447,0.37952687419435016,0.3835176998759349,0.0,0.0,4.08248290463863
7,1.9465856421738863,0.3769005337495508,0.3811246639649075,0.0,0.0,4.08248290463863
8,1.9282922320999205,0.3752402602746602,0.37966001405664185,0.0,0.0,4.08248290463863
9,1.9458627989515662,0.3741329104389585,0.37871015091187815,0.0,0.0,4.08248290463863
10,6.656488668639213,0.383446075989371,0.3895334912660231,0.0,0.0,4.08248290463863
11,4.3124960656277835,0.3766816273497893,0.38255819081713816,0.0,0.0,4.08248290463863
12,1.9335851999931037,0.37278039935351703,0.37840557107817785,0.0,0.0,4.08248290463863
13,4.352240836713463,0.36993679659362244,0.37528330623115574,0.0,0.0,4.08248290463863
14,6.664742636028677,0.3703445961133099,0.3752272323436191,0.0,0.0,4.08248290463863
15,9.048883006908,0.36971013766743377,0.3745425288481297,0.0,0.0,4.08248290463863
16,6.664981284178793,0.36703434496744486,0.3721157542301178,0.0,0.0,4.08248290463863
17,6.678879901301116,0.3664816641516802,0.37161698409822125,0.0,0.0,4.08248290463863
18,6.579930434934795,0.36610723969058795,0.3712189560353093,0.0,0.0,4.08248290463863
19,4.313851193990558,0.36564343047083914,0.3707298919458423,0.0,0.0,4.08248290463863
