,times,train_loss,test_loss,train_acc,test_acc,eta
0,0.3287389022298157,0.32660647685295846,0.32699263363914965,89.83179767317233,89.75936938182824,1.5804591241141248
1,0.25847707502543926,0.28004311997635084,0.2812165451601813,92.38162739640777,92.67736136080764,1.5804591241141248
2,0.3084787889383733,0.1809511500745583,0.18339951146774658,94.76550210036821,94.57198174526344,1.5804591241141248
3,0.3288520039059222,0.14376178375392212,0.1473361280318884,95.47945442287413,95.22887567418061,1.5804591241141248
4,0.3105954313650727,0.13258691335153705,0.1368175627367632,95.82865144259858,95.47088922693956,1.5804591241141248
5,0.26303937193006277,0.13019015043360255,0.13467718403934983,95.96521859387695,95.54003595629926,1.5804591241141248
6,0.26521590491756797,0.12798723990872057,0.13272648801604317,96.10351444327277,95.65067072327479,1.5804591241141248
7,0.2629636097699404,0.12594593835597698,0.13093195746426584,96.20896502843708,95.75439081731434,1.5804591241141248
8,0.26540090795606375,0.12404273662219369,0.12926918541222895,96.33170259477588,95.84428156548195,1.5804591241141248
9,0.32846316508948803,0.10662724724718241,0.11390737745363638,97.0058948605805,96.35596736274374,1.5804591241141248
10,0.26393870217725635,0.10562114533238186,0.1130915911371873,97.0352827285771,96.38362605448762,1.5804591241141248
11,0.3105758992023766,0.09961476802301007,0.1080459738695322,97.2340830120836,96.55649287788688,1.5804591241141248
12,0.30354580795392394,0.09534065133433078,0.10454693821465222,97.36719276712708,96.7362743742221,1.5804591241141248
13,0.2854658798314631,0.09344350666144824,0.10301688145203526,97.43634069182498,96.81233577651777,1.5804591241141248
14,0.3132241037674248,0.09051736144563702,0.10069274233191274,97.52104689957993,96.86073848706957,1.5804591241141248
15,0.2870148317888379,0.08874748890345574,0.09931869021036646,97.57982263557315,96.86765316000553,1.5804591241141248
16,0.30470225820317864,0.08634551570070884,0.09747844495286738,97.66280014521064,96.91605587055733,1.5804591241141248
17,0.28162952698767185,0.08508784897091383,0.09653634310439788,97.70083150379449,96.94371456230121,1.5804591241141248
18,0.28214771999046206,0.0838687913321387,0.09563432424453124,97.7371341642609,96.94371456230121,1.5804591241141248
19,0.32280104188248515,0.0820513650684346,0.09430395440623658,97.78726640966688,96.97137325404509,1.5804591241141248
