,times,train_loss,test_loss,train_acc,test_acc,eta
0,0.6847537984140217,3.094890201684625,3.8225566511530578,0.0,0.0,0.005994842503189411
1,0.7788841179572046,1.5568932020185047,2.0523713726606223,0.0,0.0,0.005994842503189411
2,0.868434099946171,0.8359708994529281,1.1725065718079575,0.0,0.0,0.005994842503189411
3,0.8698542341589928,0.49802210387549534,0.7257448690705947,0.0,0.0,0.005994842503189411
4,1.1346026938408613,0.3396043767533339,0.4928335488803065,0.0,0.0,0.005994842503189411
5,1.0017853579483926,0.26533870109174906,0.36756543519226953,0.0,0.0,0.005994842503189411
6,1.073311380110681,0.2305217734749222,0.2978273855367565,0.0,0.0,0.005994842503189411
7,1.1307586268521845,0.2141998382534244,0.25759587575114357,0.0,0.0,0.005994842503189411
8,1.2373697650618851,0.20654865745454687,0.2335754707947918,0.0,0.0,0.005994842503189411
9,1.2832852159626782,0.20296153288832847,0.21878008462719567,0.0,0.0,0.005994842503189411
10,1.3605356109328568,0.20127961804244393,0.20942288140031426,0.0,0.0,0.005994842503189411
11,1.2869952130131423,0.20049121163889927,0.20338001936623837,0.0,0.0,0.005994842503189411
12,1.2666501058265567,0.20012154018145253,0.19941269693425498,0.0,0.0,0.005994842503189411
13,1.3172404672950506,0.19994813319935983,0.1967755619833259,0.0,0.0,0.005994842503189411
14,1.3134877663105726,0.19986674013002764,0.19500673474413452,0.0,0.0,0.005994842503189411
15,1.297862228937447,0.19982848353225752,0.1938123589918563,0.0,0.0,0.005994842503189411
16,1.3526211059652269,0.19981044388600003,0.19300142922339275,0.0,0.0,0.005994842503189411
17,1.30379887111485,0.19980188172766392,0.19244805648601182,0.0,0.0,0.005994842503189411
18,1.4295527841895819,0.1997977630132045,0.19206817082544198,0.0,0.0,0.005994842503189411
19,1.3772072750143707,0.19979572589713832,0.1918048024466988,0.0,0.0,0.005994842503189411
