,times,train_loss,test_loss,train_acc,test_acc,eta
0,6.870729418937117,1.8436059042588102,2.3396331024936674,0.0,0.0,0.003593813663804627
1,6.9091688939370215,0.632423954480035,0.8687053158253645,0.0,0.0,0.003593813663804627
2,7.019041492138058,0.3086673158191719,0.4201016461195793,0.0,0.0,0.003593813663804627
3,7.013149591162801,0.22212016257739586,0.271528220388538,0.0,0.0,0.003593813663804627
4,6.928133298177272,0.19898747971579286,0.2170053364655492,0.0,0.0,0.003593813663804627
5,6.979562530294061,0.19280250879653713,0.19476924440725568,0.0,0.0,0.003593813663804627
6,7.017107638064772,0.191149023975256,0.18486573737572753,0.0,0.0,0.003593813663804627
7,6.955213095992804,0.19070675328217396,0.1801707810628228,0.0,0.0,0.003593813663804627
8,7.105907705146819,0.19058828454880888,0.17785692428200578,0.0,0.0,0.003593813663804627
9,7.033163772895932,0.19055638597424088,0.17669099209154715,0.0,0.0,0.003593813663804627
10,6.941186145879328,0.19054762833946806,0.1760962784367087,0.0,0.0,0.003593813663804627
11,7.0192534402012825,0.19054505609870834,0.17579089297741804,0.0,0.0,0.003593813663804627
12,6.930467861704528,0.19054413750238527,0.17563352588206838,0.0,0.0,0.003593813663804627
13,6.946116509847343,0.19054366095154707,0.17555226670555404,0.0,0.0,0.003593813663804627
14,7.002001792192459,0.19054330255216967,0.17551023517753542,0.0,0.0,0.003593813663804627
15,7.03036146890372,0.190542975741056,0.17548845697809798,0.0,0.0,0.003593813663804627
16,7.067832296248525,0.19054265737531992,0.17547714281270335,0.0,0.0,0.003593813663804627
17,7.051719452254474,0.19054234126797207,0.17547123672860243,0.0,0.0,0.003593813663804627
18,7.1025930708274245,0.19054202576513943,0.17546812577723553,0.0,0.0,0.003593813663804627
19,7.187144937925041,0.1905417104247698,0.17546645998333457,0.0,0.0,0.003593813663804627
