,times,train_loss,test_loss,train_acc,test_acc,eta
0,0.2064958568662405,0.6725860230229169,0.6726521527670647,78.67305132504711,78.89641819941917,0.0861773876012753
1,0.2901069289073348,0.17098838149298476,0.17367909621816544,94.97986066693173,94.95920342967777,0.0861773876012753
2,0.3154539866372943,0.07476695676346515,0.08824745137969423,97.7699794284924,96.86073848706957,0.0861773876012753
3,0.34129525627940893,0.04873763781514141,0.07318922068408043,98.63778588345117,97.21338680680404,0.0861773876012753
4,0.3779472056776285,0.03695410081268453,0.07223718267374271,99.07341780904801,97.31019222790762,0.0861773876012753
5,0.39743625884875655,0.03136863959324438,0.07353383916590987,99.3188929417256,97.33093624671552,0.0861773876012753
6,0.4310512710362673,0.027846541534208707,0.0745648028383114,99.5038636402925,97.3585949384594,0.0861773876012753
7,0.4548919522203505,0.026215471911877307,0.07521477533927805,99.58684114992998,97.36550961139538,0.0861773876012753
8,0.48334818286821246,0.02533857235913237,0.07555930401093112,99.63178730098363,97.36550961139538,0.0861773876012753
9,0.5176071329042315,0.02464685812485118,0.07563730614633536,99.6559890746279,97.3378509196515,0.0861773876012753
10,0.5467016608454287,0.024028146345280277,0.07512658158509633,99.67327605580238,97.37242428433134,0.0861773876012753
11,0.5437269611284137,0.02349988142204397,0.07501357382912291,99.69747782944664,97.34476559258746,0.0861773876012753
12,0.5450357072986662,0.02307820499712122,0.07487857955799143,99.70785001815133,97.33093624671552,0.0861773876012753
13,0.5481979390606284,0.02287535823957129,0.07493344266505786,99.71649350873857,97.31710690084358,0.0861773876012753
14,0.548843567725271,0.022700400890398542,0.0752707955172825,99.72513699932581,97.31710690084358,0.0861773876012753
15,0.5459472388029099,0.022582860241704243,0.07504888280696552,99.7216796030909,97.31710690084358,0.0861773876012753
16,0.54621038492769,0.022523032966409045,0.07498622089845819,99.71822220685601,97.3585949384594,0.0861773876012753
17,0.5460707731544971,0.02246074074698932,0.0750088575948523,99.71130741438623,97.32402157377956,0.0861773876012753
18,0.5473680170252919,0.02241770317083875,0.07497545917022111,99.71995090497346,97.30327755497164,0.0861773876012753
19,0.5464433240704238,0.022390294687142487,0.07503668330283926,99.7216796030909,97.31710690084358,0.0861773876012753
