,times,train_loss,test_loss,train_acc,test_acc,eta
0,0.20926978485658765,0.6926846382821256,0.6926862394748946,78.16654277663491,78.39856174802932,0.0018566355334451114
1,0.28861049422994256,0.520577423412017,0.5211239353535206,88.15323180113057,88.12059189600332,0.0018566355334451114
2,0.38602107018232346,0.40552000558271034,0.4061728594416497,90.6235414109634,90.76891163047988,0.0018566355334451114
3,0.37957428907975554,0.3145579863293014,0.3155683476801121,92.28654899994814,92.58055593970406,0.0018566355334451114
4,0.41552466712892056,0.25145754666230996,0.25295139108701764,93.64703441837952,93.69381828239524,0.0018566355334451114
5,0.44288938911631703,0.20194111915068297,0.20408818780933766,94.5442287413349,94.43368828654404,0.0018566355334451114
6,0.4838838786818087,0.16544231785108496,0.16824710788081682,95.11815651632756,94.90388604619001,0.0018566355334451114
7,0.5053878426551819,0.13936936444644632,0.14304133148872425,95.62120766850485,95.31185174941226,0.0018566355334451114
8,0.5398462079465389,0.11967058892654503,0.12433380409827059,96.01362214116548,95.65758539621076,0.0018566355334451114
9,0.5751660349778831,0.10596528460919317,0.111690496598409,96.36281916088993,95.92034296777763,0.0018566355334451114
10,0.6744471569545567,0.09538745820605736,0.10231407897325916,96.65496914273861,96.14852717466464,0.0018566355334451114
11,0.605374202132225,0.0883521074939011,0.0964196977453567,96.87105640741957,96.27990596044808,0.0018566355334451114
12,0.6167543968185782,0.0838510989355133,0.09298012853273324,97.06467059657372,96.49426082146314,0.0018566355334451114
13,0.6015142360702157,0.08062764524760935,0.09084143016155373,97.20815254032189,96.5979809155027,0.0018566355334451114
14,0.6016516340896487,0.07761137146531144,0.08908034045591195,97.36546406900963,96.72244502835017,0.0018566355334451114
15,0.6191388643346727,0.07411053709156955,0.08733164032246689,97.56599305063357,96.77084773890195,0.0018566355334451114
16,0.6027159900404513,0.07061819222911962,0.0859715302638709,97.75614984355282,96.83999446826165,0.0018566355334451114
17,0.6029661879874766,0.06668820857676834,0.08466341495634101,97.90481788165333,96.88148250587747,0.0018566355334451114
18,0.6191408988088369,0.06314181795482891,0.08371884379012856,98.01372586305254,96.92988521642927,0.0018566355334451114
19,0.6034458950161934,0.05992447166573657,0.08208611799016224,98.11053295762962,96.93679988936523,0.0018566355334451114
