,times,train_loss,test_loss,train_acc,test_acc,eta
0,0.2052780892699957,0.6268368603050274,0.62701220384811,80.11997164935087,80.52828101230811,0.3097054730724509
1,0.28971342695876956,0.11028006115155711,0.11743257307278766,96.78635019966464,96.25916194164016,0.3097054730724509
2,0.315103093162179,0.045637743965297045,0.0745331766345009,98.75706605355506,97.1096667127645,0.3097054730724509
3,0.3427714789286256,0.030300771308446404,0.07140669541263414,99.42607222500735,97.2687041902918,0.3097054730724509
4,0.3780787717550993,0.02592598323918325,0.07553192044333254,99.60239943298701,97.3378509196515,0.3097054730724509
5,0.4022096889093518,0.024194717780757997,0.07539931388502606,99.68191954638961,97.31019222790762,0.3097054730724509
6,0.4295678432099521,0.023554176222325023,0.0746463610999373,99.69056303697685,97.3585949384594,0.3097054730724509
7,0.457368778064847,0.023382086118669945,0.07608391805393717,99.70612132003389,97.29636288203568,0.3097054730724509
8,0.48870732309296727,0.024644292967398472,0.07730886763973976,99.62314381039639,97.41391232194717,0.3097054730724509
9,0.5124119012616575,0.02899599786111336,0.08202908009349902,99.48311926288312,97.12349605863642,0.3097054730724509
10,0.5450318781659007,0.10062926243853251,0.17114270192813674,98.85733054436703,96.46660212971926,0.3097054730724509
11,0.5479125897400081,0.14508413051297936,0.24360139178828838,98.85733054436703,95.71981745263449,0.3097054730724509
12,0.5476082740351558,0.237510090494167,0.2617598335159653,98.1935104672671,96.86073848706957,0.3097054730724509
13,0.5472588948905468,0.06428213604266675,0.1269192424038369,99.28950507372898,97.00594661872493,0.3097054730724509
14,0.5324782207608223,0.0323679230002709,0.09225381098661928,99.62141511227894,96.99903194578897,0.3097054730724509
15,0.5353270578198135,0.6890077757586369,0.4986589757642033,98.66198765709544,96.91605587055733,0.3097054730724509
16,0.54337371699512,0.5607276608846856,0.5341512770381712,95.55378844192438,94.10178398561749,0.3097054730724509
17,0.5433086561970413,inf,inf,96.50457240652065,95.70598810676255,0.3097054730724509
18,0.547823469620198,,,0.03976005670129723,0.01382934587194029,0.3097054730724509
19,0.5384523086249828,,,0.03976005670129723,0.01382934587194029,0.3097054730724509
