,times,train_loss,test_loss,train_acc,test_acc,eta
0,0.2018596949055791,0.36848711988980554,0.3691701998909488,90.08591629643715,90.02904162633108,3.9999999999999996
1,0.2936870101839304,0.09932974096247509,0.13526899223598648,96.80017978460421,95.59535333978702,3.9999999999999996
2,0.3170697367750108,0.2135458946427577,0.26037248774981275,97.17357857797293,95.92034296777763,3.9999999999999996
3,0.3438638113439083,inf,inf,1.2239182671530102,3.0355414188908867,3.9999999999999996
4,0.3807760891504586,,,0.03976005670129723,0.01382934587194029,3.9999999999999996
5,0.39554051868617535,,,0.03976005670129723,0.01382934587194029,3.9999999999999996
6,0.43162746587768197,,,0.03976005670129723,0.01382934587194029,3.9999999999999996
7,0.4530977951362729,,,0.03976005670129723,0.01382934587194029,3.9999999999999996
8,0.48126404033973813,,,0.03976005670129723,0.01382934587194029,3.9999999999999996
9,0.5105889327824116,,,0.03976005670129723,0.01382934587194029,3.9999999999999996
10,0.5418291348032653,,,0.03976005670129723,0.01382934587194029,3.9999999999999996
11,0.539874535985291,,,0.03976005670129723,0.01382934587194029,3.9999999999999996
12,0.5403264011256397,,,0.03976005670129723,0.01382934587194029,3.9999999999999996
13,0.5381530020385981,,,0.03976005670129723,0.01382934587194029,3.9999999999999996
14,0.5434926291927695,,,0.03976005670129723,0.01382934587194029,3.9999999999999996
15,0.5384238660335541,,,0.03976005670129723,0.01382934587194029,3.9999999999999996
16,0.5370904351584613,,,0.03976005670129723,0.01382934587194029,3.9999999999999996
17,0.5397341549396515,,,0.03976005670129723,0.01382934587194029,3.9999999999999996
18,0.5401604608632624,,,0.03976005670129723,0.01382934587194029,3.9999999999999996
19,0.5375548810698092,,,0.03976005670129723,0.01382934587194029,3.9999999999999996
