,times,train_loss,test_loss,train_acc,test_acc,eta
0,0.8034035232849419,0.19977231366334464,0.191259914332354,0.0,0.0,2.4473842035271822
1,0.7187116532586515,0.19972778746590983,0.19122580454765864,0.0,0.0,2.4473842035271822
2,1.232104999013245,0.1996427249856579,0.19116475125230936,0.0,0.0,2.4473842035271822
3,0.7041483167558908,0.19959036797093033,0.19112045019781854,0.0,0.0,2.4473842035271822
4,0.42752975365146995,0.19956975054477125,0.19110104775230877,0.0,0.0,2.4473842035271822
5,1.1232450231909752,0.1994313619245838,0.19099705475619513,0.0,0.0,2.4473842035271822
6,0.9376921253278852,0.19936318508380396,0.19094463318837576,0.0,0.0,2.4473842035271822
7,1.2798142000101507,0.19920948815743109,0.19083722556537086,0.0,0.0,2.4473842035271822
8,0.9688394414260983,0.19914500332866605,0.1907756436233919,0.0,0.0,2.4473842035271822
9,0.8310011178255081,0.19906864526739634,0.19072661304379,0.0,0.0,2.4473842035271822
10,1.1054573990404606,0.19894688758311352,0.19063213919587518,0.0,0.0,2.4473842035271822
11,0.7108013518154621,0.19887931728511463,0.19057407314759559,0.0,0.0,2.4473842035271822
12,0.6590065318159759,0.19880474803067114,0.19052408465469348,0.0,0.0,2.4473842035271822
13,0.6775196287781,0.19871767366440934,0.19045686594137257,0.0,0.0,2.4473842035271822
14,1.4694769559428096,0.1985295471945453,0.19031077667685045,0.0,0.0,2.4473842035271822
15,0.737143422011286,0.19846091551958436,0.19026299609209704,0.0,0.0,2.4473842035271822
16,1.0362996249459684,0.1983481453579707,0.19017151954725028,0.0,0.0,2.4473842035271822
17,0.7589493440464139,0.19828586264561868,0.19012608376951984,0.0,0.0,2.4473842035271822
18,0.47368822107091546,0.19826588629274197,0.1901129508760796,0.0,0.0,2.4473842035271822
19,1.0335019249469042,0.1981412732504781,0.1900126324789911,0.0,0.0,2.4473842035271822
