,times,train_loss,test_loss,train_acc,test_acc,eta
0,0.9550938927568495,2.0705721078768066e+78,2.0707020974774e+78,0.0,0.0,1.1359751190652072
1,0.4388934876769781,1.581982234800695e+156,1.5820817813008805e+156,0.0,0.0,1.1359751190652072
2,0.9911940456368029,8.20770008442477e+233,8.208209359469341e+233,0.0,0.0,1.1359751190652072
3,1.2576934471726418,inf,inf,0.0,0.0,1.1359751190652072
4,1.4175517661496997,inf,inf,0.0,0.0,1.1359751190652072
5,1.2197300419211388,inf,inf,0.0,0.0,1.1359751190652072
6,0.9487113999202847,inf,inf,0.0,0.0,1.1359751190652072
7,1.2607328929007053,,,0.0,0.0,1.1359751190652072
8,1.2365479678846896,,,0.0,0.0,1.1359751190652072
9,0.7383706900291145,,,0.0,0.0,1.1359751190652072
10,0.4001801870763302,,,0.0,0.0,1.1359751190652072
11,1.1681585549376905,,,0.0,0.0,1.1359751190652072
12,0.3900325861759484,,,0.0,0.0,1.1359751190652072
13,0.7103654039092362,,,0.0,0.0,1.1359751190652072
14,0.5377778611145914,,,0.0,0.0,1.1359751190652072
15,1.1071791099384427,,,0.0,0.0,1.1359751190652072
16,0.5341038592159748,,,0.0,0.0,1.1359751190652072
17,0.5420955149456859,,,0.0,0.0,1.1359751190652072
18,0.6685243067331612,,,0.0,0.0,1.1359751190652072
19,0.43184008402749896,,,0.0,0.0,1.1359751190652072
