,times,train_loss,test_loss,train_acc,test_acc,eta
0,4.456784683279693,0.4995456796314429,0.5098795226301078,0.0,0.0,0.001
1,4.446230275090784,0.49910061213627316,0.5094196005579267,0.0,0.0,0.001
2,4.451951178722084,0.4986599831195971,0.5089671289701067,0.0,0.0,0.001
3,4.32421814603731,0.49822326608683903,0.5085195857763526,0.0,0.0,0.001
4,4.448518765624613,0.49779035614143363,0.5080762202170841,0.0,0.0,0.001
5,4.4906864101067185,0.49736120838799225,0.5076367707910763,0.0,0.0,0.001
6,4.45456721726805,0.49693577714791304,0.5072011495696044,0.0,0.0,0.001
7,4.482361892703921,0.49651401410733514,0.5067692620419646,0.0,0.0,0.001
8,4.498928271699697,0.4960958754126529,0.5063410759780423,0.0,0.0,0.001
9,4.62723062094301,0.4956813147075991,0.5059165308719303,0.0,0.0,0.001
10,4.532446066848934,0.49527029448196147,0.5054956082862554,0.0,0.0,0.001
11,4.623717545997351,0.49486276624077985,0.5050782351797685,0.0,0.0,0.001
12,4.576991921756417,0.4944586890608473,0.5046643719729267,0.0,0.0,0.001
13,4.460403432138264,0.4940580215118498,0.5042539898492795,0.0,0.0,0.001
14,4.408571175299585,0.49366072384096704,0.5038470461856023,0.0,0.0,0.001
15,4.492560100276023,0.49326675544756354,0.5034434931719403,0.0,0.0,0.001
16,4.460324125830084,0.49287607734483607,0.5030432816151146,0.0,0.0,0.001
17,4.495571551844478,0.49248864682374127,0.502646385857585,0.0,0.0,0.001
18,4.473131469916552,0.4921044255915231,0.5022527641185923,0.0,0.0,0.001
19,4.595682336017489,0.49172337711277486,0.50186237858596,0.0,0.0,0.001
