,times,train_loss,test_loss,train_acc,test_acc,eta
0,4.41349455434829,0.49449263959522516,0.5046989433158585,0.0,0.0,0.012915496650148838
1,4.319542879704386,0.48956250990159933,0.4996478252883025,0.0,0.0,0.012915496650148838
2,4.2705765357241035,0.48512160791617837,0.49509627542292506,0.0,0.0,0.012915496650148838
3,4.373832899145782,0.48110126100960743,0.4909735043518443,0.0,0.0,0.012915496650148838
4,4.21482062432915,0.47744425114524236,0.4872213601432391,0.0,0.0,0.012915496650148838
5,4.376569542102516,0.47410200466157637,0.48379060734421914,0.0,0.0,0.012915496650148838
6,4.292772143147886,0.4710342945884116,0.48064086593597444,0.0,0.0,0.012915496650148838
7,4.243140863720328,0.46820638472208803,0.4777361939063619,0.0,0.0,0.012915496650148838
8,4.2908088569529355,0.465589257288858,0.47504733124002807,0.0,0.0,0.012915496650148838
9,4.1313215140253305,0.46315809090803167,0.4725494120151723,0.0,0.0,0.012915496650148838
10,4.22711283294484,0.4608916925825291,0.47021922474628663,0.0,0.0,0.012915496650148838
11,4.465801797807217,0.4587716336171354,0.46803960846527626,0.0,0.0,0.012915496650148838
12,4.3478284808807075,0.45678257490664786,0.46599413826425035,0.0,0.0,0.012915496650148838
13,4.160330411978066,0.4549108014626164,0.4640692731596873,0.0,0.0,0.012915496650148838
14,4.255218360107392,0.45314462231786706,0.46225226395599384,0.0,0.0,0.012915496650148838
15,4.304972307290882,0.4514739533725866,0.4605333331692855,0.0,0.0,0.012915496650148838
16,4.277904845774174,0.4498899165955459,0.4589036418498988,0.0,0.0,0.012915496650148838
17,4.248757611960173,0.4483847627423278,0.45735449326099364,0.0,0.0,0.012915496650148838
18,4.246541818138212,0.44695165751267374,0.45587963622459476,0.0,0.0,0.012915496650148838
19,4.261011229828,0.44558468368466025,0.45447263450327247,0.0,0.0,0.012915496650148838
