,times,train_loss,test_loss,train_acc,test_acc,eta
0,0.36614958196878433,0.3196420214427874,0.3139208047414918,90.24285714285715,90.49955834723721,0.7335841422469557
1,0.30069126188755035,0.3195697642087842,0.3138401248545818,90.24285714285715,90.49955834723721,0.7335841422469557
2,0.6115779620595276,0.31942068918430216,0.3136726170968181,90.24285714285715,90.49955834723721,0.7335841422469557
3,0.5107882185839117,0.3193489208433966,0.31359259949746826,90.24285714285715,90.49955834723721,0.7335841422469557
4,0.6484343060292304,0.3191484067735352,0.3133672651827203,90.24285714285715,90.49955834723721,0.7335841422469557
5,0.6930993576534092,0.3189729724742685,0.3131701049710313,90.24285714285715,90.49955834723721,0.7335841422469557
6,0.7286150059662759,0.3188054802171061,0.31298228268604295,90.24285714285715,90.49955834723721,0.7335841422469557
7,0.4106942149810493,0.3187347780390738,0.31290243069055934,90.24285714285715,90.49955834723721,0.7335841422469557
8,0.40462719975039363,0.3186642345125291,0.3128224621759046,90.24285714285715,90.49955834723721,0.7335841422469557
9,1.668287102598697,0.3182624472211777,0.31237046617290143,90.24285714285715,90.49955834723721,0.7335841422469557
10,0.3835051800124347,0.3181926445402044,0.312291651305018,90.24285714285715,90.49955834723721,0.7335841422469557
11,1.6372789950110018,0.3179596180200279,0.3120286582353456,90.24285714285715,90.49955834723721,0.7335841422469557
12,0.6835372308269143,0.3178682565464107,0.31192553666398976,90.24285714285715,90.49955834723721,0.7335841422469557
13,0.36582303838804364,0.31779914930884257,0.3118472580983625,90.24285714285715,90.49955834723721,0.7335841422469557
14,0.9850982138887048,0.31757504539893583,0.31159381559257243,90.24285714285715,90.49955834723721,0.7335841422469557
15,0.9605312440544367,0.3174322292815356,0.31143213729253155,90.24285714285715,90.49955834723721,0.7335841422469557
16,0.6538504529744387,0.31732249895079895,0.31130783519520355,90.24285714285715,90.49955834723721,0.7335841422469557
17,0.6512478198856115,0.3171829143501244,0.3111498402076344,90.24285714285715,90.49955834723721,0.7335841422469557
18,0.9966449881903827,0.31701678668192074,0.3109611421004873,90.24285714285715,90.49955834723721,0.7335841422469557
19,0.6994571168906987,0.3168958743855468,0.31082397247574994,90.24285714285715,90.49955834723721,0.7335841422469557
