,times,train_loss,test_loss,train_acc,test_acc,eta
0,1.0079036578536034,0.3196359251559489,0.3139130971129031,90.24285714285715,90.49955834723721,0.9474603531792863
1,0.7021759538911283,0.31956811329180973,0.313837068487369,90.24285714285715,90.49955834723721,0.9474603531792863
2,0.7045171209610999,0.319460887476475,0.31371688903175354,90.24285714285715,90.49955834723721,0.9474603531792863
3,0.9993806309066713,0.3193207215868361,0.3135595608014393,90.24285714285715,90.49955834723721,0.9474603531792863
4,0.6559307933785021,0.31924079220713447,0.3134699566718867,90.24285714285715,90.49955834723721,0.9474603531792863
5,0.37405524402856827,0.31919277331243834,0.31341621299185696,90.24285714285715,90.49955834723721,0.9474603531792863
6,0.3647496663033962,0.31914483021980855,0.31336213007689534,90.24285714285715,90.49955834723721,0.9474603531792863
7,0.31993809388950467,0.3190969624360008,0.3133085707736807,90.24285714285715,90.49955834723721,0.9474603531792863
8,0.6469281711615622,0.3188973570785697,0.31308454335647856,90.24285714285715,90.49955834723721,0.9474603531792863
9,0.949404024053365,0.3186641571853599,0.3128222169972328,90.24285714285715,90.49955834723721,0.9474603531792863
10,0.6353038758970797,0.31854679417177806,0.31268999539450154,90.24285714285715,90.49955834723721,0.9474603531792863
11,0.6506034131161869,0.31845349506365067,0.31258477138993224,90.24285714285715,90.49955834723721,0.9474603531792863
12,0.35189633537083864,0.3184064023668262,0.31253159582406737,90.24285714285715,90.49955834723721,0.9474603531792863
13,0.36304375203326344,0.31835938305393224,0.3124790344559744,90.24285714285715,90.49955834723721,0.9474603531792863
14,0.6714927819557488,0.31819971319510043,0.31229893829120536,90.24285714285715,90.49955834723721,0.9474603531792863
15,0.35926764691248536,0.31815293890121416,0.3122459454004884,90.24285714285715,90.49955834723721,0.9474603531792863
16,1.2939528920687735,0.3178621891052811,0.3119177236354713,90.24285714285715,90.49955834723721,0.9474603531792863
17,0.6571449707262218,0.31775690472816354,0.31179865747051055,90.24285714285715,90.49955834723721,0.9474603531792863
18,0.41254848008975387,0.3177106115431911,0.31174639344346905,90.24285714285715,90.49955834723721,0.9474603531792863
19,1.7168873641639948,0.31746925986637825,0.31147326149368804,90.24285714285715,90.49955834723721,0.9474603531792863
