,times,train_loss,test_loss,train_acc,test_acc,eta
0,0.4315613070502877,0.3196420526879642,0.3139211238865196,90.24285714285715,90.49955834723721,0.7335841422469557
1,0.30113325407728553,0.31956983499778924,0.31384004760642925,90.24285714285715,90.49955834723721,0.7335841422469557
2,0.6929694460704923,0.3193982190562493,0.3136454952455619,90.24285714285715,90.49955834723721,0.7335841422469557
3,1.0705164256505668,0.3191905910255091,0.31341172181924537,90.24285714285715,90.49955834723721,0.7335841422469557
4,0.5235689911060035,0.31911919022712376,0.31333172911939905,90.24285714285715,90.49955834723721,0.7335841422469557
5,1.5703121703118086,0.31886818399433325,0.3130495066381137,90.24285714285715,90.49955834723721,0.7335841422469557
6,0.8585589751601219,0.31876369655778913,0.31293204041393313,90.24285714285715,90.49955834723721,0.7335841422469557
7,1.0712435329332948,0.3185854438586927,0.31273152763589707,90.24285714285715,90.49955834723721,0.7335841422469557
8,0.705875996965915,0.31845012808641715,0.31257911706200403,90.24285714285715,90.49955834723721,0.7335841422469557
9,0.9836649182252586,0.31828072442920496,0.3123882293584175,90.24285714285715,90.49955834723721,0.7335841422469557
10,0.9541149260476232,0.31814663463312576,0.3122369785833532,90.24285714285715,90.49955834723721,0.7335841422469557
11,1.1965553578920662,0.31799283224012914,0.31206332202537584,90.24285714285715,90.49955834723721,0.7335841422469557
12,1.1317960936576128,0.317834288704154,0.3118842965317284,90.24285714285715,90.49955834723721,0.7335841422469557
13,0.3327283379621804,0.3177652229315093,0.31180617706793845,90.24285714285715,90.49955834723721,0.7335841422469557
14,0.964906940702349,0.317584617093379,0.3116021963674883,90.24285714285715,90.49955834723721,0.7335841422469557
15,1.3113114265725017,0.3173987424614433,0.3113915435633519,90.24285714285715,90.49955834723721,0.7335841422469557
16,0.37556993775069714,0.31733041889612934,0.311314151955788,90.24285714285715,90.49955834723721,0.7335841422469557
17,0.31772417901083827,0.31726224316291646,0.31123704307435246,90.24285714285715,90.49955834723721,0.7335841422469557
18,0.6820099032483995,0.3170670228429195,0.31101540500314034,90.24285714285715,90.49955834723721,0.7335841422469557
19,0.3766419440507889,0.3169993032588949,0.3109389516872476,90.24285714285715,90.49955834723721,0.7335841422469557
