,times,train_loss,test_loss,train_acc,test_acc,eta
0,5.53561005089432,0.3626289873370461,0.35382936751587807,90.24285714285715,90.49955834723721,0.6666666666666666
1,0.8962332671508193,0.33228899640994664,0.3278165511510995,90.24285714285715,90.49955834723721,0.6666666666666666
2,0.8833406181074679,0.4125008562512433,0.4017908278373722,90.24285714285715,90.49955834723721,0.6666666666666666
3,2.8305336898192763,0.35927311902233733,0.35017809326338034,90.24285714285715,90.49955834723721,0.6666666666666666
4,0.9143003760837018,0.32815097032699253,0.3233241327858907,90.24285714285715,90.49955834723721,0.6666666666666666
5,1.7911323229782283,0.3275729482255353,0.3226516024435039,90.24285714285715,90.49955834723721,0.6666666666666666
6,1.6397777991369367,0.4121150761743254,0.4007511701719961,90.24285714285715,90.49955834723721,0.6666666666666666
7,0.8515457604080439,0.34184409872660687,0.33734334873880656,90.24285714285715,90.49955834723721,0.6666666666666666
8,0.9129815720953047,0.35920773327857153,0.3495029568308772,90.24285714285715,90.49955834723721,0.6666666666666666
9,0.7741912589408457,0.32694265067583067,0.3218607405154217,90.24285714285715,90.49955834723721,0.6666666666666666
10,0.8048559408634901,0.4029534352206868,0.39154074865719257,90.24285714285715,90.49955834723721,0.6666666666666666
11,2.6869804109446704,0.33822988005281956,0.3333889869434817,90.24285714285715,90.49955834723721,0.6666666666666666
12,4.591560787055641,0.34592549094561276,0.3358090806112615,90.24285714285715,90.49955834723721,0.6666666666666666
13,1.0722081530839205,0.3220375159507915,0.31647961199444524,90.24285714285715,90.49955834723721,0.6666666666666666
14,2.9101741942577064,0.33419423494420614,0.3290784950826788,90.24285714285715,90.49955834723721,0.6666666666666666
15,1.2541655618697405,0.3604848270531695,0.34941817612329185,90.24285714285715,90.49955834723721,0.6666666666666666
16,1.2194930678233504,0.3160146603136774,0.31006705775310267,90.24285714285715,90.49955834723721,0.6666666666666666
17,1.2247377401217818,0.3901014066150481,0.37781927556123723,90.24285714285715,90.49955834723721,0.6666666666666666
18,2.200987422838807,0.3227952786555544,0.31712395653137,90.24285714285715,90.49955834723721,0.6666666666666666
19,2.2870313432067633,0.39345858358355457,0.38059454047203845,90.24285714285715,90.49955834723721,0.6666666666666666
