,times,train_loss,test_loss,train_acc,test_acc,eta
0,4.094343992881477,0.7110719987165046,0.6917246723098436,90.24285714285715,90.49955834723721,0.6666666666666666
1,2.31832531420514,6.630153643853393,6.649050521467964,9.757142857142853,9.500441652762788,0.6666666666666666
2,1.597891959361732,11.42670842245305,11.123424714164823,90.24285714285715,90.49955834723721,0.6666666666666666
3,2.4919304116629064,4.926042997323853,4.793372388785785,90.24285714285715,90.49955834723721,0.6666666666666666
4,1.0689096567220986,3.2904835356976636,3.200882184291305,90.24285714285715,90.49955834723721,0.6666666666666666
5,3.151749904733151,4.923960528142148,4.789746307188366,90.24285714285715,90.49955834723721,0.6666666666666666
6,1.2943928116001189,3.4708834954197996,3.3745990591640846,90.24285714285715,90.49955834723721,0.6666666666666666
7,2.9158331472426653,3.3073982063965386,3.2141151137971473,90.24285714285715,90.49955834723721,0.6666666666666666
8,2.114302088972181,5.925582024206423,5.762267418130646,90.24285714285715,90.49955834723721,0.6666666666666666
9,2.058677684981376,4.898338723779388,4.761016178762339,90.24285714285715,90.49955834723721,0.6666666666666666
10,4.368928926065564,3.4646212740198927,3.363493454399326,90.24285714285715,90.49955834723721,0.6666666666666666
11,1.8749395851045847,3.3992932144466605,3.298692647486287,90.24285714285715,90.49955834723721,0.6666666666666666
12,1.6697972868569195,0.5077967887934238,0.4825521925867698,90.24285714285715,90.49955834723721,0.6666666666666666
13,0.8947266088798642,2.988407035169146,3.000242888556466,9.757142857142853,9.500441652762788,0.6666666666666666
14,0.7829947806894779,11.381118535667131,11.067242228196205,90.24285714285715,90.49955834723721,0.6666666666666666
15,2.652402649167925,0.9434371343967289,0.9026748055491459,90.24285714285715,90.49955834723721,0.6666666666666666
16,0.8740681349299848,3.778993418729857,3.79265068378066,9.757142857142853,9.500441652762788,0.6666666666666666
17,1.9526916979812086,7.045567054179005,6.84135480254498,90.24285714285715,90.49955834723721,0.6666666666666666
18,2.830700311809778,10.002951729226023,9.718940759344795,90.24285714285715,90.49955834723721,0.6666666666666666
19,2.5012039518915117,6.866871770892974,6.664238069095209,90.24285714285715,90.49955834723721,0.6666666666666666
