,times,train_loss,test_loss,train_acc,test_acc,eta
0,1.1325859078206122,0.319559416471612,0.3138370868177284,90.24285714285715,90.49955834723721,0.9474603531792863
1,3.6350672938860953,0.31920709664866076,0.3134500291672684,90.24285714285715,90.49955834723721,0.9474603531792863
2,1.7107208971865475,0.318905210139232,0.3131175300469972,90.24285714285715,90.49955834723721,0.9474603531792863
3,1.834859814029187,0.31861111070956566,0.3127959175544165,90.24285714285715,90.49955834723721,0.9474603531792863
4,1.0114967059344053,0.3184673385297037,0.3126370863208743,90.24285714285715,90.49955834723721,0.9474603531792863
5,2.8273289748467505,0.3178712463171019,0.31198152888218594,90.24285714285715,90.49955834723721,0.9474603531792863
6,4.905216868966818,0.31736737313149377,0.3114266317637244,90.24285714285715,90.49955834723721,0.9474603531792863
7,1.4958643508143723,0.3172266826535602,0.3112712971700747,90.24285714285715,90.49955834723721,0.9474603531792863
8,3.9618987520225346,0.31672806566462997,0.31072240654271566,90.24285714285715,90.49955834723721,0.9474603531792863
9,1.7580498629249632,0.3164912170628247,0.31046108423206836,90.24285714285715,90.49955834723721,0.9474603531792863
10,0.8693974097259343,0.31635270453459746,0.3103081063665892,90.24285714285715,90.49955834723721,0.9474603531792863
11,1.7665578261949122,0.31599553996715807,0.30991483401801284,90.24285714285715,90.49955834723721,0.9474603531792863
12,3.0418637259863317,0.3155081081720502,0.30937633876092485,90.24285714285715,90.49955834723721,0.9474603531792863
13,0.8567215381190181,0.31537194562334986,0.3092257662414437,90.24285714285715,90.49955834723721,0.9474603531792863
14,2.5787669578567147,0.3148783984697545,0.3086810595048422,90.24285714285715,90.49955834723721,0.9474603531792863
15,0.9222631487064064,0.3147437155917419,0.3085321205037929,90.24285714285715,90.49955834723721,0.9474603531792863
16,1.8275224813260138,0.3144071914074939,0.3081604212784194,90.24285714285715,90.49955834723721,0.9474603531792863
17,1.8621312528848648,0.3140169207344241,0.30772857585497043,90.24285714285715,90.49955834723721,0.9474603531792863
18,1.9266764470376074,0.3136886653881006,0.3073658864569299,90.24285714285715,90.49955834723721,0.9474603531792863
19,1.9746782216243446,0.31340011801549406,0.3070461889823362,90.24285714285715,90.49955834723721,0.9474603531792863
