,times,train_loss,test_loss,train_acc,test_acc,eta
0,3.989573936909437,0.3195485925544086,0.31382443644225166,90.24285714285715,90.49955834723721,1.2236921017635911
1,1.1011516540311277,0.3194518662745952,0.31371802868529175,90.24285714285715,90.49955834723721,1.2236921017635911
2,1.0438826507888734,0.3193553400551735,0.31361218073970637,90.24285714285715,90.49955834723721,1.2236921017635911
3,0.9791350709274411,0.3192590159968782,0.3135070653630329,90.24285714285715,90.49955834723721,1.2236921017635911
4,0.8834492866881192,0.31916289502078155,0.31339993776212266,90.24285714285715,90.49955834723721,1.2236921017635911
5,0.8740140330046415,0.31906696102866255,0.3132961150845119,90.24285714285715,90.49955834723721,1.2236921017635911
6,0.8719067969359457,0.3189712285202674,0.3131902533797734,90.24285714285715,90.49955834723721,1.2236921017635911
7,1.7719308491796255,0.31842575382243293,0.3125909052379967,90.24285714285715,90.49955834723721,1.2236921017635911
8,2.7793666520155966,0.3177441988879461,0.3118413077864975,90.24285714285715,90.49955834723721,1.2236921017635911
9,2.5387275340035558,0.31728292704948,0.31133309904736495,90.24285714285715,90.49955834723721,1.2236921017635911
10,0.7914987169206142,0.31719007157293216,0.311230703371763,90.24285714285715,90.49955834723721,1.2236921017635911
11,0.9470175476744771,0.3170974005875012,0.31112804276468004,90.24285714285715,90.49955834723721,1.2236921017635911
12,1.7406640839762986,0.31678329009257566,0.31078216262871194,90.24285714285715,90.49955834723721,1.2236921017635911
13,2.757016737945378,0.3162953012908566,0.31024438163816953,90.24285714285715,90.49955834723721,1.2236921017635911
14,2.712245173752308,0.3159257435839946,0.30983650077420505,90.24285714285715,90.49955834723721,1.2236921017635911
15,1.8902926612645388,0.31570012036304057,0.30958752343169654,90.24285714285715,90.49955834723721,1.2236921017635911
16,1.9370402600616217,0.3155061543414338,0.30937336378970637,90.24285714285715,90.49955834723721,1.2236921017635911
17,2.9213770600035787,0.315199001573433,0.3090343731293417,90.24285714285715,90.49955834723721,1.2236921017635911
18,1.0610208986327052,0.31510946040164095,0.30893470545498686,90.24285714285715,90.49955834723721,1.2236921017635911
19,2.1931739901192486,0.314842590197826,0.30864071456590847,90.24285714285715,90.49955834723721,1.2236921017635911
