,times,train_loss,test_loss,train_acc,test_acc,eta
0,2.1859756628982723,0.31961210866853546,0.31389432499272957,90.24285714285715,90.49955834723721,1.5804591241141248
1,3.46480365190655,0.31944629383855816,0.31371224258735403,90.24285714285715,90.49955834723721,1.5804591241141248
2,2.1195227238349617,0.31931019926890347,0.31356301505042977,90.24285714285715,90.49955834723721,1.5804591241141248
3,2.555253688711673,0.3191601988768349,0.3133980872953761,90.24285714285715,90.49955834723721,1.5804591241141248
4,2.0746390190906823,0.3189861483891655,0.31320677304500505,90.24285714285715,90.49955834723721,1.5804591241141248
5,2.8023036140948534,0.3187004160030313,0.3128927231197066,90.24285714285715,90.49955834723721,1.5804591241141248
6,1.8068821970373392,0.3185222397279838,0.31269705123980696,90.24285714285715,90.49955834723721,1.5804591241141248
7,0.848339366260916,0.31846037369557006,0.31262866432180453,90.24285714285715,90.49955834723721,1.5804591241141248
8,0.9159050239250064,0.3183985922071886,0.3125609429309091,90.24285714285715,90.49955834723721,1.5804591241141248
9,1.8935857112519443,0.31814446046683115,0.31228168557359015,90.24285714285715,90.49955834723721,1.5804591241141248
10,5.475513285957277,0.3177847383732066,0.3118855662677349,90.24285714285715,90.49955834723721,1.5804591241141248
11,1.9681299119256437,0.3176048671465879,0.31168776758633726,90.24285714285715,90.49955834723721,1.5804591241141248
12,1.0175922620110214,0.3175440151185049,0.3116204403699958,90.24285714285715,90.49955834723721,1.5804591241141248
13,2.0096688768826425,0.31730370315386836,0.3113559041403069,90.24285714285715,90.49955834723721,1.5804591241141248
14,1.0054105082526803,0.3172431876198782,0.31128991514067844,90.24285714285715,90.49955834723721,1.5804591241141248
15,1.8130606608465314,0.31696224903360926,0.3109803108443295,90.24285714285715,90.49955834723721,1.5804591241141248
16,1.8408398563042283,0.3167098579933877,0.3107015070749456,90.24285714285715,90.49955834723721,1.5804591241141248
17,2.836782685946673,0.31632620405536827,0.31027864320285575,90.24285714285715,90.49955834723721,1.5804591241141248
18,3.698471232317388,0.3159864002677018,0.309903762375869,90.24285714285715,90.49955834723721,1.5804591241141248
19,0.838778589386493,0.31592723006231305,0.3098384467779172,90.24285714285715,90.49955834723721,1.5804591241141248
