,times,train_loss,test_loss,train_acc,test_acc,eta
0,1.9029398947022855,0.3194568530288012,0.3137211161910399,90.24285714285715,90.49955834723721,0.7335841422469557
1,4.556735679041594,0.31897597230316754,0.31319236062131456,90.24285714285715,90.49955834723721,0.7335841422469557
2,1.8103708578273654,0.318760628435721,0.31295731853778813,90.24285714285715,90.49955834723721,0.7335841422469557
3,3.6027707559987903,0.31801940946564805,0.31214106502312583,90.24285714285715,90.49955834723721,0.7335841422469557
4,2.006144837010652,0.3177064531836237,0.3117972372893131,90.24285714285715,90.49955834723721,0.7335841422469557
5,1.0213176012039185,0.31749594662781394,0.3115665173435672,90.24285714285715,90.49955834723721,0.7335841422469557
6,2.9753440930508077,0.31681572182539824,0.3108153332367334,90.24285714285715,90.49955834723721,0.7335841422469557
7,2.0855625830590725,0.3164454065873794,0.31040823673967755,90.24285714285715,90.49955834723721,0.7335841422469557
8,1.044944838155061,0.3162395480092343,0.3101831630567836,90.24285714285715,90.49955834723721,0.7335841422469557
9,0.9335640291683376,0.31603462762846346,0.3099600610684376,90.24285714285715,90.49955834723721,0.7335841422469557
10,1.616469670087099,0.31583022966268204,0.3097310477334859,90.24285714285715,90.49955834723721,0.7335841422469557
11,1.845914550125599,0.3151501307549701,0.3089774351554413,90.24285714285715,90.49955834723721,0.7335841422469557
12,2.69141155295074,0.31432565859386424,0.3080656845982152,90.24285714285715,90.49955834723721,0.7335841422469557
13,0.901686972938478,0.31412717833699905,0.3078491596103253,90.24285714285715,90.49955834723721,0.7335841422469557
14,0.9216050240211189,0.31392947896600176,0.30762881185690866,90.24285714285715,90.49955834723721,0.7335841422469557
15,1.0543808457441628,0.31373267587760756,0.3074072640902608,90.24285714285715,90.49955834723721,0.7335841422469557
16,1.002936580684036,0.31353634423817367,0.3071951449118749,90.24285714285715,90.49955834723721,0.7335841422469557
17,2.0373618458397686,0.3127831667715902,0.30636293870647974,90.24285714285715,90.49955834723721,0.7335841422469557
18,3.703170845285058,0.31179681377213997,0.3052674490192384,90.24285714285715,90.49955834723721,0.7335841422469557
19,2.9264540262520313,0.3113485742188933,0.3047711959022855,90.24285714285715,90.49955834723721,0.7335841422469557
