,times,train_loss,test_loss,train_acc,test_acc,eta
0,35.53471706435084,0.6851690928250243,0.6854063059294806,54.257822222222224,54.1142,0.18566355334451112
1,35.78109235409647,0.6809418710400702,0.6811705219679327,54.257822222222224,54.1142,0.18566355334451112
2,35.91041455511004,0.6768259192811203,0.6770468204812679,54.260644444444445,54.1178,0.18566355334451112
3,36.046308177057654,0.6728177745024841,0.6730303705925774,54.817933333333336,54.6846,0.18566355334451112
4,35.93263803375885,0.6689140693832714,0.6691183251072056,56.745044444444446,56.647,0.18566355334451112
5,35.64839118393138,0.665111603410089,0.6653078945759574,59.031911111111114,58.9284,0.18566355334451112
6,34.92553448304534,0.6614071982893871,0.6615950791678902,61.21055555555556,61.147,0.18566355334451112
7,36.44967611506581,0.6577978648275712,0.6579773211532762,63.14386666666667,63.0692,0.18566355334451112
8,36.64461385784671,0.6542807164373019,0.6544517085032693,64.82053333333333,64.7552,0.18566355334451112
9,36.55547109013423,0.6508528769689061,0.6510160658537416,66.20913333333334,66.1694,0.18566355334451112
10,37.046859057154506,0.6475116859717616,0.6476667430056279,67.42753333333334,67.3976,0.18566355334451112
11,37.11783493403345,0.6442545333606621,0.6444014115830854,68.4824888888889,68.4522,0.18566355334451112
12,37.15455322293565,0.6410788513536868,0.6412178955412349,69.38155555555555,69.3204,0.18566355334451112
13,37.61700800480321,0.6379821935537157,0.638112905701629,70.18435555555556,70.12440000000001,0.18566355334451112
14,36.92796606384218,0.6349622124456218,0.6350853415319138,70.85722222222222,70.79339999999999,0.18566355334451112
15,36.02438086317852,0.6320165944157923,0.632131628390253,71.46702222222223,71.4316,0.18566355334451112
16,37.08706171391532,0.6291431506381331,0.6292503228626172,71.9844,71.9626,0.18566355334451112
17,37.878043284174055,0.626339713364293,0.6264391287569657,72.44795555555555,72.4336,0.18566355334451112
18,37.77097645401955,0.6236042078147904,0.6236958274571529,72.86406666666667,72.8534,0.18566355334451112
19,38.82143687689677,0.620934623818558,0.6210184901881347,73.23964444444445,73.215,0.18566355334451112
