,times,train_loss,test_loss,train_acc,test_acc,eta
0,7.375909514725208,1.8436112162644298,2.3396393134909563,0.0,0.0,0.003593813663804627
1,7.498625874053687,0.6324479808950177,0.8687365460139076,0.0,0.0,0.003593813663804627
2,7.33690055180341,0.3086898356141011,0.4201365729199185,0.0,0.0,0.003593813663804627
3,7.372956417966634,0.22212816726144485,0.2715445198092772,0.0,0.0,0.003593813663804627
4,7.599323694128543,0.1989886784095495,0.21700889974305715,0.0,0.0,0.003593813663804627
5,7.908778729848564,0.19280297768360707,0.19477148681884945,0.0,0.0,0.003593813663804627
6,7.879806308075786,0.1911491273031512,0.1848665895230664,0.0,0.0,0.003593813663804627
7,7.839931363239884,0.19070677325419338,0.18017107420724915,0.0,0.0,0.003593813663804627
8,7.734212432056665,0.19058829572640767,0.17785722661170872,0.0,0.0,0.003593813663804627
9,7.823170736897737,0.19055638918336817,0.17669114085199322,0.0,0.0,0.003593813663804627
10,8.077018521726131,0.19054762920331414,0.17609632429184818,0.0,0.0,0.003593813663804627
11,7.813399939797819,0.19054505670704316,0.1757909323481882,0.0,0.0,0.003593813663804627
12,7.5778480768203735,0.19054413798863154,0.17563355705715084,0.0,0.0,0.003593813663804627
13,7.76175311813131,0.1905436613708908,0.17555227976759272,0.0,0.0,0.003593813663804627
14,7.826222769916058,0.19054330295547728,0.17551023958742998,0.0,0.0,0.003593813663804627
15,7.866875965613872,0.19054297614160223,0.1754884593779224,0.0,0.0,0.003593813663804627
16,7.759334594011307,0.19054265777450968,0.17547714268552192,0.0,0.0,0.003593813663804627
17,7.8821094748564065,0.19054234166686243,0.17547123543209026,0.0,0.0,0.003593813663804627
18,7.78895188588649,0.19054202616397253,0.175468124063035,0.0,0.0,0.003593813663804627
19,7.76213882304728,0.19054171082356683,0.17546645764800015,0.0,0.0,0.003593813663804627
