,times,train_loss,test_loss,train_acc,test_acc,eta
0,6.601210742723197,0.19053337488375616,0.17540464062758132,0.0,0.0,0.16681005372000585
1,6.884136283304542,0.19051871805878692,0.17545618216689254,0.0,0.0,0.16681005372000585
2,6.849270836915821,0.1905040891682192,0.17545045511623578,0.0,0.0,0.16681005372000585
3,6.866062218789011,0.19048946275390913,0.17544481164450543,0.0,0.0,0.16681005372000585
4,7.268075226340443,0.19047483881911648,0.17543965170417167,0.0,0.0,0.16681005372000585
5,7.217487515881658,0.19046021737627697,0.1754342518390811,0.0,0.0,0.16681005372000585
6,7.176169268321246,0.1904455984291897,0.17542863347444854,0.0,0.0,0.16681005372000585
7,7.274903601035476,0.19043098195563193,0.17542307670876553,0.0,0.0,0.16681005372000585
8,7.297204999253154,0.19041636797849976,0.17541747651998307,0.0,0.0,0.16681005372000585
9,7.181441158056259,0.19040175647718013,0.1754120082472103,0.0,0.0,0.16681005372000585
10,7.238479637075216,0.19038714745218296,0.1754064139556156,0.0,0.0,0.16681005372000585
11,7.143637170083821,0.19037254091160946,0.17540108760626053,0.0,0.0,0.16681005372000585
12,7.188278860412538,0.1903579368715053,0.1753954936471413,0.0,0.0,0.16681005372000585
13,7.258532668929547,0.19034333530212283,0.17539005368373375,0.0,0.0,0.16681005372000585
14,7.046647413633764,0.19032873621292068,0.17538442224090875,0.0,0.0,0.16681005372000585
15,7.130115405656397,0.19031413960686908,0.17537933039816261,0.0,0.0,0.16681005372000585
16,7.221228939946741,0.19029954547424338,0.17537372284794606,0.0,0.0,0.16681005372000585
17,7.4081212896853685,0.1902849538163541,0.17536827864089097,0.0,0.0,0.16681005372000585
18,7.4588949722237885,0.19027036464087,0.1753625170304291,0.0,0.0,0.16681005372000585
19,7.359956399071962,0.19025577794756313,0.17535690812363197,0.0,0.0,0.16681005372000585
