,times,train_loss,test_loss,train_acc,test_acc,eta
0,0.22174576297402382,0.6895889661321347,0.6896011503491786,78.25124898438986,78.41930576683723,0.014375254655218508
1,0.22762883407995105,0.6860836174994557,0.6861075043106145,78.34459868273203,78.47462315032499,0.014375254655218508
2,0.22111740382388234,0.6826300832596262,0.6826652069670502,78.42411879613464,78.55759922555663,0.014375254655218508
3,0.22459306474775076,0.6792273251079404,0.6792732332382277,78.51401109824191,78.63366062785231,0.014375254655218508
4,0.22140347165986896,0.6758744659160794,0.6759307207409835,78.59698860787941,78.77886875950767,0.014375254655218508
5,0.22386287664994597,0.672570659605615,0.6726368367412447,78.676508721282,78.90333287235514,0.014375254655218508
6,0.22130742808803916,0.6693148724984047,0.6693905601502065,78.77504451397652,79.06237034988246,0.014375254655218508
7,0.2269708402454853,0.6661062252248001,0.6661910298141892,78.8614794198489,79.20066380860186,0.014375254655218508
8,0.22921525314450264,0.6629439623690345,0.6630375014934888,78.94964302383875,79.29746922970543,0.014375254655218508
9,0.22804600605741143,0.6598271249813189,0.6599290260203104,79.03953532594603,79.40810399668095,0.014375254655218508
10,0.22524309484288096,0.6567548934978935,0.6568647982872144,79.139799816758,79.53948278246439,0.014375254655218508
11,0.22383787296712399,0.6537263879314626,0.6538439524737317,79.23660691133507,79.62245885769603,0.014375254655218508
12,0.22264886694028974,0.6507407657866513,0.6508656581766907,79.32649921344236,79.69852025999171,0.014375254655218508
13,0.2220019670203328,0.6477972565891038,0.6479291545354254,79.42157760990199,79.8160696999032,0.014375254655218508
14,0.2277310029603541,0.6448950181261527,0.6450336126949402,79.50109772330458,79.89904577513484,0.014375254655218508
15,0.2266519870609045,0.6420333894780248,0.6421783838179979,79.57197434611993,79.93361913981468,0.014375254655218508
16,0.2269139513373375,0.639211485318311,0.6393625937452864,79.68779711998894,80.03733923385424,0.014375254655218508
17,0.227063762024045,0.6364285112023891,0.6365854610643227,79.76385983715664,80.1410593278938,0.014375254655218508
18,0.22571529634296894,0.6336837283813069,0.6338462545710796,79.89351219596522,80.24477942193334,0.014375254655218508
19,0.22595456382259727,0.63097651886127,0.6311443680544847,79.98859059242484,80.39690222652469,0.014375254655218508
