,times,train_loss,test_loss,train_acc,test_acc,eta
0,0.22327413083985448,0.4303892249666079,0.43077951690732774,87.87836880045637,87.76794357626885,2.397937001275765
1,0.2223873008042574,0.34686385460341984,0.3476656709778949,90.80678341141287,90.94177845387912,2.397937001275765
2,0.2247201376594603,0.3011860735991667,0.3023743144324158,92.28309160371325,92.51140921034435,2.397937001275765
3,0.2166420379653573,0.27133177196550995,0.27286380313613245,93.30129479488997,93.51403678606002,2.397937001275765
4,0.22080022236332297,0.24984037971580117,0.25168842949427406,93.94091309834563,94.11561333148941,2.397937001275765
5,0.215691524092108,0.23339062024629317,0.23553380723908737,94.36444413712033,94.45443230535196,2.397937001275765
6,0.21760708885267377,0.22025720057605258,0.2226797646265007,94.71536985496223,94.75176324159867,2.397937001275765
7,0.2140539139509201,0.2094432606013286,0.21213168346782435,95.01789202551558,94.95228875674181,2.397937001275765
8,0.21642142022028565,0.20032716961098693,0.20327055848605818,95.23052189396165,95.07675286958927,2.397937001275765
9,0.22279850207269192,0.19250155402414698,0.19568893925139227,95.42240738499835,95.16664361775688,2.397937001275765
10,0.2204298540018499,0.18568195581489555,0.18910456516869203,95.55378844192438,95.3464251140921,2.397937001275765
11,0.2160053220577538,0.17966732358757734,0.18331620443448143,95.68171210261552,95.49854791868344,2.397937001275765
12,0.21908954298123717,0.1743079258403107,0.17817527590819404,95.78889138589729,95.58152399391508,2.397937001275765
13,0.21918837307021022,0.1694905369915505,0.17356914738704782,95.88915587670925,95.61609735859494,2.397937001275765
14,0.21680968021973968,0.16512694962179567,0.16940997620500522,96.00843604681315,95.6921587608906,2.397937001275765
15,0.21817769529297948,0.16114960105474632,0.16563093857445238,96.0827700658634,95.75439081731434,2.397937001275765
16,0.22405749605968595,0.15750294108713747,0.162177011059271,96.18649195291026,95.83045221961001,2.397937001275765
17,0.2324951426126063,0.15414214218665576,0.15900345395173937,96.26601206631285,95.92725764071359,2.397937001275765
18,0.23298756126314402,0.15103086069148927,0.15607426227459173,96.33170259477588,95.97566035126539,2.397937001275765
19,0.22792265377938747,0.1481390132473066,0.15335987938623236,96.40257921759124,96.01714838888121,2.397937001275765
