,times,train_loss,test_loss,train_acc,test_acc,eta
0,0.21855487115681171,0.0747713383203881,0.0934500802924844,97.99989627811296,96.83307979532569,400.0
1,0.21765118604525924,0.05022238702404755,0.07536709392665093,98.88326101612876,97.37933895726732,400.0
2,0.2215500669553876,0.04180440042992498,0.07141988432493937,99.14429443186336,97.4069976490112,400.0
3,0.21917704585939646,0.037018185090275664,0.06966197633289233,99.30506335678601,97.41391232194717,400.0
4,0.22065118327736855,0.03386015033817419,0.06885447175691109,99.3845834701886,97.37933895726732,400.0
5,0.22349840123206377,0.03162054803543095,0.06845986734218759,99.45373139488652,97.40008297607523,400.0
6,0.22631714679300785,0.029956054619842857,0.06831967082701236,99.48484796100057,97.42082699488314,400.0
7,0.22272113477811217,0.028675319424842388,0.06828743926620164,99.51596452711463,97.43465634075508,400.0
8,0.22650111792609096,0.02766894031652037,0.06839712564849916,99.54880979134613,97.42082699488314,400.0
9,0.22299746610224247,0.026863369726764744,0.06854555048817736,99.56955416875552,97.43465634075508,400.0
10,0.22738440101966262,0.026207633351039393,0.06873543619335508,99.58338375369509,97.46231503249896,400.0
11,0.22490866482257843,0.02566825526126599,0.06893683351020456,99.6058568292219,97.4761443783709,400.0
12,0.23094538506120443,0.025219924481577748,0.06914564526566595,99.61968641416149,97.44848568662702,400.0
13,0.22802375303581357,0.024844626889658272,0.06937802557032619,99.62314381039639,97.44157101369105,400.0
14,0.22943864995613694,0.024527514131899474,0.06960163918863457,99.63870209345342,97.44157101369105,400.0
15,0.22859195386990905,0.024258059741066054,0.06982235793826261,99.64907428215811,97.4069976490112,400.0
16,0.22944874176755548,0.02402772610289183,0.07003920033337462,99.6559890746279,97.4069976490112,400.0
17,0.22927929274737835,0.023829889288089587,0.07025913019124079,99.66290386709768,97.41391232194717,400.0
18,0.22982273064553738,0.023659036867935267,0.0704523884076388,99.66636126333259,97.4069976490112,400.0
19,0.2331003868021071,0.023510943496873757,0.070661989597004,99.67154735768493,97.4069976490112,400.0
