,times,train_loss,test_loss,train_acc,test_acc,eta
0,0.2491535246372223,0.2827733112059255,0.28416243086920356,92.96419866198765,93.18904715806943,8.617738760127532
1,0.23377570090815425,0.218211841921459,0.22067790821873856,94.77760298719035,94.77250726040658,8.617738760127532
2,0.23843239387497306,0.18716257066999645,0.19052770287420712,95.52440057392778,95.28419305766838,8.617738760127532
3,0.23878035508096218,0.16784840062538273,0.17199517793731042,95.92372983905821,95.66450006914673,8.617738760127532
4,0.24067345121875405,0.1542695637107348,0.15911936200645282,96.26428336819541,95.92034296777763,8.617738760127532
5,0.23493160028010607,0.14402022900271974,0.1495071204556715,96.50802980275554,96.07246577236897,8.617738760127532
6,0.23417518474161625,0.13590170625284606,0.141972669977538,96.68089961450032,96.2038445581524,8.617738760127532
7,0.23354826215654612,0.12924608069844698,0.13585892395551774,96.83129635071828,96.23841792283226,8.617738760127532
8,0.23579969629645348,0.12365086965207538,0.1307716321147013,96.9626774076443,96.30064997925598,8.617738760127532
9,0.2335682502016425,0.11885114561143971,0.12645045114661194,97.05256970975158,96.43202876503942,8.617738760127532
10,0.24044591514393687,0.11466900817633206,0.12272193416512053,97.12863242691928,96.4804314755912,8.617738760127532
11,0.23768407199531794,0.11097609809347583,0.11946170541432884,97.21852472902657,96.54266353201494,8.617738760127532
12,0.240120739210397,0.10767997101677187,0.11658004021193147,97.28594395560704,96.64638362605449,8.617738760127532
13,0.23644428281113505,0.10471061011680079,0.11400915792709287,97.36719276712708,96.67404231779837,8.617738760127532
14,0.2297899997793138,0.10201519347190396,0.11169702229834326,97.4294258993552,96.69478633660628,8.617738760127532
15,0.2329600821249187,0.09955179500705838,0.10960441513216158,97.49684512593566,96.75701839303001,8.617738760127532
16,0.23183136526495218,0.09728712388595623,0.10769793651650202,97.55043476757653,96.81233577651777,8.617738760127532
17,0.23168991599231958,0.09519444750229471,0.10595213185911617,97.59883831486508,96.87456783294151,8.617738760127532
18,0.23604313656687737,0.09325162419180927,0.10434645295483824,97.6541566546234,96.90222652468539,8.617738760127532
19,0.23838707897812128,0.0914409683265324,0.10286299097215217,97.69564540944215,96.89531185174941,8.617738760127532
