,times,train_loss,test_loss,train_acc,test_acc,eta
0,4.42353267269209,0.42793140259524437,0.43631060768346897,0.0,0.0,0.496090066256805
1,4.465657738037407,0.4101912967823819,0.4178657253571583,0.0,0.0,0.496090066256805
2,4.436828348785639,0.40101967403759475,0.4082350449307058,0.0,0.0,0.496090066256805
3,4.454292604699731,0.3951380801270631,0.4020150334218447,0.0,0.0,0.496090066256805
4,4.414609024301171,0.3909586037629657,0.3975647584833097,0.0,0.0,0.496090066256805
5,4.476257978007197,0.38781478376066364,0.39421753501306844,0.0,0.0,0.496090066256805
6,4.442981627769768,0.38536853924717074,0.39159590779284625,0.0,0.0,0.496090066256805
7,4.580232779029757,0.3834150948754128,0.38950778376184414,0.0,0.0,0.496090066256805
8,4.420023005921394,0.3818289923285809,0.3878048160647775,0.0,0.0,0.496090066256805
9,4.448720232117921,0.3805208560397226,0.3863992060339569,0.0,0.0,0.496090066256805
10,4.456863074097782,0.3794279075461288,0.38522503181285606,0.0,0.0,0.496090066256805
11,4.397533802781254,0.37850398547128566,0.38422641744008706,0.0,0.0,0.496090066256805
12,4.501542816404253,0.3777146899254595,0.383374044782026,0.0,0.0,0.496090066256805
13,4.41953516099602,0.37703329327233076,0.3826400246932934,0.0,0.0,0.496090066256805
14,4.399011664092541,0.37643925146639434,0.3819969378613365,0.0,0.0,0.496090066256805
15,4.4185305829159915,0.3759166281300604,0.3814327792312085,0.0,0.0,0.496090066256805
16,4.40214058291167,0.37545271258904495,0.3809323094491011,0.0,0.0,0.496090066256805
17,4.395173002965748,0.37503757894268025,0.3804843758676131,0.0,0.0,0.496090066256805
18,4.391353253740817,0.374663083601577,0.3800813911174804,0.0,0.0,0.496090066256805
19,4.405456713866442,0.3743227847014587,0.37971522409557273,0.0,0.0,0.496090066256805
