,times,train_loss,test_loss,train_acc,test_acc,eta
0,4.182185859885067,0.3935289665033849,0.4002878179436483,0.0,0.0,2.154434690031883
1,4.211138047743589,0.3823021896393832,0.38834310043940856,0.0,0.0,2.154434690031883
2,4.178847243078053,0.3776997312992707,0.38333619460983087,0.0,0.0,2.154434690031883
3,4.227538087405264,0.3754156618333115,0.3808142542588537,0.0,0.0,2.154434690031883
4,4.1918228208087385,0.3738242134994729,0.3791534001882884,0.0,0.0,2.154434690031883
5,4.209987786132842,0.37278245089953554,0.37803622379133256,0.0,0.0,2.154434690031883
6,4.180635373108089,0.37194346550824875,0.3771769705994718,0.0,0.0,2.154434690031883
7,4.225228407885879,0.37127849272317104,0.37648478538262875,0.0,0.0,2.154434690031883
8,4.191836774814874,0.3707135292402378,0.37591293183876157,0.0,0.0,2.154434690031883
9,4.223521421197802,0.37022307131369064,0.3754010669984232,0.0,0.0,2.154434690031883
10,4.133727196604013,0.36979043076613394,0.37497053233614713,0.0,0.0,2.154434690031883
11,4.21316770138219,0.36940429769893324,0.37458328728535945,0.0,0.0,2.154434690031883
12,4.191944499034435,0.3690540079697912,0.3742301170725612,0.0,0.0,2.154434690031883
13,4.223638698924333,0.3687348256603957,0.3739085031110468,0.0,0.0,2.154434690031883
14,4.177551523782313,0.3684421122464699,0.373613348417346,0.0,0.0,2.154434690031883
15,4.201403594110161,0.36817991023768487,0.37333568459599525,0.0,0.0,2.154434690031883
16,4.183555217925459,0.3679306789350098,0.3730915172394483,0.0,0.0,2.154434690031883
17,4.215896932873875,0.36769578817087833,0.372871529108879,0.0,0.0,2.154434690031883
18,4.1829244629479945,0.3674810947411143,0.3726654690350656,0.0,0.0,2.154434690031883
19,4.224893745966256,0.3672809150840247,0.37247184674450134,0.0,0.0,2.154434690031883
