,times,train_loss,test_loss,train_acc,test_acc,eta
0,0.28210339276120067,0.3984816909353971,0.3989982647300208,89.10055836949194,89.04715806942332,1.5804591241141248
1,0.27347783790901303,0.2605167868604148,0.26145067641038805,92.18801320725362,92.46992117272853,1.5804591241141248
2,0.2739462861791253,0.20206799854192017,0.20375281965340888,93.95992877763756,94.15710136910525,1.5804591241141248
3,0.24980701319873333,0.19203108131196514,0.19425565754963708,94.53039915639532,94.59964043700732,1.5804591241141248
4,0.2711572181433439,0.1583854786683604,0.16165876691074077,95.35844555465279,95.16664361775688,1.5804591241141248
5,0.2556646643206477,0.15416389446742243,0.1577447719565321,95.57799021556866,95.28419305766838,1.5804591241141248
6,0.25670099211856723,0.15034112152335016,0.1542174873618585,95.73357304613896,95.37408380583598,1.5804591241141248
7,0.2733944756910205,0.12940097981733437,0.13438664869016492,96.21760851902432,95.74747614437837,1.5804591241141248
8,0.28141129994764924,0.11661742454391574,0.12247946410489778,96.52704548204747,95.94800165952151,1.5804591241141248
9,0.3011815957725048,0.10397393556418942,0.11091042121100031,96.84858333189275,96.24533259576822,1.5804591241141248
10,0.25678291032090783,0.10303018116346722,0.1101358262759011,96.89698687918128,96.27990596044808,1.5804591241141248
11,0.3009664099663496,0.09613990662885673,0.10411955061099455,97.07677148339586,96.45277278384732,1.5804591241141248
12,0.275785428006202,0.09328246884632496,0.10176027457093315,97.1580202949159,96.5495782049509,1.5804591241141248
13,0.2542717279866338,0.09265191457171275,0.10129176918488009,97.1977803516172,96.57723689669479,1.5804591241141248
14,0.30977823585271835,0.08843678282787101,0.09794601319559249,97.35682057842239,96.70861568247823,1.5804591241141248
15,0.2741760341450572,0.08644088894799248,0.09644498298576705,97.44498418241223,96.77084773890195,1.5804591241141248
16,0.3145106630399823,0.08382804058306428,0.0945167970799594,97.56080695628123,96.84690914119763,1.5804591241141248
17,0.2563142739236355,0.08268252261261819,0.09369917749688855,97.60575310733486,96.85382381413359,1.5804591241141248
18,0.2989410450682044,0.08062951616561655,0.0922680145589155,97.68008712638512,96.92297054349329,1.5804591241141248
19,0.2546420590952039,0.08024674195205364,0.09201163450578023,97.6939167113247,96.92988521642927,1.5804591241141248
