,times,train_loss,test_loss,train_acc,test_acc,eta
0,0.26577570801600814,0.2594951450948063,0.26122563380360037,93.71963973931233,93.90817314341032,0.7335841422469557
1,0.30601651361212134,0.15199154559002379,0.15536625645470786,95.467353536052,95.31876642234822,0.7335841422469557
2,0.2767228139564395,0.12892054940900702,0.1339814394260712,96.29194253807458,95.78204950905823,0.7335841422469557
3,0.27426976012066007,0.12241916944338035,0.12826469356229508,96.55989074627898,96.03789240768911,0.7335841422469557
4,0.2967152278870344,0.107932055580384,0.1153863560293479,97.01453835116773,96.33522334393584,0.7335841422469557
5,0.3511282238177955,0.09417997111890267,0.10357859519181101,97.39139454077134,96.70861568247823,0.7335841422469557
6,0.26479463605210185,0.09201713169880013,0.1019044998246802,97.4657285598216,96.76393306596599,0.7335841422469557
7,0.27315950067713857,0.08750908490947214,0.09842809093367484,97.61439659792211,96.82616512238971,0.7335841422469557
8,0.27469997806474566,0.0836796183632465,0.09555787715122552,97.73194806990855,96.93679988936523,0.7335841422469557
9,0.25205917190760374,0.08220404771221403,0.09448862599333967,97.77862291907964,96.95754390817315,0.7335841422469557
10,0.2716283490881324,0.07850712186947335,0.09181284974014516,97.90308918353588,97.05434932927673,0.7335841422469557
11,0.29557115491479635,0.07466261068342307,0.08909805497378592,98.04829982540149,97.08200802102061,0.7335841422469557
12,0.2592459353618324,0.07363793632704271,0.08839898370450384,98.08287378775044,97.12349605863642,0.7335841422469557
13,0.26416393695399165,0.07265699101446538,0.08773517223426094,98.10880425951215,97.1304107315724,0.7335841422469557
14,0.2844330919906497,0.06991101831408966,0.08588970336394439,98.21079744844158,97.17881344212418,0.7335841422469557
15,0.2561310059390962,0.06907875057593514,0.08534442079201371,98.2332705239684,97.18572811506016,0.7335841422469557
16,0.255342663731426,0.06827746512425494,0.08482361774646306,98.26784448631736,97.18572811506016,0.7335841422469557
17,0.2750122747384012,0.06530982420745528,0.08290977871232649,98.36119418465954,97.2687041902918,0.7335841422469557
18,0.2747883340343833,0.06337903449357576,0.08169565733880527,98.41824122253531,97.26178951735582,0.7335841422469557
19,0.2722659236751497,0.06276942730686769,0.08132314377219022,98.42688471312255,97.26178951735582,0.7335841422469557
