,times,train_loss,test_loss,train_acc,test_acc,eta
0,0.21611175267025828,0.1090632681876906,0.11834702769983428,97.2738430687849,96.62563960724658,111.30237608828492
1,0.21710950322449207,0.0830399226781043,0.09627439711304676,97.89617439106608,97.0612640022127,111.30237608828492
2,0.22026405204087496,0.0707014658672189,0.08704816887836671,98.25574359949522,97.21338680680404,111.30237608828492
3,0.21424090303480625,0.06291839465875887,0.08180053785860646,98.47355956229363,97.34476559258746,111.30237608828492
4,0.21723833912983537,0.05738370235555884,0.07838882899582691,98.66371635521288,97.33093624671552,111.30237608828492
5,0.22096164617687464,0.053180055231563855,0.075999052332321,98.80374090272616,97.4069976490112,111.30237608828492
6,0.2186340857297182,0.049843760089279716,0.07425155480319143,98.90227669542068,97.44157101369105,111.30237608828492
7,0.20982559118419886,0.04711374913028664,0.07292811450711201,99.00772728058499,97.42082699488314,111.30237608828492
8,0.21881121676415205,0.044829760115478234,0.07189308768736351,99.09070479022249,97.44157101369105,111.30237608828492
9,0.2183552230708301,0.04288470720389997,0.07108388734157457,99.13737963939357,97.43465634075508,111.30237608828492
10,0.2180778170004487,0.04120649508053083,0.07042732453352894,99.18751188479956,97.43465634075508,111.30237608828492
11,0.2154520438052714,0.03974114833929566,0.0699083546393215,99.23072933773575,97.40008297607523,111.30237608828492
12,0.21944021293893456,0.03845067833859648,0.06947645727574664,99.26011720573236,97.42082699488314,111.30237608828492
13,0.21404406195506454,0.03730485601271093,0.06913596616482852,99.30506335678601,97.42082699488314,111.30237608828492
14,0.2198183899745345,0.03628121160043288,0.06884629106869804,99.33445122478261,97.44157101369105,111.30237608828492
15,0.21584881423041224,0.03536092370875154,0.06862108574486696,99.36038169654434,97.43465634075508,111.30237608828492
16,0.29313130397349596,0.03452957124143663,0.06843412174416869,99.38112607395371,97.41391232194717,111.30237608828492
17,0.26628779899328947,0.03377507989377006,0.06828095540772616,99.39322696077583,97.37933895726732,111.30237608828492
18,0.23565650125965476,0.033087364730843755,0.06816540886669507,99.41570003630267,97.37933895726732,111.30237608828492
19,0.23453899193555117,0.03245807713480936,0.0680716311648524,99.43471571559459,97.37933895726732,111.30237608828492
