,times,train_loss,test_loss,train_acc,test_acc,eta
0,9.092971991747618,0.401604261155801,0.40879657578659406,0.0,0.0,3.1609182482282505
1,4.296438264660537,0.3856039969522878,0.3916824313510137,0.0,0.0,3.1609182482282505
2,1.9880604669451714,0.38223021582614713,0.38817593858963323,0.0,0.0,3.1609182482282505
3,2.0050996830686927,0.3799215702066696,0.3856904739150571,0.0,0.0,3.1609182482282505
4,1.9895756500773132,0.37824051876867626,0.38390495748122205,0.0,0.0,3.1609182482282505
5,6.736082770861685,0.378269107101245,0.38231075690728894,0.0,0.0,3.1609182482282505
6,4.406271065119654,0.3781724105387746,0.3821835159195266,0.0,0.0,3.1609182482282505
7,2.189155282918364,0.37498477860472385,0.3792716412331285,0.0,0.0,3.1609182482282505
8,11.725848515983671,0.37216754490726056,0.3767727089268595,0.0,0.0,3.1609182482282505
9,6.783463601954281,0.36982567364331903,0.3745724308061982,0.0,0.0,3.1609182482282505
10,4.372546290978789,0.3683752130140151,0.3732161630392571,0.0,0.0,3.1609182482282505
11,1.9966230471618474,0.36795593230675805,0.3728347116015391,0.0,0.0,3.1609182482282505
12,1.975473334081471,0.3676254265356103,0.3725361719614348,0.0,0.0,3.1609182482282505
13,9.149082173127681,0.3664894230982858,0.3716752862025623,0.0,0.0,3.1609182482282505
14,4.376754286233336,0.36621858511006894,0.37147186580940517,0.0,0.0,3.1609182482282505
15,6.775255493819714,0.3657922348823645,0.37112786971629563,0.0,0.0,3.1609182482282505
16,4.313841362018138,0.36545915352385994,0.37081424817820235,0.0,0.0,3.1609182482282505
17,1.9859241070225835,0.36532426714375293,0.3706713542317639,0.0,0.0,3.1609182482282505
18,6.760873051825911,0.3648356388286327,0.37020439093565116,0.0,0.0,3.1609182482282505
19,4.365648420993239,0.36465415559379694,0.3700312271029608,0.0,0.0,3.1609182482282505
