,times,train_loss,test_loss,train_acc,test_acc,eta
0,6.57272017840296,0.3897403902125472,0.39561509720872823,0.0,0.0,2.4473842035271822
1,4.247481612022966,0.3786753652250411,0.3841230124004713,0.0,0.0,2.4473842035271822
2,1.9139969870448112,0.3766110808603303,0.38206817893030176,0.0,0.0,2.4473842035271822
3,4.248077237978578,0.3738179700793397,0.3787631076144927,0.0,0.0,2.4473842035271822
4,1.9195628827437758,0.37238303357755737,0.3773737477310582,0.0,0.0,2.4473842035271822
5,4.260726252105087,0.3714433404936468,0.3761874099962123,0.0,0.0,2.4473842035271822
6,1.915184780023992,0.37047247777688547,0.3753197594986159,0.0,0.0,2.4473842035271822
7,6.593933512456715,0.3691369216872185,0.37391055691959896,0.0,0.0,2.4473842035271822
8,6.588270061183721,0.36760598122209776,0.372497229255304,0.0,0.0,2.4473842035271822
9,1.9379605050198734,0.3672074471586858,0.37215270938831585,0.0,0.0,2.4473842035271822
10,4.212844809982926,0.3663853865062937,0.3714474349033028,0.0,0.0,2.4473842035271822
11,4.226841197814792,0.36592022591529577,0.37105475607793953,0.0,0.0,2.4473842035271822
12,6.529152547940612,0.3652772800736907,0.37052917563743776,0.0,0.0,2.4473842035271822
13,1.992880258243531,0.36517721147308096,0.37043589402549687,0.0,0.0,2.4473842035271822
14,1.9371108240447938,0.36509629802119065,0.3703622126689496,0.0,0.0,2.4473842035271822
15,1.9477928532287478,0.365027103864779,0.37029849520036107,0.0,0.0,2.4473842035271822
16,6.472561202943325,0.36447230322999535,0.36985837821827594,0.0,0.0,2.4473842035271822
17,2.0404134951531887,0.364426719864652,0.3698192348386207,0.0,0.0,2.4473842035271822
18,6.571965959854424,0.36405500469993896,0.3695520455150962,0.0,0.0,2.4473842035271822
19,1.9342790860682726,0.3640172526712611,0.36952441787001666,0.0,0.0,2.4473842035271822
