,times,train_loss,test_loss,train_acc,test_acc,eta
0,1.9002982000820339,,,0.0,0.0,0.8795442791215593
1,1.9148320108652115,,,0.0,0.0,0.8795442791215593
2,4.261136094108224,,,0.0,0.0,0.8795442791215593
3,9.03229988599196,,,0.0,0.0,0.8795442791215593
4,6.601179614663124,,,0.0,0.0,0.8795442791215593
5,4.201520427130163,,,0.0,0.0,0.8795442791215593
6,4.2484477031975985,,,0.0,0.0,0.8795442791215593
7,9.01328059937805,,,0.0,0.0,0.8795442791215593
8,6.6318586291745305,,,0.0,0.0,0.8795442791215593
9,4.267495797947049,,,0.0,0.0,0.8795442791215593
10,4.248538263142109,,,0.0,0.0,0.8795442791215593
11,1.912377696018666,,,0.0,0.0,0.8795442791215593
12,4.230427820701152,,,0.0,0.0,0.8795442791215593
13,4.414743030909449,,,0.0,0.0,0.8795442791215593
14,6.807799034751952,,,0.0,0.0,0.8795442791215593
15,1.9473600592464209,,,0.0,0.0,0.8795442791215593
16,6.746346658095717,,,0.0,0.0,0.8795442791215593
17,4.323849260807037,,,0.0,0.0,0.8795442791215593
18,1.9531584898941219,,,0.0,0.0,0.8795442791215593
19,6.787013928871602,,,0.0,0.0,0.8795442791215593
