,times,train_loss,test_loss,train_acc,test_acc,eta
0,1.944046770222485,0.393270667722935,0.4001525375370969,0.0,0.0,1.8949207063585731
1,1.98828160809353,0.3816037901502597,0.3876325250467065,0.0,0.0,1.8949207063585731
2,4.293310435023159,0.3859224386980449,0.38972343369718904,0.0,0.0,1.8949207063585731
3,1.9700439902953804,0.3732781880936879,0.37799523021175424,0.0,0.0,1.8949207063585731
4,1.9515345180407166,0.3715933092519623,0.3765120701032853,0.0,0.0,1.8949207063585731
5,6.656042852438986,0.372226069056396,0.3766509406923758,0.0,0.0,1.8949207063585731
6,1.9520760737359524,0.3694022493988314,0.3741140675817303,0.0,0.0,1.8949207063585731
7,1.9593022777698934,0.3682249483571317,0.37306441478754004,0.0,0.0,1.8949207063585731
8,1.9417204279452562,0.36760411014614863,0.3725774531493606,0.0,0.0,1.8949207063585731
9,8.947213461156934,0.3667228407795171,0.3721148328589951,0.0,0.0,1.8949207063585731
10,4.277049174066633,0.36553658994281746,0.37085656188724814,0.0,0.0,1.8949207063585731
11,4.284922948107123,0.3649091603068527,0.3702113772931082,0.0,0.0,1.8949207063585731
12,1.9454023432917893,0.36475708660554557,0.37007098578794106,0.0,0.0,1.8949207063585731
13,4.303759910166264,0.364403670658232,0.36972871869284596,0.0,0.0,1.8949207063585731
14,1.940664344932884,0.3642881785727093,0.3696575270690764,0.0,0.0,1.8949207063585731
15,4.305883094668388,0.3640133477957129,0.3694705728857525,0.0,0.0,1.8949207063585731
16,4.213906546123326,0.36377654763299594,0.36931804855920913,0.0,0.0,1.8949207063585731
17,1.9299037237651646,0.3637197939441405,0.3692875874544438,0.0,0.0,1.8949207063585731
18,1.9127126708626747,0.36367505411871187,0.3692648193650888,0.0,0.0,1.8949207063585731
19,4.257967084180564,0.3634358992307082,0.36915860151678026,0.0,0.0,1.8949207063585731
