,times,train_loss,test_loss,train_acc,test_acc,eta
0,1.95419220905751,0.4241361114216082,0.43235910219956486,0.0,0.0,4.08248290463863
1,6.74505316093564,0.39420144243557514,0.40002649335440355,0.0,0.0,4.08248290463863
2,4.357064635958523,0.38463920471210017,0.3899756931016825,0.0,0.0,4.08248290463863
3,2.1907272581011057,0.3807757666091155,0.386241692075034,0.0,0.0,4.08248290463863
4,4.887452196795493,0.37671289999552937,0.38177470404073055,0.0,0.0,4.08248290463863
5,5.2311776746064425,0.37547651572910234,0.3802351639088178,0.0,0.0,4.08248290463863
6,6.929489088244736,0.3768387045302392,0.38117926040682476,0.0,0.0,4.08248290463863
7,2.1892778840847313,0.3751499411288559,0.3796006665498551,0.0,0.0,4.08248290463863
8,2.1643815971910954,0.3739823892031693,0.37851994950393075,0.0,0.0,4.08248290463863
9,4.518405742943287,0.37189800414234475,0.37659884934807464,0.0,0.0,4.08248290463863
10,6.9789670733734965,0.3701535142730956,0.3750947184557147,0.0,0.0,4.08248290463863
11,2.0852074548602104,0.3696320195910672,0.37460091437512066,0.0,0.0,4.08248290463863
12,2.0112306871451437,0.36932456491093996,0.37430947259690217,0.0,0.0,4.08248290463863
13,4.518400049302727,0.3684967547321751,0.3735847373670925,0.0,0.0,4.08248290463863
14,1.9969654972665012,0.36834481904178273,0.3734216279948832,0.0,0.0,4.08248290463863
15,6.753771707881242,0.36747336931485375,0.372649478503273,0.0,0.0,4.08248290463863
16,6.47165557090193,0.3670975977986272,0.3722919845198974,0.0,0.0,4.08248290463863
17,2.017201190814376,0.36689647769735473,0.3720740797900851,0.0,0.0,4.08248290463863
18,4.374468317721039,0.3664610479445074,0.3716249592466393,0.0,0.0,4.08248290463863
19,4.465072514023632,0.36603737866286007,0.3711903182363151,0.0,0.0,4.08248290463863
