,times,train_loss,test_loss,train_acc,test_acc,eta
0,27.73106810823083,400.5594002057273,387.47214746564697,0.0,0.0,0.9999999999999999
1,27.634015376213938,101.3660328631626,96.29681634119054,0.0,0.0,0.9999999999999999
2,27.232593503315,,,0.0,0.0,0.9999999999999999
3,27.18355681374669,,,0.0,0.0,0.9999999999999999
4,27.707256712019444,,,0.0,0.0,0.9999999999999999
5,27.992094645742327,,,0.0,0.0,0.9999999999999999
6,28.17195872310549,,,0.0,0.0,0.9999999999999999
7,28.20128191821277,,,0.0,0.0,0.9999999999999999
8,28.17810074193403,,,0.0,0.0,0.9999999999999999
9,28.32396811293438,,,0.0,0.0,0.9999999999999999
10,28.370594275649637,,,0.0,0.0,0.9999999999999999
11,28.27987494505942,,,0.0,0.0,0.9999999999999999
12,27.455896662548184,,,0.0,0.0,0.9999999999999999
13,26.95686195604503,,,0.0,0.0,0.9999999999999999
14,26.513450254686177,,,0.0,0.0,0.9999999999999999
15,26.167515982873738,,,0.0,0.0,0.9999999999999999
16,27.587108658161014,,,0.0,0.0,0.9999999999999999
17,27.633346659131348,,,0.0,0.0,0.9999999999999999
18,27.58876246633008,,,0.0,0.0,0.9999999999999999
19,27.555952867958695,,,0.0,0.0,0.9999999999999999
