,times,train_loss,test_loss,train_acc,test_acc,eta
0,0.7224993370473385,0.6922556168240421,0.6922499534726895,90.24285714285715,90.49955834723721,4e-05
1,0.7309230249375105,0.6887539150673911,0.6887259290043565,90.24285714285715,90.49955834723721,4e-05
2,0.7634258489124477,0.6852710923250684,0.6852207786554695,90.24285714285715,90.49955834723721,4e-05
3,0.7325031901709735,0.6818258919422997,0.6817533826172305,90.24285714285715,90.49955834723721,4e-05
4,0.8594482899643481,0.6784179092779156,0.6783233117007885,90.24285714285715,90.49955834723721,4e-05
5,0.9166644914075732,0.675046631647927,0.6749300743318442,90.24285714285715,90.49955834723721,4e-05
6,0.8833226570859551,0.6717115785385763,0.6715731634077332,90.24285714285715,90.49955834723721,4e-05
7,0.880863951984793,0.6684122628241801,0.6682521214276994,90.24285714285715,90.49955834723721,4e-05
8,0.8700121096335351,0.665148168921017,0.6649664172720902,90.24285714285715,90.49955834723721,4e-05
9,0.8758278186433017,0.6619186709619578,0.6617154132199948,90.24285714285715,90.49955834723721,4e-05
10,0.8741819723509252,0.6587230840500814,0.6584984356777058,90.24285714285715,90.49955834723721,4e-05
11,0.8676465670578182,0.6555613975013063,0.6553154749105806,90.24285714285715,90.49955834723721,4e-05
12,0.863618107046932,0.6524331381454167,0.6521660436182936,90.24285714285715,90.49955834723721,4e-05
13,0.8664970421232283,0.6493372733533348,0.649049120273767,90.24285714285715,90.49955834723721,4e-05
14,0.873198987916112,0.6462738526566221,0.6459647339863352,90.24285714285715,90.49955834723721,4e-05
15,0.8770010210573673,0.6432424627285623,0.6429124872099716,90.24285714285715,90.49955834723721,4e-05
16,0.8659446937963367,0.6402424733360461,0.6398917348539854,90.24285714285715,90.49955834723721,4e-05
17,0.73430115589872,0.6372736305165921,0.6369022327585904,90.24285714285715,90.49955834723721,4e-05
18,0.7412935779429972,0.6343354629847253,0.6339435043549053,90.24285714285715,90.49955834723721,4e-05
19,0.7503464939072728,0.6314276562716152,0.6310152393178389,90.24285714285715,90.49955834723721,4e-05
