,times,train_loss,test_loss,train_acc,test_acc,eta
0,0.2103527383878827,0.6872411556884469,0.6872612077363823,78.31866821097032,78.46770847738902,0.023979370012757645
1,0.2908030292019248,0.24402207052354274,0.24486499236479312,92.5821563780317,92.87788687595076,0.023979370012757645
2,0.3154386100359261,0.12458001869402978,0.12888078158010552,96.00152125434336,95.63684137740285,0.023979370012757645
3,0.34277763729915023,0.08563543973609758,0.0949924167083561,97.09578716268778,96.40437007329554,0.023979370012757645
4,0.3823085450567305,0.06649814813172521,0.081991403711454,97.90136048541844,96.92988521642927,0.023979370012757645
5,0.4034504536539316,0.053714591269937155,0.07642516697301047,98.35773678842463,97.08892269395658,0.023979370012757645
6,0.4396523917093873,0.04568216319904931,0.07433230342751744,98.71384860061887,97.09583736689254,0.023979370012757645
7,0.4580215411260724,0.0406804863480101,0.0746685204919355,98.90746278977302,97.11658138570046,0.023979370012757645
8,0.482124094851315,0.03769615829402224,0.0751734980973511,99.0302003561118,97.20647213386806,0.023979370012757645
9,0.5042106481269002,0.034499959656476745,0.07532248521968926,99.17022490362508,97.2687041902918,0.023979370012757645
10,0.5233714319765568,0.03146172403303231,0.07518878040947376,99.33272252666517,97.30327755497164,0.023979370012757645
11,0.5266814227215946,0.02935526731958234,0.0746391918799203,99.45027399865161,97.2894482090997,0.023979370012757645
12,0.5273840599693358,0.02752451090329959,0.07618549531101133,99.52806541393676,97.31710690084358,0.023979370012757645
13,0.5291069699451327,0.026870882218026877,0.07599461503390754,99.55053848946359,97.35168026552344,0.023979370012757645
14,0.5301918121986091,0.02598528754711492,0.07595355348276032,99.59548464051723,97.36550961139538,0.023979370012757645
15,0.5304406629875302,0.02556296693229962,0.07617665503793905,99.62660120663129,97.30327755497164,0.023979370012757645
16,0.526864125393331,0.024985146712730243,0.07635217042367276,99.652531678393,97.31710690084358,0.023979370012757645
17,0.5317014306783676,0.024522903964697678,0.0761811204274343,99.66290386709768,97.3378509196515,0.023979370012757645
18,0.5313531910069287,0.024114416053745053,0.07563468661437722,99.66290386709768,97.31710690084358,0.023979370012757645
19,0.5324838892556727,0.023865236064511,0.0753684228677196,99.67673345203727,97.33093624671552,0.023979370012757645
