,times,train_loss,test_loss,train_acc,test_acc,eta
0,0.21007471391931176,0.36817701106534206,0.368859631635385,90.12567635313846,90.11201770156272,3.9999999999999996
1,0.2889937739819288,0.1039243515275929,0.1485357599481657,96.66534133144329,95.31876642234822,3.9999999999999996
2,0.3133469130843878,0.928317648605584,0.8571114550785114,91.43257212992896,90.58221546120869,3.9999999999999996
3,0.34378617256879807,inf,inf,22.48517641364289,22.389710966671274,3.9999999999999996
4,0.3766265269368887,,,0.03976005670129723,0.01382934587194029,3.9999999999999996
5,0.393925906624645,,,0.03976005670129723,0.01382934587194029,3.9999999999999996
6,0.426897494122386,,,0.03976005670129723,0.01382934587194029,3.9999999999999996
7,0.45198714081197977,,,0.03976005670129723,0.01382934587194029,3.9999999999999996
8,0.4807650800794363,,,0.03976005670129723,0.01382934587194029,3.9999999999999996
9,0.49809325067326427,,,0.03976005670129723,0.01382934587194029,3.9999999999999996
10,0.5292963669635355,,,0.03976005670129723,0.01382934587194029,3.9999999999999996
11,0.5310457269661129,,,0.03976005670129723,0.01382934587194029,3.9999999999999996
12,0.5301549420692027,,,0.03976005670129723,0.01382934587194029,3.9999999999999996
13,0.5301158428192139,,,0.03976005670129723,0.01382934587194029,3.9999999999999996
14,0.5317546669393778,,,0.03976005670129723,0.01382934587194029,3.9999999999999996
15,0.5355161027982831,,,0.03976005670129723,0.01382934587194029,3.9999999999999996
16,0.5387926632538438,,,0.03976005670129723,0.01382934587194029,3.9999999999999996
17,0.5368509660474956,,,0.03976005670129723,0.01382934587194029,3.9999999999999996
18,0.5398378688842058,,,0.03976005670129723,0.01382934587194029,3.9999999999999996
19,0.5386773278005421,,,0.03976005670129723,0.01382934587194029,3.9999999999999996
