,times,train_loss,test_loss,train_acc,test_acc,eta
0,1.778294671792537,0.5881610924351665,0.5874322802848927,90.24285714285715,90.49955834723721,0.0018566355334451114
1,1.7554004997946322,0.40697822213122553,0.4043638156349904,90.24285714285715,90.49955834723721,0.0018566355334451114
2,1.8000181708484888,0.3482564540137226,0.3444296295436959,90.24285714285715,90.49955834723721,0.0018566355334451114
3,2.2894199499860406,0.3282678923027914,0.3236340057270003,90.24285714285715,90.49955834723721,0.0018566355334451114
4,2.893716169986874,0.3220165114332555,0.31688110738525155,90.24285714285715,90.49955834723721,0.0018566355334451114
5,2.0791473579593003,0.32027499799010184,0.31485540274781276,90.24285714285715,90.49955834723721,0.0018566355334451114
6,1.943500507157296,0.3198361371735442,0.3142678037726439,90.24285714285715,90.49955834723721,0.0018566355334451114
7,1.8657036279328167,0.3197325322326501,0.3140903816220372,90.24285714285715,90.49955834723721,0.0018566355334451114
8,1.8282122407108545,0.31970866301423284,0.31403089240269644,90.24285714285715,90.49955834723721,0.0018566355334451114
9,1.8290025992318988,0.31970290703185505,0.31400801583895593,90.24285714285715,90.49955834723721,0.0018566355334451114
10,2.4817575281485915,0.3197011580146615,0.31399769102222086,90.24285714285715,90.49955834723721,0.0018566355334451114
11,1.7877297191880643,0.31970022574428314,0.3139916354403001,90.24285714285715,90.49955834723721,0.0018566355334451114
12,1.891787813976407,0.31969922794034855,0.3139860312304476,90.24285714285715,90.49955834723721,0.0018566355334451114
13,1.9280782667919993,0.3196975121932703,0.31397831881823124,90.24285714285715,90.49955834723721,0.0018566355334451114
14,2.031532139983028,0.3196942144789524,0.3139665005362126,90.24285714285715,90.49955834723721,0.0018566355334451114
15,2.0661641438491642,0.31968794614749596,0.3139481505992182,90.24285714285715,90.49955834723721,0.0018566355334451114
16,1.9435937320813537,0.3196760896277042,0.3139190875826236,90.24285714285715,90.49955834723721,0.0018566355334451114
17,1.846980903763324,0.31965364738247204,0.31387183274356756,90.24285714285715,90.49955834723721,0.0018566355334451114
18,1.849042808637023,0.31961108351499984,0.31379275997665335,90.24285714285715,90.49955834723721,0.0018566355334451114
19,1.8534517008811235,0.3195309910936079,0.31365859982675837,90.24285714285715,90.49955834723721,0.0018566355334451114
