,times,train_loss,test_loss,train_acc,test_acc,eta
0,1.7040500952862203,0.4446468324384345,0.44254918162937856,90.24285714285715,90.49955834723721,0.006672402148800233
1,1.7087626419961452,0.32438515941942814,0.31948235862626245,90.24285714285715,90.49955834723721,0.006672402148800233
2,1.7024603229947388,0.3197504574105203,0.31412520511605174,90.24285714285715,90.49955834723721,0.006672402148800233
3,1.8508593142032623,0.31970251000682753,0.31399917059983684,90.24285714285715,90.49955834723721,0.006672402148800233
4,1.8560008308850229,0.31970077885502024,0.31399169039304187,90.24285714285715,90.49955834723721,0.006672402148800233
5,1.9185029147192836,0.3196986226529855,0.31398533832615666,90.24285714285715,90.49955834723721,0.006672402148800233
6,1.9290845771320164,0.31966143604551756,0.31391680295009,90.24285714285715,90.49955834723721,0.006672402148800233
7,2.380447563249618,0.31946699172970344,0.31363845942328167,90.24285714285715,90.49955834723721,0.006672402148800233
8,1.9068323839455843,0.31845159332749046,0.3123555104769235,90.24285714285715,90.49955834723721,0.006672402148800233
9,1.9720448469743133,0.31332612448029645,0.30618907666036144,90.24285714285715,90.49955834723721,0.006672402148800233
10,1.8717153500765562,0.29405487521552726,0.28253694232047005,90.24285714285715,90.49955834723721,0.006672402148800233
11,1.9622381078079343,0.26961704704152817,0.2484290694226468,90.39904761904762,90.49628684529067,0.006672402148800233
12,1.9731124001555145,0.2665565985126308,0.24414729530702595,90.20857142857143,90.4810198362068,0.006672402148800233
13,2.0611570179462433,0.266377353493991,0.24434181581646114,90.18190476190476,90.47011482971833,0.006672402148800233
14,1.965399559121579,0.26636211282594485,0.24449621099190555,90.18,90.47338633166487,0.006672402148800233
15,1.9748203931376338,0.266354490304821,0.24452164044665317,90.18,90.47338633166487,0.006672402148800233
16,1.8697340860962868,0.26627585718539437,0.24471118729448801,90.1847619047619,90.47774833426026,0.006672402148800233
17,2.0346826720051467,0.26581416417500087,0.24497760550819123,90.19619047619048,90.47992933555796,0.006672402148800233
18,2.151754638645798,0.2636559024804136,0.24471437532351437,90.29809523809524,90.57807439395427,0.006672402148800233
19,1.929050911217928,0.25650310674606186,0.24216414345121773,90.61238095238096,91.02190815803536,0.006672402148800233
