,times,train_loss,test_loss,train_acc,test_acc,eta
0,2.005113400053233,0.3197954449209592,0.3142033162173258,90.24285714285715,90.49955834723721,0.0861773876012753
1,2.124640322290361,0.3196856462334886,0.31397505286159394,90.24285714285715,90.49955834723721,0.0861773876012753
2,2.0054798778146505,0.31966616599956127,0.3139530255694675,90.24285714285715,90.49955834723721,0.0861773876012753
3,1.970649218186736,0.2797666124014947,0.267096556349159,90.25142857142858,90.50392034983261,0.0861773876012753
4,2.0210742210038006,0.262383719359071,0.24156037610045294,90.30952380952381,90.59225090238928,0.0861773876012753
5,2.0761570460163057,0.25994787994797836,0.23918471839778913,90.35619047619048,90.70566296986946,0.0861773876012753
6,2.022050916682929,0.24648534096076044,0.23221942952450944,90.96761904761905,91.29998582349157,0.0861773876012753
7,2.0252029220573604,0.24629935329483693,0.23251891600842783,91.01238095238095,91.28908081700308,0.0861773876012753
8,2.0120123689994216,0.24425034108579163,0.22965231379029577,90.99047619047619,91.25200379494225,0.0861773876012753
9,2.225638091098517,0.24417127015723508,0.22953630407879408,90.99142857142857,91.2574562981865,0.0861773876012753
10,2.2032541721127927,0.24376693792862683,0.228969865857953,90.98666666666666,91.27926631116345,0.0861773876012753
11,1.9912042659707367,0.24319189166499003,0.22780142410999887,90.98476190476191,91.29017131765194,0.0861773876012753
12,2.0276265922002494,0.24301603470936,0.2272000025038934,90.97809523809524,91.29453332024733,0.0861773876012753
13,2.085430209990591,11.2599465253282,10.518541958898496,90.24285714285715,90.49955834723721,0.0861773876012753
14,2.0822393489070237,,,0.0,0.0,0.0861773876012753
15,1.9967328826896846,,,0.0,0.0,0.0861773876012753
16,2.0867967079393566,,,0.0,0.0,0.0861773876012753
17,2.1595997037366033,,,0.0,0.0,0.0861773876012753
18,2.3030034019611776,,,0.0,0.0,0.0861773876012753
19,2.37232929142192,,,0.0,0.0,0.0861773876012753
