,times,train_loss,test_loss,train_acc,test_acc,eta
0,2.1058187037706375,0.31968345766344725,0.313972581036397,90.24285714285715,90.49955834723721,1.113023760882849
1,2.2696450538933277,0.31943531492966676,0.3136984247048255,90.24285714285715,90.49955834723721,1.113023760882849
2,2.077058946248144,0.26916589630544296,0.25248152532164253,90.37714285714286,90.4810198362068,1.113023760882849
3,2.2464398378506303,0.2583468746997155,0.2382932123272408,90.3647619047619,90.83434204643352,1.113023760882849
4,2.3263135799206793,0.24521594329589894,0.2313860314280441,90.87238095238095,91.37086836566668,1.113023760882849
5,2.1900246660225093,0.24416312959373648,0.22864438917459215,90.9152380952381,91.37304936696438,1.113023760882849
6,2.321102482266724,0.24296468609566918,0.22709892173113,91.03142857142858,91.2574562981865,1.113023760882849
7,2.2753653759136796,0.2427979617876492,0.2263124677297175,91.01809523809524,91.29235231894963,1.113023760882849
8,2.3886782098561525,0.28410339503335774,0.29590041630662245,90.34380952380953,87.27058592599863,1.113023760882849
9,2.3897149469703436,0.5211921545066451,0.7759752480249673,80.67238095238095,69.28932072714584,1.113023760882849
10,2.4225829150527716,4.715788905042929,5.070880671680474,60.65047619047619,49.5741594966249,1.113023760882849
11,2.4968221937306225,2.0753192144950647,1.5415051025199493,82.78,83.77007884319691,1.113023760882849
12,2.2142713703215122,,,0.0,0.0,1.113023760882849
13,2.415547525975853,,,0.0,0.0,1.113023760882849
14,2.1520906528458,,,0.0,0.0,1.113023760882849
15,2.110637047793716,,,0.0,0.0,1.113023760882849
16,1.9502721759490669,,,0.0,0.0,1.113023760882849
17,1.9950418770313263,,,0.0,0.0,1.113023760882849
18,1.9975002887658775,,,0.0,0.0,1.113023760882849
19,2.0525754508562386,,,0.0,0.0,1.113023760882849
