,times,train_loss,test_loss,train_acc,test_acc,eta
0,0.24320119386538863,0.6921517732267262,0.6921552126379183,78.18555845592684,78.41239109390126,0.004
1,0.24445063015446067,0.6911604967221768,0.6911673374717776,78.20284543710132,78.41239109390126,0.004
2,0.2385353920981288,0.690173342502933,0.6901835469491088,78.23050460698047,78.40547642096529,0.004
3,0.2351829339750111,0.6891902831084,0.6892038138378429,78.26507856932943,78.43313511270917,0.004
4,0.235583720728755,0.6882113038205386,0.6882281237529357,78.2927377392086,78.44004978564514,0.004
5,0.22973410366103053,0.6872363739110303,0.6872564463401875,78.31866821097032,78.46770847738902,0.004
6,0.23525691498070955,0.6862654796812362,0.6862887680324454,78.33941258837969,78.47462315032499,0.004
7,0.23027924494817853,0.685298602108748,0.6853250701545005,78.36015696578906,78.47462315032499,0.004
8,0.23415403114631772,0.6843357110895424,0.68436532299151,78.37744394696354,78.4953671691329,0.004
9,0.23441749392077327,0.6833767970364639,0.6834095173333189,78.4085605130776,78.52994053381275,0.004
10,0.2434277730062604,0.682421833627445,0.6824576270447247,78.42930489048697,78.55759922555663,0.004
11,0.2348264683969319,0.6814708080692874,0.6815096396565665,78.45523536224869,78.59217259023649,0.004
12,0.2353780586272478,0.6805236882679947,0.6805655233751211,78.48116583401041,78.61291660904439,0.004
13,0.2334714327007532,0.6795804650878083,0.6796252692743343,78.50191021141978,78.62674595491633,0.004
14,0.23592869006097317,0.6786411087927893,0.6786888481580369,78.53129807941639,78.68206333840409,0.004
15,0.23254550900310278,0.6777056066797814,0.6777562475338715,78.55549985306067,78.70972203014797,0.004
16,0.24013445666059852,0.6767739301659071,0.6768274390667337,78.57624423047002,78.74429539482782,0.004
17,0.23671515379101038,0.6758460740324694,0.675902418016559,78.6004460041143,78.78578343244365,0.004
18,0.2388996290974319,0.6749220062288196,0.674981152464314,78.61254689093644,78.81344212418753,0.004
19,0.2378649557940662,0.6740017138923889,0.6740636297727282,78.6436634570505,78.84110081593141,0.004
