,times,train_loss,test_loss,train_acc,test_acc,eta
0,0.21498302090913057,0.5708126888516901,0.5710598737961912,82.1771224091137,82.51970681786752,0.6672402148800234
1,0.22775576310232282,0.4999348945788925,0.5002264547628263,85.19024322782512,85.25791730051168,0.6672402148800234
2,0.23187380703166127,0.45247976160499515,0.45283589750340053,87.07106677960827,86.98658553450421,0.6672402148800234
3,0.23180623818188906,0.41757028832390414,0.41802112654322987,88.37796255639877,88.25888535472272,0.6672402148800234
4,0.22383664781227708,0.39037450672186785,0.39093500144526055,89.34603350216952,89.351403678606,0.6672402148800234
5,0.22748627373948693,0.3683705713578159,0.3690461369277326,90.08937369267204,90.06361499101092,0.6672402148800234
6,0.2197036356665194,0.35007367762462877,0.3508639404545611,90.7065189206009,90.83805835983958,0.6672402148800234
7,0.22570003708824515,0.3345486407304704,0.33545081917486325,91.1991978840735,91.45346425114093,0.6672402148800234
8,0.219321571290493,0.32115654757893614,0.3221668777841156,91.65384548896226,91.93057668372286,0.6672402148800234
9,0.2235650490038097,0.3094530909706887,0.3105679903093351,92.0497173578578,92.26939565758539,0.6672402148800234
10,0.2239612527191639,0.2991075215032895,0.3003234809881182,92.34186733970647,92.63587332319182,0.6672402148800234
11,0.22534389095380902,0.289876513323031,0.29119045364965607,92.65303300084706,92.98852164292629,0.6672402148800234
12,0.22259879717603326,0.2815716957552578,0.28298103238432415,92.9624699638702,93.23744986862121,0.6672402148800234
13,0.22390299011021852,0.27404690071553595,0.2755490645958012,93.22523207772227,93.4518047296363,0.6672402148800234
14,0.22477970086038113,0.2671862750920325,0.2687790651461397,93.44823413487303,93.64541557184346,0.6672402148800234
15,0.220818764064461,0.2608959203554291,0.2625775186308184,93.6245613428527,93.81136772230674,0.6672402148800234
16,0.22265782486647367,0.2551003830741647,0.2568688547229329,93.78878766401023,93.97040519983405,0.6672402148800234
17,0.2257891409099102,0.24973714883800566,0.25159084848613683,93.93918440022819,94.12252800442539,0.6672402148800234
18,0.22932602977380157,0.24475432853640441,0.24669184054560594,94.05154977786229,94.27465080901673,0.6672402148800234
19,0.22368631325662136,0.24010849549206734,0.24212844789719043,94.20886130655003,94.35762688424838,0.6672402148800234
