,times,train_loss,test_loss,train_acc,test_acc,eta
0,0.22691989410668612,0.4307377635188137,0.4311437412430804,87.9406019326845,87.80943161388467,2.397937001275765
1,0.2275615707039833,0.34695569265231846,0.3477644491439674,90.81369820388265,90.9279491080072,2.397937001275765
2,0.22407396603375673,0.30124933579974417,0.3024409147543028,92.29173509430048,92.53906790208823,2.397937001275765
3,0.22032606229186058,0.2713781611953304,0.27291303045362986,93.30475219112486,93.51403678606002,2.397937001275765
4,0.22691244119778275,0.24987626973181762,0.25172694240916416,93.93745570211074,94.10869865855345,2.397937001275765
5,0.22301972331479192,0.23341875096052245,0.23556347536061878,94.35925804276799,94.45443230535196,2.397937001275765
6,0.2288588359951973,0.22027841820004357,0.22270243380715915,94.71364115684477,94.75867791453464,2.397937001275765
7,0.2242962410673499,0.20945860986950363,0.21214877661845272,95.01443462928069,94.93845941086987,2.397937001275765
8,0.22066357592120767,0.20034044188315062,0.20328512643421548,95.23225059207911,95.07675286958927,2.397937001275765
9,0.22291794000193477,0.19251349526013528,0.19570223515926893,95.42413608311581,95.15281427188494,2.397937001275765
10,0.21830538613721728,0.18569287419710234,0.18911690219148,95.55033104568949,95.33951044115614,2.397937001275765
11,0.2213746258057654,0.17967707929024904,0.18332747512662853,95.68516949885041,95.49854791868344,2.397937001275765
12,0.22134519880637527,0.1743165292885249,0.17818559760475927,95.79407748024963,95.56769464804314,2.397937001275765
13,0.22651012893766165,0.16949807326805563,0.17357831480093108,95.88915587670925,95.6230120315309,2.397937001275765
14,0.22102957917377353,0.16513378403333878,0.1694185781460369,95.99806385810845,95.71290277969852,2.397937001275765
15,0.22202799329534173,0.16115535865056163,0.16563856557291023,96.0827700658634,95.76130549025031,2.397937001275765
16,0.2177155176177621,0.1575076381202062,0.16218341210817028,96.18476325479281,95.84428156548195,2.397937001275765
17,0.222792848944664,0.15414629107081626,0.15900907426309066,96.26255467007796,95.93417231364957,2.397937001275765
18,0.21777785383164883,0.15103481210319164,0.1560796019785344,96.33515999101077,95.96874567832941,2.397937001275765
19,0.22912990115582943,0.14814268064556663,0.15336489650327903,96.39912182135633,96.01714838888121,2.397937001275765
