,times,train_loss,test_loss,train_acc,test_acc,eta
0,0.2693956168368459,0.26641469373992777,0.2676908045713441,92.78787145400798,93.11298575577375,0.9474603531792863
1,0.3072673981077969,0.16756420920691767,0.1704392498140893,95.14235828997182,94.8831420273821,0.9474603531792863
2,0.25009452318772674,0.1564146713644072,0.16008419839706217,95.6523242346189,95.38099847877196,0.9474603531792863
3,0.2727388544008136,0.13388397141422484,0.1390867026535778,96.3904783307691,95.88576960309777,0.9474603531792863
4,0.2693160092458129,0.11900200928863489,0.1254775377522078,96.78289280342973,96.1831005393445,0.9474603531792863
5,0.27279179310426116,0.10968643682910272,0.11714596765458239,97.03874012481201,96.35596736274374,0.9474603531792863
6,0.3119453121908009,0.09873050704035669,0.1076057879667354,97.30150223866406,96.64638362605449,0.9474603531792863
7,0.2911237068474293,0.09523978321947253,0.1047211931105007,97.40522412571093,96.69478633660628,0.9474603531792863
8,0.329665866214782,0.09029470535889053,0.10079764369575174,97.56599305063357,96.84690914119763,0.9474603531792863
9,0.2474613981321454,0.08900418517653673,0.09980890042953337,97.59883831486508,96.86073848706957,0.9474603531792863
10,0.24736666399985552,0.08777273873102079,0.09887188627609593,97.64378446591871,96.88148250587747,0.9474603531792863
11,0.2893627299927175,0.08299703138941462,0.09526647704265849,97.79245250401922,97.00594661872493,0.9474603531792863
12,0.2730738720856607,0.08085198169258123,0.09368262847594572,97.85468563624734,97.01977596459687,0.9474603531792863
13,0.26989261992275715,0.07878640738164344,0.09217995804814859,97.92037616471036,97.05434932927673,0.9474603531792863
14,0.24510779697448015,0.07795618734880488,0.09158688559835515,97.94976403270697,97.08892269395658,0.9474603531792863
15,0.246882407926023,0.07715382404428976,0.09101688738499526,97.97223710823378,97.09583736689254,0.9474603531792863
16,0.26529266498982906,0.07454829532066987,0.08917291848395632,98.07250159904576,97.1096667127645,0.9474603531792863
17,0.26824125787243247,0.07244488673737998,0.08771006909594488,98.13473473127388,97.1511547503803,0.9474603531792863
18,0.2696151281706989,0.07054202163022308,0.08641014822990302,98.1935104672671,97.18572811506016,0.9474603531792863
19,0.24687062995508313,0.06995965422202009,0.08602122852293184,98.21598354279392,97.18572811506016,0.9474603531792863
