,times,train_loss,test_loss,train_acc,test_acc,eta
0,0.3507113102823496,0.3201895093119358,0.3203007548997747,89.33911870969973,89.36523302447794,2.041241452319315
1,0.3109502508305013,0.2318564756606637,0.23308990939419322,93.13533977561498,93.37574332734061,2.041241452319315
2,0.2961016036570072,0.19908051248540962,0.2011599104575388,94.40247549570418,94.40602959480016,2.041241452319315
3,0.30446043610572815,0.1775133152304467,0.18032671386629964,95.09741213891817,94.84856866270225,2.041241452319315
4,0.29452779702842236,0.15982821333945182,0.1634142689135838,95.60737808356527,95.3256810952842,2.041241452319315
5,0.25262587796896696,0.15699539634669302,0.1607578997884899,95.70072778190745,95.38791315170792,2.041241452319315
6,0.29672599118202925,0.1419022265441414,0.1465407692361334,96.19167804726261,95.77513483612225,2.041241452319315
7,0.26754476968199015,0.13496668925522748,0.1401056921175407,96.3870209345342,95.92034296777763,2.041241452319315
8,0.2905876883305609,0.12585414372483092,0.1317248053838967,96.6584265389735,96.10012446411285,2.041241452319315
9,0.3069738009944558,0.11744675379218406,0.12411754716373805,96.84858333189275,96.26607661457614,2.041241452319315
10,0.25014612590894103,0.11646676454101074,0.12326536728480575,96.87624250177191,96.29373530632002,2.041241452319315
11,0.247658331412822,0.11557924270534817,0.12249727854252745,96.91081646412087,96.30064997925598,2.041241452319315
12,0.25619969982653856,0.11471487186840933,0.12175054103916202,96.94193303023494,96.32830867099986,2.041241452319315
13,0.25302425771951675,0.11387266816356724,0.12102443073964964,96.96440610576175,96.3421380168718,2.041241452319315
14,0.27329780207946897,0.10889044103870164,0.11668800291194768,97.09751586080523,96.42511409210344,2.041241452319315
15,0.29263709392398596,0.10240341654679938,0.11109256519480656,97.27038567255,96.55649287788688,2.041241452319315
16,0.25102558406069875,0.10183818718676044,0.11062381614115047,97.28248655937213,96.55649287788688,2.041241452319315
17,0.2733713579364121,0.09872682502574492,0.10799605850553852,97.3533631821875,96.63255428018255,2.041241452319315
18,0.2510853251442313,0.09822891908923244,0.10759001703172678,97.37237886147942,96.64638362605449,2.041241452319315
19,0.2557462230324745,0.09773947531352924,0.10719190825215885,97.38275105018411,96.65329829899046,2.041241452319315
