,times,train_loss,test_loss,train_acc,test_acc,eta
0,0.31549027329310775,0.20259346482555343,0.20478752626392943,94.49409649592891,94.59964043700732,0.7335841422469557
1,0.24299409985542297,0.174010406187051,0.17743129024693055,95.54514495133715,95.37408380583598,0.7335841422469557
2,0.2783823939971626,0.12997199698535544,0.13566943526708022,96.57717772745346,96.05172175356105,0.7335841422469557
3,0.2789106070995331,0.11294037337082431,0.12014468903064346,96.96094870952686,96.33522334393584,0.7335841422469557
4,0.26240309700369835,0.10493909040327391,0.11321628843108696,97.17357857797293,96.50809016733508,0.7335841422469557
5,0.24145227810367942,0.10175937342671142,0.11057615129404018,97.28421525748958,96.58415156963076,0.7335841422469557
6,0.27209674566984177,0.09511560302164743,0.10504806454638713,97.4553563711169,96.68787166367031,0.7335841422469557
7,0.24477961426600814,0.09282426551464341,0.10322023648818887,97.53660518263696,96.8054211035818,0.7335841422469557
8,0.2658847258426249,0.08690177138687699,0.09848396303940239,97.70256020191194,96.91605587055733,0.7335841422469557
9,0.26608423702418804,0.08250146517565783,0.09507082828806268,97.82356907013329,97.00594661872493,0.7335841422469557
10,0.2634541508741677,0.07915367417591322,0.0925501618621615,97.92729095718015,97.04743465634076,0.7335841422469557
11,0.24492061184719205,0.07790264442428418,0.09164768740098067,97.9618649195291,97.06817867514866,0.7335841422469557
12,0.24569801101461053,0.07671409827452956,0.09079832600559351,97.99816757999551,97.08892269395658,0.7335841422469557
13,0.26845433469861746,0.07305902074748541,0.08818038482876708,98.10707556139471,97.1304107315724,0.7335841422469557
14,0.25054593896493316,0.07209277381868351,0.08751742127884826,98.13819212750877,97.16498409625224,0.7335841422469557
15,0.2572544189170003,0.07116665532894359,0.08688780308106415,98.17103739174028,97.17881344212418,0.7335841422469557
16,0.24768443405628204,0.07027818833576599,0.08628822178838924,98.21079744844158,97.17881344212418,0.7335841422469557
17,0.26875231554731727,0.06627269770344855,0.08358594432357201,98.33353501478037,97.27561886322776,0.7335841422469557
18,0.31037002615630627,0.06214537154809787,0.0809129119553576,98.45972997735406,97.31710690084358,0.7335841422469557
19,0.25243852799758315,0.06157139091298373,0.08056616577215625,98.47528826041109,97.31019222790762,0.7335841422469557
