,times,train_loss,test_loss,train_acc,test_acc,eta
0,4.225548435002565,0.45694702925600317,0.4661292605094236,0.0,0.0,0.16681005372000585
1,4.292220358271152,0.43869003845410015,0.447371383880886,0.0,0.0,0.16681005372000585
2,4.291661052033305,0.4277072869309595,0.43604011814460814,0.0,0.0,0.16681005372000585
3,4.201703007798642,0.42009871178601743,0.4281693554224493,0.0,0.0,0.16681005372000585
4,4.318179331254214,0.41442890556496126,0.42227696527851877,0.0,0.0,0.16681005372000585
5,4.295702638104558,0.40999221018715415,0.4176497190716309,0.0,0.0,0.16681005372000585
6,4.2645636149682105,0.4063924064322232,0.4138803094319813,0.0,0.0,0.16681005372000585
7,4.2847943445667624,0.40339175972744623,0.41072912319028815,0.0,0.0,0.16681005372000585
8,4.295090582687408,0.40083721968856384,0.4080388111715083,0.0,0.0,0.16681005372000585
9,4.306917191017419,0.3986263726964721,0.40570537725459194,0.0,0.0,0.16681005372000585
10,4.267749506048858,0.3966878575748116,0.403653630150537,0.0,0.0,0.16681005372000585
11,4.2885091081261635,0.394970317775424,0.4018348680292753,0.0,0.0,0.16681005372000585
12,4.290206765756011,0.393435373467302,0.4002055320769261,0.0,0.0,0.16681005372000585
13,4.289691299665719,0.39205384861738113,0.39873493199160703,0.0,0.0,0.16681005372000585
14,4.136163310147822,0.39080320725444484,0.39740436027533116,0.0,0.0,0.16681005372000585
15,4.267926317173988,0.3896654369428245,0.39619332176117794,0.0,0.0,0.16681005372000585
16,4.28210144629702,0.3886257564692709,0.39508350528467306,0.0,0.0,0.16681005372000585
17,4.270809646230191,0.3876722666915882,0.39406577020428596,0.0,0.0,0.16681005372000585
18,4.259730716701597,0.3867948172523657,0.39312749888069,0.0,0.0,0.16681005372000585
19,4.221786284819245,0.38598510537154057,0.39226184344973575,0.0,0.0,0.16681005372000585
