,times,train_loss,test_loss,train_acc,test_acc,eta
0,0.7836432047188282,0.32035088433062053,0.3149432256441106,90.24285714285715,90.49955834723721,0.18566355334451112
1,0.7697903970256448,0.3197179022449153,0.31403522831286323,90.24285714285715,90.49955834723721,0.18566355334451112
2,0.8272598148323596,0.3197106760827802,0.3140008210670453,90.24285714285715,90.49955834723721,0.18566355334451112
3,0.7892898991703987,0.31970937008121864,0.3139965921317306,90.24285714285715,90.49955834723721,0.18566355334451112
4,0.7930372441187501,0.3197081263515504,0.31399491408573216,90.24285714285715,90.49955834723721,0.18566355334451112
5,0.789821766782552,0.31970688332110025,0.31399349333307386,90.24285714285715,90.49955834723721,0.18566355334451112
6,0.7919240146875381,0.3197056403353793,0.3139920989451763,90.24285714285715,90.49955834723721,0.18566355334451112
7,0.7629744401201606,0.3197043973874044,0.3139907073483999,90.24285714285715,90.49955834723721,0.18566355334451112
8,0.8298708260990679,0.31970315447707,0.31398931645211714,90.24285714285715,90.49955834723721,0.18566355334451112
9,0.8020930388011038,0.31970191160443284,0.31398792513729595,90.24285714285715,90.49955834723721,0.18566355334451112
10,0.8054708340205252,0.3197006687694176,0.31398653396533305,90.24285714285715,90.49955834723721,0.18566355334451112
11,0.7956594368442893,0.31969942597204876,0.31398514272734795,90.24285714285715,90.49955834723721,0.18566355334451112
12,0.7946931598708034,0.3196981832123294,0.313983751706267,90.24285714285715,90.49955834723721,0.18566355334451112
13,0.8091597366146743,0.3196969404902796,0.31398236074801256,90.24285714285715,90.49955834723721,0.18566355334451112
14,0.7981102401390672,0.3196956978058744,0.3139809697000237,90.24285714285715,90.49955834723721,0.18566355334451112
15,0.7815953949466348,0.3196944551591548,0.31397957874004834,90.24285714285715,90.49955834723721,0.18566355334451112
16,0.9070627810433507,0.3196932125500779,0.31397818786260956,90.24285714285715,90.49955834723721,0.18566355334451112
17,0.7232322925701737,0.31969196997863597,0.3139767969162,90.24285714285715,90.49955834723721,0.18566355334451112
18,0.7160414480604231,0.31969072744488325,0.31397540615208214,90.24285714285715,90.49955834723721,0.18566355334451112
19,0.9062156076543033,0.3196894849487447,0.313974015254913,90.24285714285715,90.49955834723721,0.18566355334451112
