,times,train_loss,test_loss,train_acc,test_acc,eta
0,0.8762454679235816,0.31969832293244677,0.3139840681841933,90.24285714285715,90.49955834723721,2.397937001275765
1,0.7070671669207513,0.31968227524862547,0.3139659470126442,90.24285714285715,90.49955834723721,2.397937001275765
2,0.7233504238538444,0.3196662339870537,0.31394801048596477,90.24285714285715,90.49955834723721,2.397937001275765
3,0.6531412024050951,0.31965019899861086,0.3139300545497949,90.24285714285715,90.49955834723721,2.397937001275765
4,0.7243395349942148,0.31963417028272423,0.31391211396013974,90.24285714285715,90.49955834723721,2.397937001275765
5,0.6808289173059165,0.3196181478345764,0.3138941579148735,90.24285714285715,90.49955834723721,2.397937001275765
6,0.7235013041645288,0.31960213163042517,0.3138762376097589,90.24285714285715,90.49955834723721,2.397937001275765
7,0.7355649000965059,0.3195861216844611,0.31385829093762196,90.24285714285715,90.49955834723721,2.397937001275765
8,0.7328808377496898,0.31957011799544993,0.3138403698009425,90.24285714285715,90.49955834723721,2.397937001275765
9,0.7681257710792124,0.31955412055611915,0.31382245012344184,90.24285714285715,90.49955834723721,2.397937001275765
10,0.7392126591876149,0.31953812936089576,0.3138045307385211,90.24285714285715,90.49955834723721,2.397937001275765
11,0.7376749217510223,0.3195221444029284,0.31378663209609575,90.24285714285715,90.49955834723721,2.397937001275765
12,0.7368317069485784,0.3195061656869394,0.31376873456455945,90.24285714285715,90.49955834723721,2.397937001275765
13,0.7416192358359694,0.31949019320058447,0.31375081243158354,90.24285714285715,90.49955834723721,2.397937001275765
14,0.7181244501844049,0.3194742269415947,0.31373293660368823,90.24285714285715,90.49955834723721,2.397937001275765
15,0.6964791119098663,0.31945826691030366,0.31371505235508107,90.24285714285715,90.49955834723721,2.397937001275765
16,0.6922911209985614,0.3194423130991586,0.3136971781044252,90.24285714285715,90.49955834723721,2.397937001275765
17,0.7763868439942598,0.3194263655028885,0.3136792893229628,90.24285714285715,90.49955834723721,2.397937001275765
18,0.7379850912839174,0.3194104241169916,0.3136614373892487,90.24285714285715,90.49955834723721,2.397937001275765
19,0.7374957730062306,0.31939448893960687,0.3136435595671629,90.24285714285715,90.49955834723721,2.397937001275765
