,times,train_loss,test_loss,train_acc,test_acc,eta
0,1.1771929538808763,0.07658857428435463,0.08988516807574787,97.75326868002374,96.83307979532569,0.6666666666666666
1,1.0560028441250324,0.05556596454416204,0.07705202384438205,98.57440028581142,97.27561886322776,0.6666666666666666
2,0.8994475267827511,0.05045607254130467,0.07470920002896218,98.78242029261096,97.35168026552344,0.6666666666666666
3,1.0445132120512426,0.04290337994909633,0.07165770124366118,99.07572273987127,97.34476559258746,0.6666666666666666
4,0.8742688316851854,0.040346457340349036,0.07080335198539628,99.1523616897448,97.36550961139538,0.6666666666666666
5,1.1153286220505834,0.03249403136501386,0.06900484663896808,99.3701776525432,97.36550961139538,0.6666666666666666
6,1.2664745002985,0.02909917356455541,0.0685912511939191,99.45373139488652,97.35168026552344,0.6666666666666666
7,1.075369597878307,0.02739987558964511,0.06847189017334947,99.49983001135179,97.41391232194717,0.6666666666666666
8,0.8111846349202096,0.026671773110989883,0.06846472643802337,99.51884569064372,97.42082699488314,0.6666666666666666
9,0.813094980083406,0.026001635041109,0.06848655252942325,99.53325150828911,97.41391232194717,0.6666666666666666
10,1.5965827470645308,0.024353143131391586,0.06862661459441953,99.57589272851949,97.43465634075508,0.6666666666666666
11,1.218223731033504,0.02384936708905979,0.06870362671203097,99.58799361534162,97.43465634075508,0.6666666666666666
12,1.3404040476307273,0.021842535429405455,0.06921693586187817,99.64331195509995,97.42082699488314,0.6666666666666666
13,0.859661404043436,0.021493401531747322,0.0693313035053114,99.65080298027556,97.42082699488314,0.6666666666666666
14,0.8529156800359488,0.021164500320639216,0.069445974368919,99.65771777274534,97.43465634075508,0.6666666666666666
15,1.1182194598950446,0.020139822281865834,0.06988891858578423,99.67558098662563,97.41391232194717,0.6666666666666666
16,1.4412799859419465,0.019427639877158447,0.07026287037230616,99.69978276026991,97.4069976490112,0.6666666666666666
17,0.8303970219567418,0.019204694742765538,0.07039229333366305,99.70554508732806,97.4069976490112,0.6666666666666666
18,0.8580761076882482,0.018992623070279865,0.07052119332853934,99.7066975527397,97.41391232194717,0.6666666666666666
19,0.9659721544012427,0.018468002758370884,0.07087555611007677,99.72052713767928,97.4069976490112,0.6666666666666666
