,times,train_loss,test_loss,train_acc,test_acc,eta
0,0.94052510894835,0.1124590561659049,0.11819384956992986,96.4953526832276,96.04480708062509,0.6666666666666666
1,1.2140394737944007,0.08055234165958745,0.0916546073822148,97.52623299393227,96.74318904715807,0.6666666666666666
2,0.956437170971185,0.0744779531854855,0.08772454079569914,97.8241453028391,96.97137325404509,0.6666666666666666
3,0.9387360252439976,0.06531077370948243,0.08208836312927854,98.21655977549973,97.17881344212418,0.6666666666666666
4,0.8229049690999091,0.06211719026140384,0.08035637518238625,98.34794083242576,97.21338680680404,0.6666666666666666
5,0.7982055242173374,0.05935524980837856,0.07891047505298511,98.45915374464823,97.22030147974,0.6666666666666666
6,0.8497304646298289,0.05692841778902499,0.0776825981766118,98.54962227946133,97.22030147974,0.6666666666666666
7,1.320447803940624,0.044651027438719036,0.07220147712226868,99.01060844411407,97.35168026552344,0.6666666666666666
8,1.0877656983211637,0.0425847385914918,0.07140555176788908,99.07111287822474,97.39316830313926,0.6666666666666666
9,0.7920490088872612,0.041628915630985676,0.07105040137931462,99.10165321163299,97.4277416678191,0.6666666666666666
10,0.794979683123529,0.04073381969830946,0.07073797087353836,99.13219354504123,97.4277416678191,0.6666666666666666
11,0.7991249142214656,0.03989185166123127,0.07045948344495445,99.15812401680294,97.43465634075508,0.6666666666666666
12,1.0848775142803788,0.037379633686949534,0.06970303782426931,99.2215096144427,97.41391232194717,0.6666666666666666
13,0.9432798437774181,0.035683720181350465,0.069269000045092,99.2797091177301,97.40008297607523,0.6666666666666666
14,0.9942940711043775,0.034188497938615336,0.06894340926844818,99.32638396690119,97.4069976490112,0.6666666666666666
15,0.8119156141765416,0.03367046016992229,0.06884313562993752,99.34078978454659,97.39316830313926,0.6666666666666666
16,1.1271320283412933,0.031940407580706105,0.06855497301446638,99.39322696077583,97.43465634075508,0.6666666666666666
17,0.954770958982408,0.031115299361151285,0.06844438746738998,99.41454757089103,97.42082699488314,0.6666666666666666
18,0.9793914970941842,0.03035718620476064,0.06835743994702631,99.4393255772411,97.42082699488314,0.6666666666666666
19,0.9357930878177285,0.029485104061062792,0.06827844495252175,99.45891748923886,97.4277416678191,0.6666666666666666
