,times,train_loss,test_loss,train_acc,test_acc,eta
0,1.0800886610522866,0.16750502738831824,0.169493424066193,95.00809606951671,94.77250726040658,1.2236921017635911
1,0.7970820521004498,0.14773079236549178,0.15131624065972865,95.9450504491734,95.5538653021712,1.2236921017635911
2,0.9986507152207196,0.11544849853745874,0.1215144859794789,96.7200834384958,96.12086848292076,1.2236921017635911
3,1.014095103368163,0.09649411761109784,0.10491474619523092,97.20296644596954,96.51500484027106,1.2236921017635911
4,1.118404721841216,0.08204377749267312,0.09298858960700783,97.55043476757653,96.86765316000553,1.2236921017635911
5,0.8300461140461266,0.08014420233486291,0.09171141890921208,97.6432082332129,96.87456783294151,1.2236921017635911
6,1.0079255579039454,0.07420142243237624,0.08749850395245112,97.83970358589613,96.97137325404509,1.2236921017635911
7,1.0941404816694558,0.06729376651810544,0.0829724379062567,98.08748364939697,97.13732540450837,1.2236921017635911
8,0.8162289750762284,0.06626605458457224,0.0824179419664411,98.13531096397969,97.1304107315724,1.2236921017635911
9,0.8345876149833202,0.06528621716176312,0.0818905597982638,98.17391855526937,97.14424007744434,1.2236921017635911
10,0.9431093712337315,0.06182683296990807,0.07994710191424483,98.3133668700768,97.17189876918822,1.2236921017635911
11,1.1273633427917957,0.05751593354189159,0.07768075872554736,98.47874565664598,97.23413082561194,1.2236921017635911
12,1.0298118800856173,0.0554904349688331,0.07669151358382575,98.56402809710673,97.28253353616374,1.2236921017635911
13,1.084014573134482,0.05313945794514145,0.0755916198806909,98.66025895897799,97.2894482090997,1.2236921017635911
14,1.1265800897963345,0.051326189291586666,0.07478513752019661,98.74208400320386,97.31710690084358,1.2236921017635911
15,0.8640892789699137,0.05086664927043911,0.07458527267617349,98.75360865732017,97.3378509196515,1.2236921017635911
16,0.9035167316906154,0.05041864307045607,0.0743921454237354,98.7726243366121,97.3378509196515,1.2236921017635911
17,0.9355174298398197,0.04887854574254924,0.07374678128633586,98.85099198460306,97.34476559258746,1.2236921017635911
18,1.080903661902994,0.04717454845546124,0.07306234816466259,98.9143775822428,97.3378509196515,1.2236921017635911
19,0.9328625658527017,0.04606027635219209,0.07262923778383683,98.95644256976738,97.36550961139538,1.2236921017635911
