,times,train_loss,test_loss,train_acc,test_acc,eta
0,0.9392597991973162,0.15059651932503387,0.15304043836191475,95.2535712021943,95.08366754252523,0.9474603531792863
1,0.8031462472863495,0.13022831231152285,0.13496323090240325,96.36800525524228,95.86502558428987,0.9474603531792863
2,0.9556742748245597,0.11782564538631943,0.12413817774685093,96.81919546389614,96.21075923108837,0.9474603531792863
3,0.9348307242617011,0.08908693803793227,0.09867689987242101,97.3533631821875,96.61181026137464,0.9474603531792863
4,0.8359993281774223,0.08545742438417388,0.0960388786550076,97.51297964169851,96.77084773890195,0.9474603531792863
5,0.8254493782296777,0.08229314132870394,0.09382382315767811,97.65069925838851,96.88148250587747,0.9474603531792863
6,0.994093559216708,0.06999943954473845,0.08449283492680423,97.95149273082441,97.0612640022127,0.9474603531792863
7,0.8001402337104082,0.06823583408065519,0.08349379973981155,98.04080880022589,97.09583736689254,0.9474603531792863
8,0.9415650991722941,0.06023734766202501,0.07844410722848993,98.27533551149295,97.17189876918822,0.9474603531792863
9,0.8283743681386113,0.059090443089763786,0.07790862204581649,98.32834892042803,97.18572811506016,0.9474603531792863
10,0.801938823889941,0.05801341904105488,0.07741524093992294,98.38078609665727,97.20647213386806,0.9474603531792863
11,1.2044429639354348,0.04928447576868726,0.0730463691920984,98.67639347474083,97.27561886322776,0.9474603531792863
12,0.8002196261659265,0.04863853340500679,0.07282793220926707,98.70808627356071,97.28253353616374,0.9474603531792863
13,0.9505030969157815,0.048019756048901574,0.07262021777648275,98.74323646861549,97.2894482090997,0.9474603531792863
14,1.1152821867726743,0.044767312701999816,0.07151188199162314,98.88729464506946,97.33093624671552,0.9474603531792863
15,1.1287896991707385,0.04302884306818662,0.07098972415384376,98.9645098276488,97.31710690084358,0.9474603531792863
16,0.805749193765223,0.0426006276294633,0.07086571303004197,98.98583043776398,97.33093624671552,0.9474603531792863
17,1.2356505766510963,0.0406664343951872,0.07034916675804621,99.07341780904801,97.37242428433134,0.9474603531792863
18,0.9400905771180987,0.0398901964195648,0.07015056492265354,99.09761958269227,97.39316830313926,0.9474603531792863
19,0.830653035081923,0.03954714376471826,0.07006287702854472,99.11375409845512,97.40008297607523,0.9474603531792863
