,times,train_loss,test_loss,train_acc,test_acc,eta
0,0.7972376472316682,0.08194564024229477,0.09589148536319596,97.94515417106044,96.97137325404509,0.6666666666666666
1,0.9158618380315602,0.049609379019735875,0.07428495031097979,98.59975452486732,97.18572811506016,0.6666666666666666
2,0.9230072549544275,0.03628152834105775,0.06991644528652854,99.10280567704461,97.3585949384594,0.6666666666666666
3,1.5828527281992137,0.02816563815628146,0.0699022295307869,99.36614402360249,97.40008297607523,0.6666666666666666
4,1.1879112739115953,0.025023946119907284,0.07014468974011381,99.50098247676341,97.3378509196515,0.6666666666666666
5,0.8240421670489013,0.024054899182975698,0.07022287845135011,99.53555643911237,97.3378509196515,0.6666666666666666
6,0.9204792520031333,0.022465485052528326,0.07053527541847851,99.59721333863467,97.34476559258746,0.6666666666666666
7,1.226656342856586,0.020514540928641543,0.07121905345006582,99.66290386709768,97.37242428433134,0.6666666666666666
8,1.0397873111069202,0.019867981797621736,0.07146208335532774,99.67558098662563,97.38625363020329,0.6666666666666666
9,1.1018858011811972,0.019201864274980676,0.07176200626484583,99.69632536403502,97.37933895726732,0.6666666666666666
10,1.0466156988404691,0.018399983025723803,0.072216534606062,99.71649350873857,97.37933895726732,0.6666666666666666
11,0.7914318642579019,0.018114079478048682,0.07240518965584153,99.72571323203162,97.37933895726732,0.6666666666666666
12,0.7941944701597095,0.017849274899456844,0.07258625158543404,99.73147555908979,97.37242428433134,0.6666666666666666
13,0.9375653346069157,0.017603388403038572,0.0727669258213669,99.73781411885376,97.34476559258746,0.6666666666666666
14,1.351810032967478,0.016358994433304415,0.07399549389482776,99.76489705602711,97.31019222790762,0.6666666666666666
15,1.0797694902867079,0.016137439179848036,0.07425432842979525,99.768354452262,97.3378509196515,0.6666666666666666
16,1.0963390041142702,0.01582940024045428,0.07465327667006844,99.77296431390853,97.3378509196515,0.6666666666666666
17,0.9150361795909703,0.015645397753473952,0.07491583725955789,99.77526924473179,97.32402157377956,0.6666666666666666
18,0.7861613109707832,0.015530465574095409,0.07508308635677205,99.77642171014342,97.31710690084358,0.6666666666666666
19,0.9495274140499532,0.015249308565851265,0.07553852115941857,99.78391273531903,97.2894482090997,0.6666666666666666
