,times,train_loss,test_loss,train_acc,test_acc,eta
0,7.045679436996579,0.190483284134042,0.17546327006863488,0.0,0.0,4.08248290463863
1,7.136254179291427,0.19038424104288199,0.17540672367379526,0.0,0.0,4.08248290463863
2,4.880317077040672,0.1903340897511831,0.17537988247967187,0.0,0.0,4.08248290463863
3,4.920754764229059,0.19028397360547325,0.17536742373651856,0.0,0.0,4.08248290463863
4,4.871277173049748,0.19023389393286394,0.1753514831387027,0.0,0.0,4.08248290463863
5,5.006151196081191,0.19018385043886643,0.17533043001048626,0.0,0.0,4.08248290463863
6,4.958513105753809,0.19013384334361202,0.17532203258479764,0.0,0.0,4.08248290463863
7,5.005173040088266,0.19008387125348092,0.17529206772248435,0.0,0.0,4.08248290463863
8,9.58797497022897,0.18941019530869424,0.17505013464412955,0.0,0.0,4.08248290463863
9,9.635655767284334,0.18879963143006745,0.1748066713007943,0.0,0.0,4.08248290463863
10,11.916121715679765,0.18804420864291574,0.17453516180821807,0.0,0.0,4.08248290463863
11,9.653182204347104,0.18761908827780077,0.17437355961039355,0.0,0.0,4.08248290463863
12,5.070250855293125,0.1875705565577645,0.17434507168646277,0.0,0.0,4.08248290463863
13,4.999173357151449,0.18752205936536975,0.1743282241726803,0.0,0.0,4.08248290463863
14,4.96636154409498,0.18747359686999157,0.17430432322406997,0.0,0.0,4.08248290463863
15,4.9829299580305815,0.18742516894656563,0.17428202823717387,0.0,0.0,4.08248290463863
16,11.824624571017921,0.18645232999100447,0.1739269420187401,0.0,0.0,4.08248290463863
17,4.926248220726848,0.18640447718824582,0.17390279162651304,0.0,0.0,4.08248290463863
18,4.822439037729055,0.18635665804556242,0.17389420673069864,0.0,0.0,4.08248290463863
19,7.472339122090489,0.18595754194770633,0.1737321998931773,0.0,0.0,4.08248290463863
