,times,train_loss,test_loss,train_acc,test_acc,eta
0,0.7126706400886178,0.6899544467122951,0.6899341293665763,90.24285714285715,90.49955834723721,0.0001437525465521851
1,0.7278625192120671,0.6776332311184844,0.6775335484587615,90.24285714285715,90.49955834723721,0.0001437525465521851
2,0.6933647878468037,0.6657175648483517,0.6655395687047913,90.24285714285715,90.49955834723721,0.0001437525465521851
3,0.6586486790329218,0.6542518170807231,0.6539969356089758,90.24285714285715,90.49955834723721,0.0001437525465521851
4,0.7619220931082964,0.6432151464971971,0.6428847792597888,90.24285714285715,90.49955834723721,0.0001437525465521851
5,0.6755464137531817,0.6325861311245009,0.6321816296790641,90.24285714285715,90.49955834723721,0.0001437525465521851
6,0.681305933278054,0.6223461081348572,0.6218687370164924,90.24285714285715,90.49955834723721,0.0001437525465521851
7,0.6154315541498363,0.6124766922929373,0.6119277051979697,90.24285714285715,90.49955834723721,0.0001437525465521851
8,0.6892054942436516,0.6029614142363394,0.6023420085198914,90.24285714285715,90.49955834723721,0.0001437525465521851
9,0.7001553061418235,0.5937843409963796,0.5930956234332263,90.24285714285715,90.49955834723721,0.0001437525465521851
10,0.7262564920820296,0.5849302101069227,0.5841732683766092,90.24285714285715,90.49955834723721,0.0001437525465521851
11,0.6977719976566732,0.5763854837328135,0.5755614004757937,90.24285714285715,90.49955834723721,0.0001437525465521851
12,0.7842029961757362,0.5681377384176535,0.5672475751035839,90.24285714285715,90.49955834723721,0.0001437525465521851
13,0.7448046961799264,0.5601735249020782,0.5592182541247408,90.24285714285715,90.49955834723721,0.0001437525465521851
14,0.7493867133744061,0.5524814808354404,0.5514620828056098,90.24285714285715,90.49955834723721,0.0001437525465521851
15,0.6870565209537745,0.5450501154833332,0.5439675139487002,90.24285714285715,90.49955834723721,0.0001437525465521851
16,0.65784477815032,0.5378698184441011,0.5367249358296092,90.24285714285715,90.49955834723721,0.0001437525465521851
17,0.6625771960243583,0.5309298909471076,0.5297235853076737,90.24285714285715,90.49955834723721,0.0001437525465521851
18,0.6476253247819841,0.5242213359399949,0.5229544699382833,90.24285714285715,90.49955834723721,0.0001437525465521851
19,0.6229722299613059,0.5177342451452859,0.516407647805835,90.24285714285715,90.49955834723721,0.0001437525465521851
