,times,train_loss,test_loss,train_acc,test_acc,eta
0,0.7098239311017096,0.5735664151218306,0.5727198870334996,90.24285714285715,90.49955834723721,0.006672402148800233
1,0.71700987406075,0.38831525930922794,0.3853857945519026,90.24285714285715,90.49955834723721,0.006672402148800233
2,0.659478526096791,0.3377509715255545,0.3335603068824047,90.24285714285715,90.49955834723721,0.006672402148800233
3,0.6804733220487833,0.3238269389430045,0.3188707593932199,90.24285714285715,90.49955834723721,0.006672402148800233
4,0.7142111118882895,0.32052171787910644,0.31515184558224363,90.24285714285715,90.49955834723721,0.006672402148800233
5,0.706571888178587,0.31985513140647315,0.3142880788355189,90.24285714285715,90.49955834723721,0.006672402148800233
6,0.7029498550109565,0.31973510450278914,0.31408200301303635,90.24285714285715,90.49955834723721,0.006672402148800233
7,0.6835429118946195,0.31971437159596733,0.3140253602186405,90.24285714285715,90.49955834723721,0.006672402148800233
8,0.6872173110023141,0.3197104239372195,0.3140064707813254,90.24285714285715,90.49955834723721,0.006672402148800233
9,0.7595164659433067,0.31970919386466096,0.31399841764092495,90.24285714285715,90.49955834723721,0.006672402148800233
10,0.7048710337840021,0.3197082365210934,0.31399281666219975,90.24285714285715,90.49955834723721,0.006672402148800233
11,0.7163712731562555,0.3197065821399861,0.31398520339633407,90.24285714285715,90.49955834723721,0.006672402148800233
12,0.7153396578505635,0.31970291207738344,0.31397225975141224,90.24285714285715,90.49955834723721,0.006672402148800233
13,0.7172620599158108,0.3196951308297931,0.31395046040130203,90.24285714285715,90.49955834723721,0.006672402148800233
14,0.7171677378937602,0.3196787616665242,0.31391261758832,90.24285714285715,90.49955834723721,0.006672402148800233
15,0.7396769849583507,0.3196443672488169,0.31384478670153776,90.24285714285715,90.49955834723721,0.006672402148800233
16,0.7756047733128071,0.3195723341171628,0.3137196965406447,90.24285714285715,90.49955834723721,0.006672402148800233
17,0.690065645147115,0.3194207396447058,0.3134802107013205,90.24285714285715,90.49955834723721,0.006672402148800233
18,0.6620709490962327,0.31910652586050137,0.3130178606945622,90.24285714285715,90.49955834723721,0.006672402148800233
19,0.6605387181043625,0.3184585408652862,0.31210783209628906,90.24285714285715,90.49955834723721,0.006672402148800233
