,times,train_loss,test_loss,train_acc,test_acc,eta
0,0.6220106789842248,0.4251943378625448,0.42283777505218373,90.24285714285715,90.49955834723721,0.023979370012757645
1,0.677114930935204,0.3219034538311183,0.31674878518125654,90.24285714285715,90.49955834723721,0.023979370012757645
2,0.6985823810100555,0.31971817545739617,0.3140367868836764,90.24285714285715,90.49955834723721,0.023979370012757645
3,0.7005179449915886,0.3197097979154184,0.31399789336986156,90.24285714285715,90.49955834723721,0.023979370012757645
4,0.6641401881352067,0.3197079421525776,0.313994017153074,90.24285714285715,90.49955834723721,0.023979370012757645
5,0.5905027817934752,0.31969561453147677,0.3139659981261757,90.24285714285715,90.49955834723721,0.023979370012757645
6,0.6304269279353321,0.3195874263448872,0.3137990655605114,90.24285714285715,90.49955834723721,0.023979370012757645
7,0.5993678481318057,0.31890605292042157,0.31290756950012427,90.24285714285715,90.49955834723721,0.023979370012757645
8,0.6366589418612421,0.31470394386547446,0.30769298333349276,90.24285714285715,90.49955834723721,0.023979370012757645
9,0.6700808452442288,0.29743633739328784,0.28448353310985164,90.24285714285715,90.49955834723721,0.023979370012757645
10,0.6901977453380823,0.2805385763869227,0.2531177902400003,90.30571428571429,90.54426887383998,0.023979370012757645
11,0.683466434944421,0.2795092851306857,0.25065549290407846,90.34,90.52791136410727,0.023979370012757645
12,0.6387106878682971,0.27948827487530664,0.25079115540456687,90.34571428571428,90.54317837319113,0.023979370012757645
13,0.5941874380223453,0.2794854940390701,0.25082857496607286,90.34571428571428,90.54535937448883,0.023979370012757645
14,0.6224840115755796,0.27948150417328727,0.25085627176687847,90.34857142857143,90.54535937448883,0.023979370012757645
15,0.6650544721633196,0.27942880970129513,0.25097586331417004,90.35428571428571,90.54754037578653,0.023979370012757645
16,0.649186905939132,0.27910255040486254,0.2510453865293902,90.35428571428571,90.54972137708423,0.023979370012757645
17,0.6460641552694142,0.27734164088644603,0.2502647993822246,90.38571428571429,90.5857078984962,0.023979370012757645
18,0.663214968983084,0.2739667860117752,0.24648359520398885,90.41142857142857,90.70130096727408,0.023979370012757645
19,0.6620677588507533,0.27304884003411095,0.24352920105144846,90.41142857142857,90.80162702696808,0.023979370012757645
