,times,train_loss,test_loss,train_acc,test_acc,eta
0,0.7934464761056006,0.3197068954985702,0.31399361039795964,90.24285714285715,90.49955834723721,1.113023760882849
1,0.9675110639072955,0.3196234120605022,0.3139000550963785,90.24285714285715,90.49955834723721,1.113023760882849
2,1.0410642242059112,0.3189377591916165,0.3131138619885573,90.24285714285715,90.49955834723721,1.113023760882849
3,0.849950754083693,0.27965460424379285,0.2479535933300896,90.4,90.59443190368698,1.113023760882849
4,0.7303504939191043,0.27689563772950215,0.24895665882717066,90.35142857142857,90.55626438097731,1.113023760882849
5,0.7253549979068339,0.27267419673029664,0.24205855682813557,90.4,90.75364499841878,1.113023760882849
6,0.7255741041153669,0.27215626151177874,0.24066005423990888,90.43714285714286,90.8158035354031,1.113023760882849
7,0.7296200897544622,0.27215162561515693,0.24081181330479345,90.43428571428572,90.79617452372383,1.113023760882849
8,0.7009299998171628,0.272151528548647,0.24083415037761258,90.43428571428572,90.79617452372383,1.113023760882849
9,0.7266591680236161,0.2721515228318865,0.24084768537732665,90.43428571428572,90.79835552502153,1.113023760882849
10,0.8263805820606649,0.2721515180603012,0.24085256671812316,90.43428571428572,90.79617452372383,1.113023760882849
11,0.7156701278872788,0.2721515180273765,0.24085280801593087,90.43428571428572,90.79617452372383,1.113023760882849
12,0.6738088559359312,inf,inf,9.465714285714284,9.498260651465088,1.113023760882849
13,0.8383576152846217,,,0.0,0.0,1.113023760882849
14,0.6998079093173146,,,0.0,0.0,1.113023760882849
15,0.7002040189690888,,,0.0,0.0,1.113023760882849
16,0.7237662547267973,,,0.0,0.0,1.113023760882849
17,0.7741250609979033,,,0.0,0.0,1.113023760882849
18,0.6947691231034696,,,0.0,0.0,1.113023760882849
19,0.6830447558313608,,,0.0,0.0,1.113023760882849
