,times,train_loss,test_loss,train_acc,test_acc,eta
0,10.029187714215368,5.353526333200139e+89,5.361004118979238e+89,0.0,0.0,1.1359751190652072
1,24.46747797727585,1.784650586427688e+173,1.787557496890069e+173,0.0,0.0,1.1359751190652072
2,24.434461484197527,4.4441082232111265e+256,4.4518331217525955e+256,0.0,0.0,1.1359751190652072
3,40.64276679418981,inf,inf,0.0,0.0,1.1359751190652072
4,23.063300034962595,inf,inf,0.0,0.0,1.1359751190652072
5,23.125462968368083,inf,inf,0.0,0.0,1.1359751190652072
6,23.130255963187665,inf,inf,0.0,0.0,1.1359751190652072
7,24.037880569696426,,,0.0,0.0,1.1359751190652072
8,37.09555885894224,,,0.0,0.0,1.1359751190652072
9,23.714402641169727,,,0.0,0.0,1.1359751190652072
10,23.127887931186706,,,0.0,0.0,1.1359751190652072
11,9.620448826812208,,,0.0,0.0,1.1359751190652072
12,24.75347809214145,,,0.0,0.0,1.1359751190652072
13,40.325220360886306,,,0.0,0.0,1.1359751190652072
14,10.075255167204887,,,0.0,0.0,1.1359751190652072
15,23.502497409004718,,,0.0,0.0,1.1359751190652072
16,23.743062733206898,,,0.0,0.0,1.1359751190652072
17,10.233545252121985,,,0.0,0.0,1.1359751190652072
18,53.03490926977247,,,0.0,0.0,1.1359751190652072
19,38.07170272292569,,,0.0,0.0,1.1359751190652072
