,times,train_loss,test_loss,train_acc,test_acc,eta
0,10.519205710850656,509.76284534620214,507.2493937744006,0.0,0.0,1.8949207063585727
1,37.53448969917372,378.5840590581958,374.2351197888653,0.0,0.0,1.8949207063585727
2,23.427905519027263,129.37813519506835,122.52747113275016,0.0,0.0,1.8949207063585727
3,10.050372288096696,72.60716117255534,69.96697560518751,0.0,0.0,1.8949207063585727
4,36.75813079997897,64.43037820787748,63.019768709662365,0.0,0.0,1.8949207063585727
5,24.843636984936893,61.47605945892774,60.27473160152586,0.0,0.0,1.8949207063585727
6,10.270795564167202,60.56362965458513,59.310584967759944,0.0,0.0,1.8949207063585727
7,36.91738262400031,58.28282318236712,57.20495003611088,0.0,0.0,1.8949207063585727
8,10.449052326846868,57.84519396014628,56.79054698217567,0.0,0.0,1.8949207063585727
9,10.081466943956912,57.53859002441347,56.50457823660409,0.0,0.0,1.8949207063585727
10,50.07300455495715,55.80232314555035,54.992103632600816,0.0,0.0,1.8949207063585727
11,37.04800817882642,55.23407557902152,54.5191859666378,0.0,0.0,1.8949207063585727
12,9.870647745672613,55.104456266285446,54.402579677834815,0.0,0.0,1.8949207063585727
13,9.724884856957942,54.99250102340437,54.29800374775271,0.0,0.0,1.8949207063585727
14,37.792625395115465,54.38755685804223,53.77145992340945,0.0,0.0,1.8949207063585727
15,10.431111850775778,54.32027434724095,53.70472298953592,0.0,0.0,1.8949207063585727
16,23.456211655400693,54.041795363205814,53.44812963766665,0.0,0.0,1.8949207063585727
17,24.37423529289663,53.80692883996773,53.23282939335312,0.0,0.0,1.8949207063585727
18,10.375123172067106,53.75989388374757,53.1895026005316,0.0,0.0,1.8949207063585727
19,9.96978512313217,53.714550760053115,53.14859122254129,0.0,0.0,1.8949207063585727
