,times,train_loss,test_loss,train_acc,test_acc,eta
0,33.85296182194725,,,0.0,0.0,0.6666666666666666
1,9.785321187227964,,,0.0,0.0,0.6666666666666666
2,23.343497666995972,,,0.0,0.0,0.6666666666666666
3,10.6047374419868,,,0.0,0.0,0.6666666666666666
4,76.58950849296525,,,0.0,0.0,0.6666666666666666
5,32.97873504180461,,,0.0,0.0,0.6666666666666666
6,22.69470044085756,,,0.0,0.0,0.6666666666666666
7,35.720093672163785,,,0.0,0.0,0.6666666666666666
8,10.248987029772252,,,0.0,0.0,0.6666666666666666
9,63.08276434382424,,,0.0,0.0,0.6666666666666666
10,11.157448987942189,,,0.0,0.0,0.6666666666666666
11,22.615491745062172,,,0.0,0.0,0.6666666666666666
12,22.890312956646085,,,0.0,0.0,0.6666666666666666
13,22.5077488347888,,,0.0,0.0,0.6666666666666666
14,49.44528394192457,,,0.0,0.0,0.6666666666666666
15,50.278980855830014,,,0.0,0.0,0.6666666666666666
16,37.10966156376526,,,0.0,0.0,0.6666666666666666
17,57.09547384083271,,,0.0,0.0,0.6666666666666666
18,9.927786278072745,,,0.0,0.0,0.6666666666666666
19,36.20713123586029,,,0.0,0.0,0.6666666666666666
