,times,train_loss,test_loss,train_acc,test_acc,eta
0,0.735699872020632,0.32035085270924035,0.31494316640144016,90.24285714285715,90.49955834723721,0.18566355334451112
1,0.6345605598762631,0.3197179171896078,0.31403522904750775,90.24285714285715,90.49955834723721,0.18566355334451112
2,0.6622777301818132,0.3197106913909076,0.31400082328073314,90.24285714285715,90.49955834723721,0.18566355334451112
3,0.6676161759532988,0.31970938539323346,0.3139965945373343,90.24285714285715,90.49955834723721,0.18566355334451112
4,0.6929972753860056,0.3197081416624893,0.31399491648908,90.24285714285715,90.49955834723721,0.18566355334451112
5,0.6856770976446569,0.31970689863092344,0.31399349559243744,90.24285714285715,90.49955834723721,0.18566355334451112
6,0.6850958033464849,0.31970565564402686,0.31399210133707,90.24285714285715,90.49955834723721,0.18566355334451112
7,0.6607917766086757,0.3197044126948871,0.3139907097963236,90.24285714285715,90.49955834723721,0.18566355334451112
8,0.6542385458014905,0.31970316978343677,0.3139893186374607,90.24285714285715,90.49955834723721,0.18566355334451112
9,0.6307469150051475,0.31970192690964305,0.3139879275369005,90.24285714285715,90.49955834723721,0.18566355334451112
10,0.8393537378869951,0.31970068407355645,0.3139865362583697,90.24285714285715,90.49955834723721,0.18566355334451112
11,0.8183580939657986,0.3196994412750999,0.3139851451021257,90.24285714285715,90.49955834723721,0.18566355334451112
12,0.6551107480190694,0.3196981985143197,0.3139837540466145,90.24285714285715,90.49955834723721,0.18566355334451112
13,0.6887263441458344,0.31969695579118734,0.31398236307927085,90.24285714285715,90.49955834723721,0.18566355334451112
14,0.7031349828466773,0.3196957131057102,0.3139809721179072,90.24285714285715,90.49955834723721,0.18566355334451112
15,0.6785858408547938,0.3196944704578812,0.3139795811483988,90.24285714285715,90.49955834723721,0.18566355334451112
16,0.8611974199302495,0.31969322784769416,0.3139781901943499,90.24285714285715,90.49955834723721,0.18566355334451112
17,0.6434685909189284,0.3196919852751589,0.3139767992622271,90.24285714285715,90.49955834723721,0.18566355334451112
18,0.665444009937346,0.3196907427403108,0.3139754084324736,90.24285714285715,90.49955834723721,0.18566355334451112
19,0.6900729569606483,0.31968950024306014,0.3139740177233616,90.24285714285715,90.49955834723721,0.18566355334451112
