,times,train_loss,test_loss,train_acc,test_acc,eta
0,0.6840335200540721,0.6150633278022519,0.6145332569086419,90.24285714285715,90.49955834723721,0.004
1,0.6741637620143592,0.5556111071213171,0.5546179241287714,90.24285714285715,90.49955834723721,0.004
2,0.7258907887153327,0.5100285503989791,0.5086294253544709,90.24285714285715,90.49955834723721,0.004
3,0.7456806190311909,0.47475170589966936,0.47299514857267416,90.24285714285715,90.49955834723721,0.004
4,0.6818368751555681,0.44716569583615995,0.4450928324777703,90.24285714285715,90.49955834723721,0.004
5,0.701012350153178,0.4253647069746739,0.4230104859815522,90.24285714285715,90.49955834723721,0.004
6,0.7043194328434765,0.40795792181906165,0.4053521704836644,90.24285714285715,90.49955834723721,0.004
7,0.7965803341940045,0.3939242365419225,0.39109254678482974,90.24285714285715,90.49955834723721,0.004
8,0.7180158733390272,0.38250753150707273,0.3794719885760171,90.24285714285715,90.49955834723721,0.004
9,0.7244690470397472,0.37314233288541443,0.3699221081995264,90.24285714285715,90.49955834723721,0.004
10,0.7183225969783962,0.3654013259074969,0.36201315770722187,90.24285714285715,90.49955834723721,0.004
11,0.7183205490000546,0.35895821066382205,0.35541679422437733,90.24285714285715,90.49955834723721,0.004
12,0.7164974282495677,0.3535612722128482,0.349879577085868,90.24285714285715,90.49955834723721,0.004
13,0.7568292119540274,0.3490144290111656,0.345203958560797,90.24285714285715,90.49955834723721,0.004
14,0.6710639609955251,0.34516351425128944,0.34123451852998493,90.24285714285715,90.49955834723721,0.004
15,0.6696330830454826,0.34188625318294447,0.33784790498768164,90.24285714285715,90.49955834723721,0.004
16,0.6672107698395848,0.3390848676808687,0.3349454086755359,90.24285714285715,90.49955834723721,0.004
17,0.6883590081706643,0.3366805675260201,0.3324474302787712,90.24285714285715,90.49955834723721,0.004
18,0.6231098831631243,0.3346094064729277,0.3302893170627609,90.24285714285715,90.49955834723721,0.004
19,0.6237446558661759,0.33281913822302694,0.32841820290554197,90.24285714285715,90.49955834723721,0.004
