,times,train_loss,test_loss,train_acc,test_acc,eta
0,0.7086142478510737,0.6899544466838811,0.6899341293375327,90.24285714285715,90.49955834723721,0.0001437525465521851
1,0.7298731943592429,0.6776331563797268,0.6775334506083397,90.24285714285715,90.49955834723721,0.0001437525465521851
2,0.7360352287068963,0.6657175377727907,0.6655395307512342,90.24285714285715,90.49955834723721,0.0001437525465521851
3,0.7616842472925782,0.6542518716773799,0.6539970084518695,90.24285714285715,90.49955834723721,0.0001437525465521851
4,0.8064436470158398,0.6432139217968263,0.6428836083090006,90.24285714285715,90.49955834723721,0.0001437525465521851
5,0.85067716287449,0.6325851801060035,0.6321807468445594,90.24285714285715,90.49955834723721,0.0001437525465521851
6,0.7820459417998791,0.622344808453659,0.6218675303114233,90.24285714285715,90.49955834723721,0.0001437525465521851
7,0.7674709828570485,0.612475975583174,0.6119271117554379,90.24285714285715,90.49955834723721,0.0001437525465521851
8,0.7748836809769273,0.6029600745040287,0.6023407743184552,90.24285714285715,90.49955834723721,0.0001437525465521851
9,0.780254009179771,0.5937836200271074,0.5930950752621681,90.24285714285715,90.49955834723721,0.0001437525465521851
10,0.7885171910747886,0.5849296224993781,0.5841729226078868,90.24285714285715,90.49955834723721,0.0001437525465521851
11,0.7793297450989485,0.5763859250631637,0.5755621541892159,90.24285714285715,90.49955834723721,0.0001437525465521851
12,0.7691774610430002,0.5681382930012844,0.5672484231221281,90.24285714285715,90.49955834723721,0.0001437525465521851
13,0.778287245426327,0.5601742465863838,0.5592192854498839,90.24285714285715,90.49955834723721,0.0001437525465521851
14,0.7761355629190803,0.5524820081635909,0.5514629072000676,90.24285714285715,90.49955834723721,0.0001437525465521851
15,0.7727205893024802,0.5450506440103355,0.5439683660909508,90.24285714285715,90.49955834723721,0.0001437525465521851
16,0.7534700282849371,0.537870267875668,0.5367257193386625,90.24285714285715,90.49955834723721,0.0001437525465521851
17,0.7537661921232939,0.5309304317562092,0.5297244956603137,90.24285714285715,90.49955834723721,0.0001437525465521851
18,0.7570254979655147,0.5242217880467528,0.522955357663124,90.24285714285715,90.49955834723721,0.0001437525465521851
19,0.8269910481758416,0.5177350892759854,0.5164089800128384,90.24285714285715,90.49955834723721,0.0001437525465521851
