,times,train_loss,test_loss,train_acc,test_acc,eta
0,0.7506400439888239,0.6542394466864133,0.6539844924543406,90.24285714285715,90.49955834723721,0.0018566355334451114
1,0.7572688111104071,0.5404230459151855,0.5393002141711503,90.24285714285715,90.49955834723721,0.0018566355334451114
2,0.7628411739133298,0.46744983269975565,0.4656128375123839,90.24285714285715,90.49955834723721,0.0018566355334451114
3,0.7734864759258926,0.41907084470551287,0.4166282791337368,90.24285714285715,90.49955834723721,0.0018566355334451114
4,0.7711914121173322,0.38640595730345495,0.3834417974378349,90.24285714285715,90.49955834723721,0.0018566355334451114
5,0.7784123183228076,0.3642156236629743,0.36079972120706644,90.24285714285715,90.49955834723721,0.0018566355334451114
6,0.7682863301597536,0.3491612065437149,0.3453545661548106,90.24285714285715,90.49955834723721,0.0018566355334451114
7,0.817486054264009,0.33900954384675897,0.33486677633528555,90.24285714285715,90.49955834723721,0.0018566355334451114
8,0.7727183951064944,0.3322273093366461,0.327797864191047,90.24285714285715,90.49955834723721,0.0018566355334451114
9,0.8185729179531336,0.32774526556860983,0.3230737082072054,90.24285714285715,90.49955834723721,0.0018566355334451114
10,0.9137717369012535,0.3248174910377533,0.3199435927212727,90.24285714285715,90.49955834723721,0.0018566355334451114
11,0.76975751016289,0.32292718148726,0.3178859412470139,90.24285714285715,90.49955834723721,0.0018566355334451114
12,0.7400377681478858,0.3217200311977915,0.3165417594379147,90.24285714285715,90.49955834723721,0.0018566355334451114
13,0.7315100631676614,0.3209568838249132,0.3156674313643589,90.24285714285715,90.49955834723721,0.0018566355334451114
14,0.7610092437826097,0.320478668690868,0.3150997192328836,90.24285714285715,90.49955834723721,0.0018566355334451114
15,0.8598530059680343,0.3201812536985741,0.3147307584661672,90.24285714285715,90.49955834723721,0.0018566355334451114
16,0.7384038669988513,0.31999742970308387,0.31449006778756233,90.24285714285715,90.49955834723721,0.0018566355334451114
17,0.7290041171945632,0.3198843632610465,0.3143320133484412,90.24285714285715,90.49955834723721,0.0018566355334451114
18,0.7291920781135559,0.31981506591627584,0.31422725431591586,90.24285714285715,90.49955834723721,0.0018566355334451114
19,0.7743484131060541,0.3197726749012661,0.3141569811009315,90.24285714285715,90.49955834723721,0.0018566355334451114
