,times,train_loss,test_loss,train_acc,test_acc,eta
0,0.7801266140304506,0.6922556168228031,0.692249953471539,90.24285714285715,90.49955834723721,4e-05
1,0.7289770958013833,0.688753767658941,0.6887257835078655,90.24285714285715,90.49955834723721,4e-05
2,0.7302514468319714,0.6852707780454059,0.6852204795011346,90.24285714285715,90.49955834723721,4e-05
3,0.7496230509132147,0.6818256511105696,0.6817531465321577,90.24285714285715,90.49955834723721,4e-05
4,0.74747802503407,0.6784176349590553,0.6783230537146407,90.24285714285715,90.49955834723721,4e-05
5,0.7586869611404836,0.6750464273281893,0.6749298713332759,90.24285714285715,90.49955834723721,4e-05
6,0.7683417783118784,0.671711483692994,0.6715730724320597,90.24285714285715,90.49955834723721,4e-05
7,0.8932619579136372,0.6684119968335375,0.6682518501334743,90.24285714285715,90.49955834723721,4e-05
8,0.7198748807422817,0.6651473902650131,0.6649656095683073,90.24285714285715,90.49955834723721,4e-05
9,0.7280031512491405,0.6619176970138084,0.6617144016512477,90.24285714285715,90.49955834723721,4e-05
10,0.7131859888322651,0.6587222737268268,0.6584975665776673,90.24285714285715,90.49955834723721,4e-05
11,0.738257025834173,0.655560540739877,0.6553145294051163,90.24285714285715,90.49955834723721,4e-05
12,0.8291215002536774,0.6524318607421379,0.6521646586789144,90.24285714285715,90.49955834723721,4e-05
13,0.744351337198168,0.6493362549290217,0.649047963741575,90.24285714285715,90.49955834723721,4e-05
14,0.7381343450397253,0.6462729371690251,0.645963659327832,90.24285714285715,90.49955834723721,4e-05
15,0.773551938124001,0.6432416706216013,0.6429115059311392,90.24285714285715,90.49955834723721,4e-05
16,0.8038186756893992,0.6402418471819253,0.6398908997775795,90.24285714285715,90.49955834723721,4e-05
17,0.7713397569023073,0.6372730567848913,0.6369014278891206,90.24285714285715,90.49955834723721,4e-05
18,0.7691351249814034,0.6343349512428216,0.6339427466330332,90.24285714285715,90.49955834723721,4e-05
19,0.7460627979598939,0.6314270481406756,0.6310143492372325,90.24285714285715,90.49955834723721,4e-05
