,times,train_loss,test_loss,train_acc,test_acc,eta
0,4.3595145447179675,,,0.0,0.0,0.8795442791215593
1,4.397814942058176,,,0.0,0.0,0.8795442791215593
2,6.746932466048747,,,0.0,0.0,0.8795442791215593
3,4.564007542096078,,,0.0,0.0,0.8795442791215593
4,4.365670992992818,,,0.0,0.0,0.8795442791215593
5,6.782227053306997,,,0.0,0.0,0.8795442791215593
6,6.784838403109461,,,0.0,0.0,0.8795442791215593
7,6.788570105098188,,,0.0,0.0,0.8795442791215593
8,2.5001041092909873,,,0.0,0.0,0.8795442791215593
9,2.034553470555693,,,0.0,0.0,0.8795442791215593
10,2.0284035662189126,,,0.0,0.0,0.8795442791215593
11,2.4442300624214113,,,0.0,0.0,0.8795442791215593
12,1.9874540697783232,,,0.0,0.0,0.8795442791215593
13,1.9907101388089359,,,0.0,0.0,0.8795442791215593
14,4.406003355048597,,,0.0,0.0,0.8795442791215593
15,9.673623547889292,,,0.0,0.0,0.8795442791215593
16,2.0464887390844524,,,0.0,0.0,0.8795442791215593
17,2.065834346693009,,,0.0,0.0,0.8795442791215593
18,4.531058969907463,,,0.0,0.0,0.8795442791215593
19,2.0204145186580718,,,0.0,0.0,0.8795442791215593
