,times,train_loss,test_loss,train_acc,test_acc,eta
0,4.265571291092783,0.386102931141091,0.39157599041007574,0.0,0.0,1.8949207063585731
1,1.9448772920295596,0.37791698662282464,0.3834583194809499,0.0,0.0,1.8949207063585731
2,1.923327773809433,0.3756961714407581,0.3810115075070627,0.0,0.0,1.8949207063585731
3,8.982057174202055,0.3746827917192435,0.37897560066438096,0.0,0.0,1.8949207063585731
4,4.272072348278016,0.3708044376330372,0.37542045793185175,0.0,0.0,1.8949207063585731
5,8.969764354638755,0.3674313936562163,0.37247087107557036,0.0,0.0,1.8949207063585731
6,1.9101143646985292,0.3670409637380138,0.3720869646703198,0.0,0.0,1.8949207063585731
7,4.286539284978062,0.3662843544397221,0.3714398656825858,0.0,0.0,1.8949207063585731
8,4.266434140969068,0.3658057701209333,0.37104821498542734,0.0,0.0,1.8949207063585731
9,6.628335815854371,0.3652048339208494,0.3705424505317555,0.0,0.0,1.8949207063585731
10,6.607595340814441,0.36477797486976854,0.37016905010141377,0.0,0.0,1.8949207063585731
11,6.627774202264845,0.36445108408484167,0.36987501753192836,0.0,0.0,1.8949207063585731
12,4.157558970153332,0.3642538059891276,0.3697069813255447,0.0,0.0,1.8949207063585731
13,3.9857551250606775,0.3641076996544588,0.3695882914534977,0.0,0.0,1.8949207063585731
14,3.9605728089809418,0.3639607792029593,0.36948463469583903,0.0,0.0,1.8949207063585731
15,6.096791274379939,0.3637461586123433,0.36934354497285604,0.0,0.0,1.8949207063585731
16,3.998237136285752,0.36362587958986864,0.3692723293226507,0.0,0.0,1.8949207063585731
17,4.018808600027114,0.3635134192160874,0.36920502465020943,0.0,0.0,1.8949207063585731
18,4.075385934207588,0.363394115435199,0.3691384369444411,0.0,0.0,1.8949207063585731
19,1.980941915884614,0.363366790373406,0.3691227947047401,0.0,0.0,1.8949207063585731
