,times,train_loss,test_loss,train_acc,test_acc,eta
0,0.7932244893163443,0.5735664131492325,0.5727198850828549,90.24285714285715,90.49955834723721,0.006672402148800233
1,0.790275065228343,0.38831437709405303,0.38538524188268924,90.24285714285715,90.49955834723721,0.006672402148800233
2,0.7736853319220245,0.3377506400736028,0.3335602427631488,90.24285714285715,90.49955834723721,0.006672402148800233
3,0.7756393849849701,0.32382674867157485,0.31887068643590083,90.24285714285715,90.49955834723721,0.006672402148800233
4,1.0615441901609302,0.32052167899237843,0.31515185297313797,90.24285714285715,90.49955834723721,0.006672402148800233
5,0.8506240709684789,0.3198551522975593,0.31428811318864125,90.24285714285715,90.49955834723721,0.006672402148800233
6,0.7947873710654676,0.31973513595825304,0.3140820365112385,90.24285714285715,90.49955834723721,0.006672402148800233
7,0.790601019281894,0.31971440361761144,0.31402538845038247,90.24285714285715,90.49955834723721,0.006672402148800233
8,0.7798238745890558,0.3197104569769209,0.3140065004447925,90.24285714285715,90.49955834723721,0.006672402148800233
9,0.8050043019466102,0.3197092266812968,0.31399844498160306,90.24285714285715,90.49955834723721,0.006672402148800233
10,0.8186248089186847,0.3197082691363162,0.31399284034450675,90.24285714285715,90.49955834723721,0.006672402148800233
11,0.7566906879656017,0.319706616300086,0.3139852376943907,90.24285714285715,90.49955834723721,0.006672402148800233
12,0.7537388340570033,0.3197029458385396,0.3139722988184235,90.24285714285715,90.49955834723721,0.006672402148800233
13,0.7512156730517745,0.31969515314348584,0.31395046801172394,90.24285714285715,90.49955834723721,0.006672402148800233
14,0.7541763088665903,0.31967877397488975,0.31391259138065253,90.24285714285715,90.49955834723721,0.006672402148800233
15,0.765255228150636,0.3196444896468333,0.3138451245201636,90.24285714285715,90.49955834723721,0.006672402148800233
16,0.8165300092659891,0.31957216890508866,0.313719554942214,90.24285714285715,90.49955834723721,0.006672402148800233
17,0.7573185008950531,0.31942053634561196,0.31348037653231575,90.24285714285715,90.49955834723721,0.006672402148800233
18,0.7538237292319536,0.3191045540337519,0.31301437113959457,90.24285714285715,90.49955834723721,0.006672402148800233
19,0.7507053450681269,0.31846310713310133,0.31211330127235604,90.24285714285715,90.49955834723721,0.006672402148800233
