,times,train_loss,test_loss,train_acc,test_acc,eta
0,0.6940525420941412,0.6899544467361453,0.6899341293894093,90.24285714285715,90.49955834723721,0.0001437525465521851
1,0.7067711097188294,0.6776336958401971,0.6775340224449367,90.24285714285715,90.49955834723721,0.0001437525465521851
2,0.7111522043123841,0.6657176959831148,0.665539732106661,90.24285714285715,90.49955834723721,0.0001437525465521851
3,0.7009247443638742,0.6542520212123268,0.6539972387671772,90.24285714285715,90.49955834723721,0.0001437525465521851
4,0.7206885679624975,0.6432149569514795,0.6428847260019808,90.24285714285715,90.49955834723721,0.0001437525465521851
5,0.7746967673301697,0.6325854325696938,0.6321811100636545,90.24285714285715,90.49955834723721,0.0001437525465521851
6,0.726025344338268,0.6223446090845476,0.6218674348811501,90.24285714285715,90.49955834723721,0.0001437525465521851
7,0.7423661346547306,0.612475144512436,0.6119263610727856,90.24285714285715,90.49955834723721,0.0001437525465521851
8,0.7378581520169973,0.6029597696169082,0.6023405626053071,90.24285714285715,90.49955834723721,0.0001437525465521851
9,0.740794715937227,0.5937824730717131,0.593093999471268,90.24285714285715,90.49955834723721,0.0001437525465521851
10,0.7701920326799154,0.5849283230427853,0.584171654312805,90.24285714285715,90.49955834723721,0.0001437525465521851
11,0.7469439669512212,0.5763843101600195,0.575560522363891,90.24285714285715,90.49955834723721,0.0001437525465521851
12,0.7588728950358927,0.568136109240074,0.5672462062893702,90.24285714285715,90.49955834723721,0.0001437525465521851
13,0.7604884221218526,0.5601721744352414,0.5592171469602091,90.24285714285715,90.49955834723721,0.0001437525465521851
14,0.7602802906185389,0.5524797283403544,0.5514605229730689,90.24285714285715,90.49955834723721,0.0001437525465521851
15,0.7650043508037925,0.5450485032003066,0.5439660568929584,90.24285714285715,90.49955834723721,0.0001437525465521851
16,0.7588427602313459,0.5378680339657882,0.5367232583636906,90.24285714285715,90.49955834723721,0.0001437525465521851
17,0.7583421808667481,0.5309276201023208,0.5297213833828217,90.24285714285715,90.49955834723721,0.0001437525465521851
18,0.7778085060417652,0.5242188293335788,0.522952022796493,90.24285714285715,90.49955834723721,0.0001437525465521851
19,0.8572171740233898,0.5177324069519498,0.516405840524475,90.24285714285715,90.49955834723721,0.0001437525465521851
