,times,train_loss,test_loss,train_acc,test_acc,eta
0,0.23683947790414095,0.07377663160319997,0.09171417788108206,97.86505782495203,96.75010372009405,400.0
1,0.2340686758980155,0.04982151117082877,0.0745689703205234,98.84695835566235,97.3378509196515,400.0
2,0.23645562259480357,0.041632096220193295,0.07091683783747002,99.16158141303784,97.43465634075508,400.0
3,0.24143066303804517,0.03693133705729096,0.06941601423364482,99.31370684737324,97.42082699488314,400.0
4,0.24203114956617355,0.03381917859829594,0.06857321620330249,99.39668435701074,97.42082699488314,400.0
5,0.2377194231376052,0.03159719816070375,0.06819348975601716,99.44681660241672,97.4069976490112,400.0
6,0.24175627622753382,0.029941273230167677,0.06809499696302096,99.49349145158781,97.41391232194717,400.0
7,0.23493188619613647,0.02866864154434808,0.0681160526752773,99.51769322523208,97.44848568662702,400.0
8,0.23890389455482364,0.02766583149043455,0.0682251041308621,99.55053848946359,97.45540035956299,400.0
9,0.2348040142096579,0.026862057582056113,0.06839194222190596,99.57301156499041,97.48305905130687,400.0
10,0.24416040210053325,0.026208147721092676,0.06860715805147323,99.58684114992998,97.4761443783709,400.0
11,0.2390930843539536,0.02566972685969561,0.06883760545800839,99.59894203675212,97.46922970543493,400.0
12,0.2432391382753849,0.02522261040331982,0.06905527439106121,99.6162290179266,97.45540035956299,400.0
13,0.23850389709696174,0.024847865392482425,0.06928621196158898,99.62487250851383,97.44157101369105,400.0
14,0.23467415012419224,0.02453132089116293,0.06950903784930011,99.63870209345342,97.42082699488314,400.0
15,0.23559809336438775,0.02426229524272298,0.06973744276663509,99.64734558404066,97.41391232194717,400.0
16,0.23507053731009364,0.024032130139648576,0.06995416058640967,99.6559890746279,97.4069976490112,400.0
17,0.23741169599816203,0.023834110713355453,0.07017918538018811,99.66117516898024,97.40008297607523,400.0
18,0.2674031676724553,0.02366325378184366,0.07038136850418454,99.66636126333259,97.4069976490112,400.0
19,0.23390968330204487,0.023515063123853635,0.07059269207907827,99.66981865956748,97.39316830313926,400.0
