,times,train_loss,test_loss,train_acc,test_acc,eta
0,32.89621225325391,181.07863942755435,172.86553840944956,0.0,0.0,2.4473842035271822
1,37.803456456866115,166.66243353469875,164.25512976862942,0.0,0.0,2.4473842035271822
2,41.676595403347164,81.36281274625104,78.52916636484602,0.0,0.0,2.4473842035271822
3,36.95672159316018,76.0184412673234,73.91567968401883,0.0,0.0,2.4473842035271822
4,23.47518274001777,67.27028069020449,65.6024567615437,0.0,0.0,2.4473842035271822
5,23.21335110301152,63.175412616994905,61.72095771238189,0.0,0.0,2.4473842035271822
6,38.86915049701929,62.21401349191316,60.76517869004332,0.0,0.0,2.4473842035271822
7,24.66476178308949,60.13316131360639,58.85266510836562,0.0,0.0,2.4473842035271822
8,10.561837618239224,59.72425751200388,58.4415399544479,0.0,0.0,2.4473842035271822
9,66.42692250898108,57.882350272170356,56.902852200750814,0.0,0.0,2.4473842035271822
10,31.53537019621581,57.11677073003773,56.19933860477396,0.0,0.0,2.4473842035271822
11,24.061110713053495,56.298884787181265,55.43695392508105,0.0,0.0,2.4473842035271822
12,10.46245067473501,56.14529141541845,55.29324881109746,0.0,0.0,2.4473842035271822
13,44.145614488981664,56.017651834145745,55.176856047866934,0.0,0.0,2.4473842035271822
14,37.77719735214487,55.255629653814644,54.51895803888821,0.0,0.0,2.4473842035271822
15,24.498612517956644,54.956321341509394,54.26568081416265,0.0,0.0,2.4473842035271822
16,10.620333148166537,54.85549918578485,54.17319834606628,0.0,0.0,2.4473842035271822
17,26.081273975782096,54.52814716679448,53.89255771929944,0.0,0.0,2.4473842035271822
18,39.044353974983096,54.11280279434176,53.54441343467377,0.0,0.0,2.4473842035271822
19,36.97036668704823,53.83671631983945,53.30850950083648,0.0,0.0,2.4473842035271822
