,times,train_loss,test_loss,train_acc,test_acc,eta
0,0.22424349281936884,0.43049079489244263,0.43089209687050756,87.90084187598319,87.79560226801273,2.397937001275765
1,0.22592278011143208,0.34687442965663356,0.34767778876988215,90.79986861894308,90.9279491080072,2.397937001275765
2,0.22083756607025862,0.3011892535360017,0.30237690162286696,92.28309160371325,92.51832388328032,2.397937001275765
3,0.22252653911709785,0.2713328196533819,0.2728647838914243,93.30820958735976,93.50712211312405,2.397937001275765
4,0.22806372167542577,0.249842219976712,0.25168911083190243,93.94091309834563,94.12944267736137,2.397937001275765
5,0.22469553584232926,0.23339041070238314,0.2355319674655895,94.36271543900288,94.46134697828792,2.397937001275765
6,0.22391826612874866,0.2202562658941184,0.222676015455365,94.71709855307968,94.7655925874706,2.397937001275765
7,0.22729717288166285,0.20943869078263544,0.212124553950614,95.00579113869345,94.93154473793389,2.397937001275765
8,0.22110554995015264,0.20032340473452612,0.2032637379158036,95.23743668643145,95.07675286958927,2.397937001275765
9,0.22047754796221852,0.1924972362984908,0.19568203959932087,95.42240738499835,95.14589959894897,2.397937001275765
10,0.2200328973121941,0.1856782744509076,0.18909837530879242,95.55724583815928,95.33951044115614,2.397937001275765
11,0.22451055329293013,0.17966400029107626,0.18331072228979164,95.68344080073297,95.50546259161942,2.397937001275765
12,0.22487538261339068,0.17430475694544176,0.1781701307731147,95.79234878213218,95.56077997510718,2.397937001275765
13,0.22676898399367929,0.16948705682400309,0.17356406091027918,95.8874271785918,95.61609735859494,2.397937001275765
14,0.22630452504381537,0.16512363989870207,0.1694052921485056,95.99806385810845,95.70598810676255,2.397937001275765
15,0.2259160508401692,0.16114624673500444,0.16562632169559438,96.08104136774595,95.76822016318629,2.397937001275765
16,0.22764509404078126,0.15749945134516272,0.16217203869438704,96.18303455667537,95.83045221961001,2.397937001275765
17,0.22472981875762343,0.15413859359883378,0.15899829690293615,96.26428336819541,95.93417231364957,2.397937001275765
18,0.22123003285378218,0.1510274774783276,0.15606943714599741,96.33688868912822,95.96874567832941,2.397937001275765
19,0.22500757686793804,0.14813559925473047,0.15335515536385483,96.40603661382613,96.01023371594523,2.397937001275765
