,times,train_loss,test_loss,train_acc,test_acc,eta
0,0.22453193925321102,0.282000499223815,0.28332666924020194,92.86566286929313,93.09224173696585,8.617738760127532
1,0.23211966222152114,0.21800437334607675,0.22046823214755384,94.7689594966031,94.79325127921449,8.617738760127532
2,0.22842554794624448,0.18706324035821947,0.1904272446567356,95.53304406451501,95.31185174941226,8.617738760127532
3,0.2221315260976553,0.16778179416803413,0.171933193348349,95.92545853717566,95.62992670446688,8.617738760127532
4,0.22577905794605613,0.1542271612665565,0.15907857400912861,96.26255467007796,95.91342829484165,8.617738760127532
5,0.2229868550784886,0.143989207523576,0.14947861884497418,96.5063011046381,96.065551099433,8.617738760127532
6,0.2244999473914504,0.13587415056115693,0.141948507707714,96.69645789755735,96.19001521228046,8.617738760127532
7,0.22614646330475807,0.12922506070274983,0.13583986615834243,96.83475374695317,96.23841792283226,8.617738760127532
8,0.23021022463217378,0.12363367777400636,0.1307563019708376,96.95749131329195,96.3213939980639,8.617738760127532
9,0.2248411918990314,0.11883776350041177,0.12643929354580374,97.05602710598649,96.43202876503942,8.617738760127532
10,0.22222908399999142,0.11465747517964608,0.12271291797869287,97.13727591750653,96.45277278384732,8.617738760127532
11,0.22174778394401073,0.11096631111439584,0.11945563756918474,97.22198212526146,96.53574885907896,8.617738760127532
12,0.22123923664912581,0.10767165023530634,0.11657479387792179,97.28940135184193,96.63255428018255,8.617738760127532
13,0.2185929217375815,0.1047033749852315,0.11400449689532074,97.35854927653983,96.6671276448624,8.617738760127532
14,0.22599427308887243,0.10200895823774982,0.111693067337685,97.43288329559009,96.70170100954225,8.617738760127532
15,0.2234353432431817,0.09954602280939723,0.10960051947598687,97.4951164278182,96.76393306596599,8.617738760127532
16,0.22999959718436003,0.0972819488043641,0.10769456777569017,97.55043476757653,96.81233577651777,8.617738760127532
17,0.2207898087799549,0.09518979958309728,0.10594951139080261,97.60056701298252,96.87456783294151,8.617738760127532
18,0.22509314585477114,0.09324757381316076,0.10434398393004418,97.6576140508583,96.90222652468539,8.617738760127532
19,0.2226811032742262,0.091437312967325,0.1028612306676133,97.6870019188549,96.90222652468539,8.617738760127532
