,times,train_loss,test_loss,train_acc,test_acc,eta
0,0.2267117016017437,0.4566775651672423,0.4570195374034354,86.81176206199112,86.77914534642511,1.9260209772374803
1,0.24183106096461415,0.3728385739288365,0.3734895315153899,89.90613169222259,89.87691882173974,1.9260209772374803
2,0.23631552513688803,0.3253954799952613,0.3263697370930689,91.51727833768389,91.79919789793942,1.9260209772374803
3,0.23819778207689524,0.29386167396177304,0.2951315610766129,92.51992324580358,92.78799612778316,1.9260209772374803
4,0.2319762408733368,0.2709393225653518,0.27247992448608566,93.32549656853423,93.52786613193196,1.9260209772374803
5,0.23303073504939675,0.2532942968429269,0.2550888070771411,93.84410600376856,94.03263725625777,1.9260209772374803
6,0.23272287100553513,0.23915131347768548,0.24118665366347034,94.2296056839594,94.36454155718434,1.9260209772374803
7,0.24046781472861767,0.2274744180038615,0.22973953081434084,94.50446868463361,94.58581109113538,1.9260209772374803
8,0.23935461090877652,0.217613117656828,0.22009864024005354,94.79316127024738,94.82782464389435,1.9260209772374803
9,0.2392787798307836,0.20913316698826195,0.21183149782327523,95.01443462928069,94.94537408380583,1.9260209772374803
10,0.23664629692211747,0.20173628169721816,0.20463929822982072,95.20804881843483,95.04217950490941,1.9260209772374803
11,0.23362621571868658,0.19520609848973325,0.1983075006867373,95.37054644147493,95.11824090720509,1.9260209772374803
12,0.23496586922556162,0.18938304874103196,0.1926763573320106,95.48118312099157,95.21504632830867,1.9260209772374803
13,0.23996867192909122,0.1841452694410247,0.18762461061263214,95.5762615174512,95.38099847877196,1.9260209772374803
14,0.23559296363964677,0.17939938331070213,0.18305956393673548,95.69899908379,95.50546259161942,1.9260209772374803
15,0.2335352092050016,0.17507162589340441,0.17890764596970038,95.7785191971926,95.5538653021712,1.9260209772374803
16,0.23624951392412186,0.17110238709922487,0.1751093342586093,95.85976800871263,95.602268012723,1.9260209772374803
17,0.23764091078191996,0.1674440229949638,0.17161746239863454,95.94274551835014,95.65758539621076,1.9260209772374803
18,0.23571748472750187,0.1640571295027573,0.1683929310932841,96.01880823551784,95.71290277969852,1.9260209772374803
19,0.2364625809714198,0.16090870066886148,0.165402872190242,96.0862274620983,95.76130549025031,1.9260209772374803
