,times,train_loss,test_loss,train_acc,test_acc,eta
0,13.197603769600391,,,0.0,0.0,1.1359751190652072
1,6.022987970151007,,,0.0,0.0,1.1359751190652072
2,27.673496393486857,,,0.0,0.0,1.1359751190652072
3,20.02402491029352,,,0.0,0.0,1.1359751190652072
4,13.463111767545342,,,0.0,0.0,1.1359751190652072
5,20.620542090386152,,,0.0,0.0,1.1359751190652072
6,6.242233513854444,,,0.0,0.0,1.1359751190652072
7,6.09927212074399,,,0.0,0.0,1.1359751190652072
8,13.483519255183637,,,0.0,0.0,1.1359751190652072
9,27.70379093848169,,,0.0,0.0,1.1359751190652072
10,13.452800253406167,,,0.0,0.0,1.1359751190652072
11,13.447771810926497,,,0.0,0.0,1.1359751190652072
12,6.250414145179093,,,0.0,0.0,1.1359751190652072
13,13.326108521781862,,,0.0,0.0,1.1359751190652072
14,6.249448732472956,,,0.0,0.0,1.1359751190652072
15,13.343474767170846,,,0.0,0.0,1.1359751190652072
16,6.230330455116928,,,0.0,0.0,1.1359751190652072
17,13.291170060634613,,,0.0,0.0,1.1359751190652072
18,20.569372632540762,,,0.0,0.0,1.1359751190652072
19,6.1071986714378,,,0.0,0.0,1.1359751190652072
