,times,train_loss,test_loss,train_acc,test_acc,eta
0,13.45507874712348,,,0.0,0.0,0.8795442791215591
1,6.157104699872434,,,0.0,0.0,0.8795442791215591
2,6.2977725602686405,,,0.0,0.0,0.8795442791215591
3,13.273613391444087,,,0.0,0.0,0.8795442791215591
4,13.485287454910576,,,0.0,0.0,0.8795442791215591
5,13.121586226858199,,,0.0,0.0,0.8795442791215591
6,6.194646487943828,,,0.0,0.0,0.8795442791215591
7,34.36390361748636,,,0.0,0.0,0.8795442791215591
8,6.2507712403312325,,,0.0,0.0,0.8795442791215591
9,13.367079731076956,,,0.0,0.0,0.8795442791215591
10,13.446493061259389,,,0.0,0.0,0.8795442791215591
11,20.067547457292676,,,0.0,0.0,0.8795442791215591
12,6.155766634270549,,,0.0,0.0,0.8795442791215591
13,6.1437126491218805,,,0.0,0.0,0.8795442791215591
14,12.80536343716085,,,0.0,0.0,0.8795442791215591
15,12.756187756545842,,,0.0,0.0,0.8795442791215591
16,13.17305688932538,,,0.0,0.0,0.8795442791215591
17,13.11401604488492,,,0.0,0.0,0.8795442791215591
18,20.2309814048931,,,0.0,0.0,0.8795442791215591
19,20.157486186362803,,,0.0,0.0,0.8795442791215591
