,times,train_loss,test_loss,train_acc,test_acc,eta
0,0.6740817432291806,0.19990891817457412,0.19674679749751925,0.0,0.0,1.8949207063585727
1,0.9972393070347607,0.19967420757101692,0.19038355562974826,0.0,0.0,1.8949207063585727
2,1.2584509062580764,0.19954594818158253,0.19110105956606205,0.0,0.0,1.8949207063585727
3,0.675262879114598,0.19947885175158225,0.19101603036561207,0.0,0.0,1.8949207063585727
4,1.1797751397825778,0.1993116601281433,0.19090392815046447,0.0,0.0,1.8949207063585727
5,0.4048809539526701,0.1992795128530187,0.190895285363842,0.0,0.0,1.8949207063585727
6,0.6668669111095369,0.19917717396224385,0.19080688679818827,0.0,0.0,1.8949207063585727
7,0.6945411884225905,0.19906656315224652,0.19072707512584633,0.0,0.0,1.8949207063585727
8,1.0527988537214696,0.19890634810705507,0.19059757249846915,0.0,0.0,1.8949207063585727
9,0.4751940220594406,0.19887452314039744,0.19059353589679584,0.0,0.0,1.8949207063585727
10,0.7654374851845205,0.19874456683980357,0.19049173303659084,0.0,0.0,1.8949207063585727
11,0.7466133767738938,0.19861396224995467,0.190360352045103,0.0,0.0,1.8949207063585727
12,0.6524848751723766,0.1985004172775593,0.1902750603372494,0.0,0.0,1.8949207063585727
13,0.6995175611227751,0.19837508677953777,0.190184420917119,0.0,0.0,1.8949207063585727
14,0.6938691479153931,0.198246724191072,0.1900770333492921,0.0,0.0,1.8949207063585727
15,0.47080190386623144,0.19821540965916482,0.19003531988841196,0.0,0.0,1.8949207063585727
16,0.42010306380689144,0.19818412990480447,0.1900922254046683,0.0,0.0,1.8949207063585727
17,0.4667498650960624,0.19815286424993053,0.19000313424226387,0.0,0.0,1.8949207063585727
18,0.9351839832961559,0.1978498264311446,0.18982613989375358,0.0,0.0,1.8949207063585727
19,0.8049604408442974,0.19770284154698162,0.18970500331031376,0.0,0.0,1.8949207063585727
