,times,train_loss,test_loss,train_acc,test_acc,eta
0,0.7656236300244927,0.1997848703521505,0.19131702745216816,0.0,0.0,3.1609182482282496
1,0.39306899486109614,0.19977183190733114,0.19131181010443907,0.0,0.0,3.1609182482282496
2,0.4327590591274202,0.19975882606085674,0.19128296604878486,0.0,0.0,3.1609182482282496
3,0.4323532129637897,0.19974577287058956,0.19122927971112036,0.0,0.0,3.1609182482282496
4,0.4013683698140085,0.19973267454787352,0.19123627169147275,0.0,0.0,3.1609182482282496
5,0.44248229218646884,0.1997195125666259,0.19121997712976038,0.0,0.0,3.1609182482282496
6,0.6481669931672513,0.1996350696558292,0.19115813227540465,0.0,0.0,3.1609182482282496
7,0.9212524751201272,0.19949770719507204,0.19104685334514257,0.0,0.0,3.1609182482282496
8,0.3696327181532979,0.19948475171767005,0.19104309089732555,0.0,0.0,3.1609182482282496
9,0.6585213001817465,0.1994007737306623,0.19097933358960878,0.0,0.0,3.1609182482282496
10,0.42694283183664083,0.19938785062681158,0.19096202025087647,0.0,0.0,3.1609182482282496
11,1.0381857403554022,0.19930060771069721,0.19089378811032823,0.0,0.0,3.1609182482282496
12,0.7346336017362773,0.19921086113249345,0.19083170770140928,0.0,0.0,3.1609182482282496
13,0.4478436098434031,0.19919799859201426,0.1908273247882587,0.0,0.0,3.1609182482282496
14,0.43708118284121156,0.19918514202095158,0.19081131474498048,0.0,0.0,3.1609182482282496
15,0.7226212848909199,0.19908062560530307,0.19072742410265683,0.0,0.0,3.1609182482282496
16,1.4570350660942495,0.19880690966196418,0.19051959186982662,0.0,0.0,3.1609182482282496
17,0.6854840819723904,0.19874625281794348,0.1904760145202328,0.0,0.0,3.1609182482282496
18,0.7130477549508214,0.19867831745977493,0.19042680260229783,0.0,0.0,3.1609182482282496
19,0.9497223286889493,0.19856476292414035,0.19033702573941902,0.0,0.0,3.1609182482282496
