,times,train_loss,test_loss,train_acc,test_acc,eta
0,0.9853235380724072,9.403975968120704e+190,9.40455719324867e+190,0.0,0.0,0.6666666666666666
1,1.3859397619962692,inf,inf,0.0,0.0,0.6666666666666666
2,0.5328565002419055,inf,inf,0.0,0.0,0.6666666666666666
3,0.7245710110291839,,,0.0,0.0,0.6666666666666666
4,0.5259317560121417,,,0.0,0.0,0.6666666666666666
5,1.9179310011677444,,,0.0,0.0,0.6666666666666666
6,2.300819086842239,,,0.0,0.0,0.6666666666666666
7,0.9449825179763138,,,0.0,0.0,0.6666666666666666
8,0.6561160762794316,,,0.0,0.0,0.6666666666666666
9,1.0574098536744714,,,0.0,0.0,0.6666666666666666
10,0.3936950177885592,,,0.0,0.0,0.6666666666666666
11,1.2945266030728817,,,0.0,0.0,0.6666666666666666
12,0.4183994857594371,,,0.0,0.0,0.6666666666666666
13,0.966869194060564,,,0.0,0.0,0.6666666666666666
14,0.7681565461680293,,,0.0,0.0,0.6666666666666666
15,0.4597459207288921,,,0.0,0.0,0.6666666666666666
16,0.9402789720334113,,,0.0,0.0,0.6666666666666666
17,0.6567064039409161,,,0.0,0.0,0.6666666666666666
18,0.4337446466088295,,,0.0,0.0,0.6666666666666666
19,0.7285879203118384,,,0.0,0.0,0.6666666666666666
