,times,train_loss,test_loss,train_acc,test_acc,eta
0,0.5765380128286779,6.023452232501454,7.0591681344378365,0.0,0.0,0.00046415888336127784
1,0.6981399678625166,5.692571247949378,6.698178214119346,0.0,0.0,0.00046415888336127784
2,0.7266971180215478,5.3804669345549065,6.3568312104056135,0.0,0.0,0.00046415888336127784
3,0.7708991812542081,5.086082699860178,6.034046374795294,0.0,0.0,0.00046415888336127784
4,0.815213677007705,4.808448332625179,5.728832834203181,0.0,0.0,0.00046415888336127784
5,0.8567275991663337,4.546588800190809,5.440189549343924,0.0,0.0,0.00046415888336127784
6,0.9100751299411058,4.299624990817741,5.167216281717331,0.0,0.0,0.00046415888336127784
7,0.9736163672059774,4.0666690026129535,4.90899835155174,0.0,0.0,0.00046415888336127784
8,1.026162728201598,3.8469485611540897,4.664744482911798,0.0,0.0,0.00046415888336127784
9,1.0868455991148949,3.639720107096125,4.433690986388207,0.0,0.0,0.00046415888336127784
10,1.1217270870693028,3.444266301114408,4.215099272563452,0.0,0.0,0.00046415888336127784
11,1.1368527193553746,3.2599068831631697,4.008267843326944,0.0,0.0,0.00046415888336127784
12,1.132841382175684,3.0860298874271948,3.812567797113546,0.0,0.0,0.00046415888336127784
13,1.1301433159969747,2.922036377076,3.6273811132722216,0.0,0.0,0.00046415888336127784
14,1.137389097828418,2.767373861442729,3.452138357323794,0.0,0.0,0.00046415888336127784
15,1.1419986309483647,2.621488282783509,3.2862645742937078,0.0,0.0,0.00046415888336127784
16,1.1390403653495014,2.483872544229778,3.1292343269826617,0.0,0.0,0.00046415888336127784
17,1.1369438441470265,2.3540929576082803,2.980602539514829,0.0,0.0,0.00046415888336127784
18,1.1398981609381735,2.231689336129901,2.8398906795255225,0.0,0.0,0.00046415888336127784
19,1.1352094230242074,2.1162466623133227,2.70666866172679,0.0,0.0,0.00046415888336127784
