,times,train_loss,test_loss,train_acc,test_acc,eta
0,0.5825751130469143,0.20003720646705445,0.19823025416478582,0.0,0.0,0.07742636826811272
1,0.7012410592287779,0.19979538327111082,0.19131919195647254,0.0,0.0,0.07742636826811272
2,0.740456857252866,0.19979427199355945,0.19127616571199016,0.0,0.0,0.07742636826811272
3,0.8498838557861745,0.19979272550679894,0.1911867163337428,0.0,0.0,0.07742636826811272
4,0.878640332724899,0.1996575371553036,0.18956030705908064,0.0,0.0,0.07742636826811272
5,0.8738647527061403,0.19830234277893505,0.184016246419089,0.0,0.0,0.07742636826811272
6,1.108875225763768,0.1861446408732064,0.16310842478560406,0.0,0.0,0.07742636826811272
7,1.1796132931485772,0.15988718293036558,0.1430126858602953,0.0,0.0,0.07742636826811272
8,1.2165246531367302,0.1581402715021086,0.14944953862750993,0.0,0.0,0.07742636826811272
9,1.0787518192082644,0.15812942095871163,0.15019030140236145,0.0,0.0,0.07742636826811272
10,1.1571893780492246,0.15810473950616744,0.15071152175341299,0.0,0.0,0.07742636826811272
11,1.1527111297473311,0.1579924250393927,0.15166223465505302,0.0,0.0,0.07742636826811272
12,1.1708935690112412,0.15675340324774029,0.15408330690748087,0.0,0.0,0.07742636826811272
13,1.1555696781724691,0.1524988176334509,0.1549460542129914,0.0,0.0,0.07742636826811272
14,1.1684782300144434,0.15213063721585954,0.14217413082823055,0.0,0.0,0.07742636826811272
15,1.1738825561478734,0.271524356703206,0.15158396628633322,0.0,0.0,0.07742636826811272
16,1.1643344252370298,5446962292.358428,1298047233.5059366,0.0,0.0,0.07742636826811272
17,1.161553776357323,79406934973270.39,21369202910179.99,0.0,0.0,0.07742636826811272
18,1.1585394800640643,4.828083683145797e+18,1.6306656948191716e+18,0.0,0.0,0.07742636826811272
19,1.155241496860981,6.832377240624329e+116,4.0988098477880974e+116,0.0,0.0,0.07742636826811272
