,times,train_loss,test_loss,train_acc,test_acc,eta
0,0.581451382022351,5.203189904985844,6.162551246843218,0.0,0.0,0.0016681005372000581
1,0.6901706019416451,4.25396267217743,5.116660272782311,0.0,0.0,0.0016681005372000581
2,0.723826517816633,3.484903732247644,4.260604068231811,0.0,0.0,0.0016681005372000581
3,0.773042406886816,2.861667986902228,3.5590518540778326,0.0,0.0,0.0016681005372000581
4,0.8166733141988516,2.356725722121643,2.983624120601762,0.0,0.0,0.0016681005372000581
5,0.8542648828588426,1.9475774185659214,2.5110312736342433,0.0,0.0,0.0016681005372000581
6,0.9078580783680081,1.6160388205454805,2.1223836468811665,0.0,0.0,0.0016681005372000581
7,0.9584505101665854,1.347359503526243,1.802292071351749,0.0,0.0,0.0016681005372000581
8,1.0339039699174464,1.1296630399054328,1.538320355554326,0.0,0.0,0.0016681005372000581
9,1.0795426578260958,0.9532765068345548,1.3202827449285053,0.0,0.0,0.0016681005372000581
10,1.1423619179986417,0.810336456740677,1.1398471603193603,0.0,0.0,0.0016681005372000581
11,1.1597129642032087,0.6945198867403146,0.9902814147802618,0.0,0.0,0.0016681005372000581
12,1.1530826888047159,0.6006739610088159,0.8660564582509952,0.0,0.0,0.0016681005372000581
13,1.1463578511029482,0.5246215247524241,0.762655099358993,0.0,0.0,0.0016681005372000581
14,1.1517207249999046,0.4630011219168783,0.6764183579032585,0.0,0.0,0.0016681005372000581
15,1.1399281192570925,0.4130576755887924,0.6043105907709032,0.0,0.0,0.0016681005372000581
16,1.1412905319593847,0.37259785266338413,0.5439036748352644,0.0,0.0,0.0016681005372000581
17,1.1607357822358608,0.33981253615441326,0.4931622630003654,0.0,0.0,0.0016681005372000581
18,1.1312558958306909,0.31324847682116913,0.45043586496852867,0.0,0.0,0.0016681005372000581
19,1.1372361131943762,0.2917246276153241,0.41436392297270863,0.0,0.0,0.0016681005372000581
