,times,train_loss,test_loss,train_acc,test_acc,eta
0,1.8390192775987089,0.3196003077171329,0.3138813891403136,90.24285714285715,90.49955834723721,1.2236921017635911
1,3.3551891651004553,0.3193416135992784,0.31359741204929364,90.24285714285715,90.49955834723721,1.2236921017635911
2,0.8873456036671996,0.3192452495760404,0.3134912543659091,90.24285714285715,90.49955834723721,1.2236921017635911
3,1.9091315669938922,0.31900691852173124,0.3132298183285159,90.24285714285715,90.49955834723721,1.2236921017635911
4,2.80513212736696,0.3186461331998137,0.31283315746805457,90.24285714285715,90.49955834723721,1.2236921017635911
5,1.9484095252119005,0.3184250095472821,0.31259035111838995,90.24285714285715,90.49955834723721,1.2236921017635911
6,2.698137650731951,0.31805670301575073,0.31218481275692384,90.24285714285715,90.49955834723721,1.2236921017635911
7,3.340449013747275,0.3178512344109541,0.311958562809294,90.24285714285715,90.49955834723721,1.2236921017635911
8,3.29737510997802,0.3175139490614334,0.3115872615994398,90.24285714285715,90.49955834723721,1.2236921017635911
9,1.8988836160860956,0.31732139786715463,0.31137536953519507,90.24285714285715,90.49955834723721,1.2236921017635911
10,1.8415975840762258,0.3170934941919979,0.3111246381319233,90.24285714285715,90.49955834723721,1.2236921017635911
11,2.70828072540462,0.3167148565333102,0.31070718662254926,90.24285714285715,90.49955834723721,1.2236921017635911
12,3.6128207007423043,0.3164432453050512,0.3104074652116213,90.24285714285715,90.49955834723721,1.2236921017635911
13,0.9715569661930203,0.31635170671488266,0.31030654500381866,90.24285714285715,90.49955834723721,1.2236921017635911
14,2.7736270129680634,0.316015981053212,0.3099364815601605,90.24285714285715,90.49955834723721,1.2236921017635911
15,1.843620230909437,0.3157611262881215,0.3096547567786187,90.24285714285715,90.49955834723721,1.2236921017635911
16,0.8756866413168609,0.31567068499178474,0.30955580699737123,90.24285714285715,90.49955834723721,1.2236921017635911
17,2.6787120811641216,0.315277748012297,0.3091218368905062,90.24285714285715,90.49955834723721,1.2236921017635911
18,0.9327595080249012,0.31518806368476326,0.3090226829680769,90.24285714285715,90.49955834723721,1.2236921017635911
19,1.9758879886940122,0.31491179420579846,0.30871730137333697,90.24285714285715,90.49955834723721,1.2236921017635911
