,times,train_loss,test_loss,train_acc,test_acc,eta
0,0.9375065029598773,7.16267581009339,6.973118844023686,90.24285714285715,90.49955834723721,0.6666666666666666
1,2.0340091953985393,10.083811420567569,9.815613658553515,90.24285714285715,90.49955834723721,0.6666666666666666
2,1.9051938611082733,7.329206452202446,7.133129276967368,90.24285714285715,90.49955834723721,0.6666666666666666
3,1.0427053258754313,5.929582961372235,5.770086300184983,90.24285714285715,90.49955834723721,0.6666666666666666
4,2.0247502932325006,7.488058131235632,7.28645204107325,90.24285714285715,90.49955834723721,0.6666666666666666
5,2.1648459932766855,9.987373951188978,9.71867932329129,90.24285714285715,90.49955834723721,0.6666666666666666
6,1.2565880483016372,8.690647302546777,8.455716870788233,90.24285714285715,90.49955834723721,0.6666666666666666
7,1.2151854950934649,7.485196934772571,7.281829105747104,90.24285714285715,90.49955834723721,0.6666666666666666
8,1.1070386092178524,6.006749555456992,5.8419392394216985,90.24285714285715,90.49955834723721,0.6666666666666666
9,0.9316181777976453,4.367269662511659,4.245065055269079,90.24285714285715,90.49955834723721,0.6666666666666666
10,0.911271900869906,3.0243859919463527,2.9370479373001834,90.24285714285715,90.49955834723721,0.6666666666666666
11,2.8489487068727612,4.2488294520659755,4.266283023731978,9.757142857142853,9.500441652762788,0.6666666666666666
12,1.0381071441806853,11.26812258034441,10.958875011085297,90.24285714285715,90.49955834723721,0.6666666666666666
13,2.0066660358570516,8.674221095451959,8.431870112938293,90.24285714285715,90.49955834723721,0.6666666666666666
14,1.7810559580102563,7.67869264445205,7.461079017588551,90.24285714285715,90.49955834723721,0.6666666666666666
15,0.9157091998495162,2.265242075928956,2.1901470708204323,90.24285714285715,90.49955834723721,0.6666666666666666
16,2.7709165909327567,0.8520618551024594,0.812436777871626,90.24285714285715,90.49955834723721,0.6666666666666666
17,0.9484966360032558,3.575531801259934,3.5836684663138287,9.757142857142853,9.500441652762788,0.6666666666666666
18,2.9525328972376883,11.019464636177668,10.708403563656178,90.24285714285715,90.49955834723721,0.6666666666666666
19,1.8541582822799683,11.265612917719054,10.94685394259718,90.24285714285715,90.49955834723721,0.6666666666666666
