,times,train_loss,test_loss,train_acc,test_acc,eta
0,0.23850409081205726,0.6914890316521213,0.6914947481351343,78.19765934274898,78.41239109390126,0.006672402148800233
1,0.30604356806725264,0.3691582029453136,0.36982382481939124,89.9026742959877,89.80085741944406,0.006672402148800233
2,0.3249297058209777,0.2305821705147679,0.23192174752076775,93.3462409459436,93.36191398146867,0.006672402148800233
3,0.3542100340127945,0.1536111366508667,0.15642678329759171,95.08012515774371,94.89005670031807,0.006672402148800233
4,0.40335968509316444,0.11572836761741102,0.12032230111075953,95.98596297128633,95.49854791868344,0.006672402148800233
5,0.42778325779363513,0.09672696857776965,0.10372243882955365,96.56161944439643,95.94108698658553,0.006672402148800233
6,0.4507822208106518,0.08502280173249119,0.09456537742347672,97.01280965305028,96.30756465219196,0.006672402148800233
7,0.47290452755987644,0.07606221858296164,0.08862367798723063,97.45017027676457,96.6671276448624,0.006672402148800233
8,0.5532096209935844,0.06905605021554556,0.08455222818744403,97.7734368247273,96.71553035541419,0.006672402148800233
9,0.5710137570276856,0.06195212577949569,0.0814712178814406,98.03274154234445,96.84690914119763,0.006672402148800233
10,0.6066099419258535,0.05919204999974939,0.08000479013101146,98.14510691997856,96.88839717881345,0.006672402148800233
11,0.595230451785028,0.05533890105147744,0.07827694030260227,98.32834892042803,96.97137325404509,0.006672402148800233
12,0.59402089798823,0.050321769997771944,0.07604939057770435,98.51677701522983,97.1096667127645,0.006672402148800233
13,0.5956026678904891,0.045096347237714385,0.07481726256630669,98.73977907238059,97.11658138570046,0.006672402148800233
14,0.592844408005476,0.043119205706263354,0.07580186458225194,98.80374090272616,97.08892269395658,0.006672402148800233
15,0.5919177439063787,0.04163620665921602,0.07633990299010145,98.89363320483344,97.11658138570046,0.006672402148800233
16,0.6100296801887453,0.03888316319514431,0.07667919484304715,99.01637077117223,97.23413082561194,0.006672402148800233
17,0.5925946049392223,0.03656583387846486,0.07704115514709081,99.08724739398758,97.21338680680404,0.006672402148800233
18,0.5915533741936088,0.034975325270844584,0.07595070516761371,99.17541099797742,97.25487484441986,0.006672402148800233
19,0.5836264039389789,0.033436506475057665,0.07558464346896286,99.23764413020554,97.32402157377956,0.006672402148800233
