,times,train_loss,test_loss,train_acc,test_acc,eta
0,0.22883970802649856,0.5199522084024233,0.5202282514069064,84.26193233875568,84.52496196929886,1.113023760882849
1,0.3172959992662072,0.07113774385531953,0.0897971258584898,97.89963178730099,96.68095699073434,1.113023760882849
2,0.34492944926023483,0.07977950231913773,0.13106385183972014,97.75787854167027,95.93417231364957,1.113023760882849
3,0.3743395460769534,0.0482093516837592,0.09880616496631275,98.84350095942746,96.96445858110911,1.113023760882849
4,0.4133676621131599,0.05640698429676247,0.1093462927416683,98.64124327968607,96.78467708477389,1.113023760882849
5,0.44226952316239476,7.08870791865486,4.192185784538433,88.87582761422372,89.62107592310883,1.113023760882849
6,0.4761487883515656,,,0.03976005670129723,0.01382934587194029,1.113023760882849
7,0.49231462087482214,,,0.03976005670129723,0.01382934587194029,1.113023760882849
8,0.5239803837612271,,,0.03976005670129723,0.01382934587194029,1.113023760882849
9,0.5836114888079464,,,0.03976005670129723,0.01382934587194029,1.113023760882849
10,0.624476617667824,,,0.03976005670129723,0.01382934587194029,1.113023760882849
11,0.6273081991821527,,,0.03976005670129723,0.01382934587194029,1.113023760882849
12,0.6324061187915504,,,0.03976005670129723,0.01382934587194029,1.113023760882849
13,0.6212564152665436,,,0.03976005670129723,0.01382934587194029,1.113023760882849
14,0.6558950389735401,,,0.03976005670129723,0.01382934587194029,1.113023760882849
15,0.51655302522704,,,0.03976005670129723,0.01382934587194029,1.113023760882849
16,0.5149978678673506,,,0.03976005670129723,0.01382934587194029,1.113023760882849
17,0.5150102800689638,,,0.03976005670129723,0.01382934587194029,1.113023760882849
18,0.5224607018753886,,,0.03976005670129723,0.01382934587194029,1.113023760882849
19,0.5252993390895426,,,0.03976005670129723,0.01382934587194029,1.113023760882849
