,times,train_loss,test_loss,train_acc,test_acc,eta
0,0.2160781011916697,0.36873172772172425,0.3694266798805215,90.13777723996058,90.15350573917854,3.9999999999999996
1,0.29175736103206873,0.09857511441243036,0.14059531319695895,96.63768216156413,95.33951044115614,3.9999999999999996
2,0.31570947635918856,inf,inf,98.25055750514288,96.8054211035818,3.9999999999999996
3,0.35199122969061136,inf,inf,1.2705931163240933,2.9318213248513416,3.9999999999999996
4,0.3791581802070141,,,0.03976005670129723,0.01382934587194029,3.9999999999999996
5,0.39665485080331564,,,0.03976005670129723,0.01382934587194029,3.9999999999999996
6,0.4316058508120477,,,0.03976005670129723,0.01382934587194029,3.9999999999999996
7,0.4539001970551908,,,0.03976005670129723,0.01382934587194029,3.9999999999999996
8,0.48673549899831414,,,0.03976005670129723,0.01382934587194029,3.9999999999999996
9,0.5099172811023891,,,0.03976005670129723,0.01382934587194029,3.9999999999999996
10,0.6293289689347148,,,0.03976005670129723,0.01382934587194029,3.9999999999999996
11,0.6231518583372235,,,0.03976005670129723,0.01382934587194029,3.9999999999999996
12,0.6219059866853058,,,0.03976005670129723,0.01382934587194029,3.9999999999999996
13,0.6105984388850629,,,0.03976005670129723,0.01382934587194029,3.9999999999999996
14,0.6368257021531463,,,0.03976005670129723,0.01382934587194029,3.9999999999999996
15,0.5918055339716375,,,0.03976005670129723,0.01382934587194029,3.9999999999999996
16,0.5898667378351092,,,0.03976005670129723,0.01382934587194029,3.9999999999999996
17,0.5822520521469414,,,0.03976005670129723,0.01382934587194029,3.9999999999999996
18,0.5533444662578404,,,0.03976005670129723,0.01382934587194029,3.9999999999999996
19,0.5429741176776588,,,0.03976005670129723,0.01382934587194029,3.9999999999999996
