,times,train_loss,test_loss,train_acc,test_acc,eta
0,4.911493231076747,0.19045419707042996,0.1791660345100003,0.0,0.0,1.8949207063585727
1,4.948291776236147,0.1904145874429153,0.1697733677645608,0.0,0.0,1.8949207063585727
2,4.928531283978373,0.18995977703444863,0.174125323407621,0.0,0.0,1.8949207063585727
3,9.560078875161707,0.18885153986671294,0.1747688459783333,0.0,0.0,1.8949207063585727
4,5.012067724019289,0.18865499085457274,0.1747335900447879,0.0,0.0,1.8949207063585727
5,7.206002615857869,0.18788788140405605,0.17452777488211954,0.0,0.0,1.8949207063585727
6,9.351133840158582,0.18670833283161492,0.17406247296227478,0.0,0.0,1.8949207063585727
7,9.504054850898683,0.18578213290015372,0.17356329105754656,0.0,0.0,1.8949207063585727
8,12.119531232863665,0.18469464214089115,0.1732713748487175,0.0,0.0,1.8949207063585727
9,7.673701603896916,0.18418187085495616,0.17306103013008603,0.0,0.0,1.8949207063585727
10,8.068810286931694,0.1836999412226542,0.17288616499598805,0.0,0.0,1.8949207063585727
11,5.559129069093615,0.18351513986220153,0.1728739049563178,0.0,0.0,1.8949207063585727
12,13.46965751517564,0.18206944325773466,0.1722682091853081,0.0,0.0,1.8949207063585727
13,5.230530840810388,0.18188818611706506,0.1722035814863949,0.0,0.0,1.8949207063585727
14,5.355191121343523,0.1817074234753195,0.17218586206825587,0.0,0.0,1.8949207063585727
15,8.028259700164199,0.18092671766787968,0.1718059065770302,0.0,0.0,1.8949207063585727
16,10.461654013954103,0.17970961015265965,0.1714045334573692,0.0,0.0,1.8949207063585727
17,15.808491234201938,0.17832442655666764,0.17084653608901257,0.0,0.0,1.8949207063585727
18,5.437109407037497,0.17815132896391297,0.17074693092540139,0.0,0.0,1.8949207063585727
19,13.244816727004945,0.1771605220849542,0.1704045061083925,0.0,0.0,1.8949207063585727
