,times,train_loss,test_loss,train_acc,test_acc,eta
0,10.234731109812856,inf,inf,0.0,0.0,0.6809991926337756
1,7.600306912325323,,,0.0,0.0,0.6809991926337756
2,4.935713393148035,,,0.0,0.0,0.6809991926337756
3,7.079182675108314,,,0.0,0.0,0.6809991926337756
4,12.026804729830474,,,0.0,0.0,0.6809991926337756
5,9.91149202780798,,,0.0,0.0,0.6809991926337756
6,7.548205080907792,,,0.0,0.0,0.6809991926337756
7,7.484096189029515,,,0.0,0.0,0.6809991926337756
8,4.975169486831874,,,0.0,0.0,0.6809991926337756
9,7.20787854725495,,,0.0,0.0,0.6809991926337756
10,4.927534511312842,,,0.0,0.0,0.6809991926337756
11,7.469016897957772,,,0.0,0.0,0.6809991926337756
12,9.715608016122133,,,0.0,0.0,0.6809991926337756
13,7.3230260498821735,,,0.0,0.0,0.6809991926337756
14,7.301382046658546,,,0.0,0.0,0.6809991926337756
15,9.644380518235266,,,0.0,0.0,0.6809991926337756
16,7.270863499958068,,,0.0,0.0,0.6809991926337756
17,4.897364955861121,,,0.0,0.0,0.6809991926337756
18,7.272572680842131,,,0.0,0.0,0.6809991926337756
19,7.392761507071555,,,0.0,0.0,0.6809991926337756
