,times,train_loss,test_loss,train_acc,test_acc,eta
0,5.484828997403383,inf,inf,0.0,0.0,0.6666666666666666
1,5.2318578930571675,,,0.0,0.0,0.6666666666666666
2,5.113692878745496,,,0.0,0.0,0.6666666666666666
3,10.09585524816066,,,0.0,0.0,0.6666666666666666
4,9.773350262083113,,,0.0,0.0,0.6666666666666666
5,4.8298076428473,,,0.0,0.0,0.6666666666666666
6,7.561951206997037,,,0.0,0.0,0.6666666666666666
7,12.263472794089466,,,0.0,0.0,0.6666666666666666
8,6.840789353940636,,,0.0,0.0,0.6666666666666666
9,12.601272916886955,,,0.0,0.0,0.6666666666666666
10,5.248127426020801,,,0.0,0.0,0.6666666666666666
11,5.1992783597670496,,,0.0,0.0,0.6666666666666666
12,7.679122861940414,,,0.0,0.0,0.6666666666666666
13,7.764682217966765,,,0.0,0.0,0.6666666666666666
14,7.7339455261826515,,,0.0,0.0,0.6666666666666666
15,5.2213773974217474,,,0.0,0.0,0.6666666666666666
16,5.181698644068092,,,0.0,0.0,0.6666666666666666
17,12.726008869241923,,,0.0,0.0,0.6666666666666666
18,5.22568562394008,,,0.0,0.0,0.6666666666666666
19,5.211349980905652,,,0.0,0.0,0.6666666666666666
