,times,train_loss,test_loss,train_acc,test_acc,eta
0,7.847630926873535,inf,inf,0.0,0.0,0.8795442791215593
1,7.670002969913185,,,0.0,0.0,0.8795442791215593
2,10.189878948964179,,,0.0,0.0,0.8795442791215593
3,5.262815511319786,,,0.0,0.0,0.8795442791215593
4,5.260537306778133,,,0.0,0.0,0.8795442791215593
5,5.2712852018885314,,,0.0,0.0,0.8795442791215593
6,5.2450888878665864,,,0.0,0.0,0.8795442791215593
7,5.30077163875103,,,0.0,0.0,0.8795442791215593
8,10.184994868002832,,,0.0,0.0,0.8795442791215593
9,12.787900602910668,,,0.0,0.0,0.8795442791215593
10,5.310131202917546,,,0.0,0.0,0.8795442791215593
11,17.912169995252043,,,0.0,0.0,0.8795442791215593
12,12.750324441120028,,,0.0,0.0,0.8795442791215593
13,5.206022422760725,,,0.0,0.0,0.8795442791215593
14,5.240412677638233,,,0.0,0.0,0.8795442791215593
15,7.66612508893013,,,0.0,0.0,0.8795442791215593
16,7.560933778993785,,,0.0,0.0,0.8795442791215593
17,7.639135153964162,,,0.0,0.0,0.8795442791215593
18,9.721548900008202,,,0.0,0.0,0.8795442791215593
19,5.003497949801385,,,0.0,0.0,0.8795442791215593
