,times,train_loss,test_loss,train_acc,test_acc,eta
0,5.507705944124609,0.19042586373070391,0.1746176574275084,0.0,0.0,2.4473842035271822
1,8.095596341881901,0.19018293349208176,0.17533953317636183,0.0,0.0,2.4473842035271822
2,8.275261686183512,0.18982869714970832,0.17519683918556764,0.0,0.0,2.4473842035271822
3,10.732367589138448,0.1891448369379256,0.17495894533855896,0.0,0.0,2.4473842035271822
4,13.549183771945536,0.1883935721558382,0.17465435710490174,0.0,0.0,2.4473842035271822
5,11.036423310171813,0.18787221607765717,0.17447025356305423,0.0,0.0,2.4473842035271822
6,5.736845462117344,0.18774842225745583,0.17440272665859208,0.0,0.0,2.4473842035271822
7,5.61037368606776,0.18762483434334068,0.17437508684123554,0.0,0.0,2.4473842035271822
8,8.10152226826176,0.18703494058611933,0.1741302413180058,0.0,0.0,2.4473842035271822
9,5.402402346022427,0.18691241042090795,0.17410596815961496,0.0,0.0,2.4473842035271822
10,10.329998111817986,0.18598299265129403,0.1737459226445033,0.0,0.0,2.4473842035271822
11,7.862118448130786,0.18532359281902097,0.1734893831145219,0.0,0.0,2.4473842035271822
12,5.305764656979591,0.18520353409342966,0.1734390441834552,0.0,0.0,2.4473842035271822
13,7.663335178978741,0.18460231244699515,0.17322693156076008,0.0,0.0,2.4473842035271822
14,5.3419695645570755,0.18448330804335003,0.17317965271863625,0.0,0.0,2.4473842035271822
15,5.128675595857203,0.18436450277786978,0.17310664117908905,0.0,0.0,2.4473842035271822
16,5.4794421452097595,0.18424588857078045,0.1730553726515426,0.0,0.0,2.4473842035271822
17,10.203961858991534,0.18274559156929365,0.17251228747215705,0.0,0.0,2.4473842035271822
18,7.681421827059239,0.1820501220887302,0.17225128022377956,0.0,0.0,2.4473842035271822
19,5.259375030640513,0.18193476834073444,0.17215305513983847,0.0,0.0,2.4473842035271822
