,times,train_loss,test_loss,train_acc,test_acc,eta
0,0.6942538283765316,0.35366774303478377,0.3499889272862632,90.24285714285715,90.49955834723721,0.05166198660059535
1,0.6950929830782115,0.3260666436039475,0.32128558966845583,90.24285714285715,90.49955834723721,0.05166198660059535
2,0.6941652023233473,0.3212119896191539,0.3159630196450982,90.24285714285715,90.49955834723721,0.05166198660059535
3,0.6933235819451511,0.32010196617804615,0.31462830613520926,90.24285714285715,90.49955834723721,0.05166198660059535
4,0.699869975913316,0.3198182362766164,0.3142308014140811,90.24285714285715,90.49955834723721,0.05166198660059535
5,0.7258122032508254,0.31974160502133303,0.31409506759507577,90.24285714285715,90.49955834723721,0.05166198660059535
6,0.7256947387941182,0.3197201717334137,0.31404252699597657,90.24285714285715,90.49955834723721,0.05166198660059535
7,0.808179222047329,0.31971391615030076,0.31401978051293666,90.24285714285715,90.49955834723721,0.05166198660059535
8,0.7453007008880377,0.3197119021044552,0.3140089845763752,90.24285714285715,90.49955834723721,0.05166198660059535
9,0.724552087020129,0.3197110835274795,0.31400347173608967,90.24285714285715,90.49955834723721,0.05166198660059535
10,0.7232268950901926,0.3197106034210881,0.3140004709692528,90.24285714285715,90.49955834723721,0.05166198660059535
11,0.8160514677874744,0.3197102193738732,0.31399872378352617,90.24285714285715,90.49955834723721,0.05166198660059535
12,0.8101518009789288,0.3197098626259635,0.31399762083407184,90.24285714285715,90.49955834723721,0.05166198660059535
13,0.9114531218074262,0.3197095136428345,0.3139968545987707,90.24285714285715,90.49955834723721,0.05166198660059535
14,0.7973480746150017,0.3197091668705072,0.31399626599991237,90.24285714285715,90.49955834723721,0.05166198660059535
15,0.8398366598412395,0.31970882072937334,0.31399577161775455,90.24285714285715,90.49955834723721,0.05166198660059535
16,0.7923835990950465,0.3197084747699232,0.31399532733904856,90.24285714285715,90.49955834723721,0.05166198660059535
17,0.7806941410526633,0.3197081288642314,0.3139949097275639,90.24285714285715,90.49955834723721,0.05166198660059535
18,0.7824121857993305,0.3197077829759424,0.31399450634772247,90.24285714285715,90.49955834723721,0.05166198660059535
19,0.7878126883879304,0.3197074370946848,0.31399411054721577,90.24285714285715,90.49955834723721,0.05166198660059535
