,times,train_loss,test_loss,train_acc,test_acc,eta
0,0.7204580740071833,0.35700624883254595,0.353392410948067,90.24285714285715,90.49955834723721,30.970547307245088
1,0.7263591508381069,0.46371721136238003,0.45168285006266556,90.24285714285715,90.49955834723721,30.970547307245088
2,0.7238452420569956,0.33919107249885544,0.3350043937793856,90.24285714285715,90.49955834723721,30.970547307245088
3,0.9258211832493544,0.3349835941117967,0.32747302676105156,90.24285714285715,90.49955834723721,30.970547307245088
4,0.7666625389829278,0.35951440026376613,0.3558858887399388,90.24285714285715,90.49955834723721,30.970547307245088
5,0.7320431740954518,0.4295554972680212,0.41841439988054663,90.24285714285715,90.49955834723721,30.970547307245088
6,0.723283349070698,0.3234376697743226,0.3183949570611658,90.24285714285715,90.49955834723721,30.970547307245088
7,0.7260935702361166,0.3849919937358247,0.375232828635327,90.24285714285715,90.49955834723721,30.970547307245088
8,0.7278771218843758,0.34805018748161015,0.3440467844084883,90.24285714285715,90.49955834723721,30.970547307245088
9,0.7366646509617567,0.4587045799531614,0.44655907795604016,90.24285714285715,90.49955834723721,30.970547307245088
10,0.6991782910190523,0.33695860836303054,0.3325600085614477,90.24285714285715,90.49955834723721,30.970547307245088
11,0.7305378126911819,0.39729038873846484,0.3869747577493596,90.24285714285715,90.49955834723721,30.970547307245088
12,0.6712516429834068,0.35125404191341836,0.3472831738136771,90.24285714285715,90.49955834723721,30.970547307245088
13,0.6947673209942877,0.33430519176125273,0.32644898240477405,90.24285714285715,90.49955834723721,30.970547307245088
14,0.6884672921150923,0.3574694511402577,0.35361444241587403,90.24285714285715,90.49955834723721,30.970547307245088
15,0.6943688103929162,0.41242814935890837,0.4014810692569764,90.24285714285715,90.49955834723721,30.970547307245088
16,0.6948836832307279,0.3285781179446331,0.32371804130143944,90.24285714285715,90.49955834723721,30.970547307245088
17,0.6916570127941668,0.4437445946825447,0.4317612041485113,90.24285714285715,90.49955834723721,30.970547307245088
18,0.7078086887486279,0.32196737937789055,0.3166899205694714,90.24285714285715,90.49955834723721,30.970547307245088
19,0.7026269580237567,0.34544979889331373,0.33681372430045586,90.24285714285715,90.49955834723721,30.970547307245088
