,times,train_loss,test_loss,train_acc,test_acc,eta
0,0.670433958992362,7.809942515495603,7.602692837722335,90.24285714285715,90.49955834723721,400.0
1,0.6916122520342469,6.45456532258581,6.282574790208,90.24285714285715,90.49955834723721,400.0
2,0.6885433732531965,14.68840109250681,14.296696694572898,90.24285714285715,90.49955834723721,400.0
3,0.6922365399077535,18.93249421948488,18.426437002612328,90.24285714285715,90.49955834723721,400.0
4,0.8055099379271269,15.068038533374201,14.665393624925578,90.24285714285715,90.49955834723721,400.0
5,0.8029121868312359,21.710029049795068,21.128457002470032,90.24285714285715,90.49955834723721,400.0
6,0.8042584760114551,3.4652124147724397,3.3705389410008717,90.24285714285715,90.49955834723721,400.0
7,0.7290021628141403,11.391046286076872,11.085125078320832,90.24285714285715,90.49955834723721,400.0
8,0.7073996588587761,3.9293355876880454,3.8207523136695287,90.24285714285715,90.49955834723721,400.0
9,0.7106916042976081,0.30061419525036515,0.29127650570661556,90.24285714285715,90.49955834723721,400.0
10,0.6736902110278606,33.024716009951774,32.13325883412459,90.24285714285715,90.49955834723721,400.0
11,0.6711883712559938,6.3756811787119165,6.201195300326334,90.24285714285715,90.49955834723721,400.0
12,0.6868481640703976,34.50488677657253,33.57186423777401,90.24285714285715,90.49955834723721,400.0
13,0.7127757114358246,2.4536268362139158,2.381565389871953,90.24285714285715,90.49955834723721,400.0
14,0.6681514699012041,5.519802712624427,5.366074212019673,90.24285714285715,90.49955834723721,400.0
15,0.7243980788625777,11.041193491867185,10.739759641334615,90.24285714285715,90.49955834723721,400.0
16,0.7873545461334288,1.0028816331836714,0.9944958557357143,11.36571428571429,13.479678520408726,400.0
17,0.7950958861038089,6.717974096497861,6.5300630573909775,90.24285714285715,90.49955834723721,400.0
18,0.8012409508228302,15.170971671830266,14.756829596826611,90.24285714285715,90.49955834723721,400.0
19,0.8081977292895317,17.862441457675523,17.375560143631844,90.24285714285715,90.49955834723721,400.0
