,times,train_loss,test_loss,train_acc,test_acc,eta
0,23.702691802289337,389.0254948855069,372.32343264688745,0.0,0.0,0.9999999999999999
1,24.691113578621298,101.53013348936204,96.43589805433477,0.0,0.0,0.9999999999999999
2,24.826793747022748,,,0.0,0.0,0.9999999999999999
3,23.811894240323454,,,0.0,0.0,0.9999999999999999
4,27.614944064989686,,,0.0,0.0,0.9999999999999999
5,25.596703734248877,,,0.0,0.0,0.9999999999999999
6,25.157509565819055,,,0.0,0.0,0.9999999999999999
7,24.96164360223338,,,0.0,0.0,0.9999999999999999
8,24.46954462910071,,,0.0,0.0,0.9999999999999999
9,24.7675011488609,,,0.0,0.0,0.9999999999999999
10,25.404104969929904,,,0.0,0.0,0.9999999999999999
11,24.537205622997135,,,0.0,0.0,0.9999999999999999
12,24.75512143271044,,,0.0,0.0,0.9999999999999999
13,24.853015304077417,,,0.0,0.0,0.9999999999999999
14,25.183477337937802,,,0.0,0.0,0.9999999999999999
15,25.64881897997111,,,0.0,0.0,0.9999999999999999
16,25.289736236911267,,,0.0,0.0,0.9999999999999999
17,24.7471619900316,,,0.0,0.0,0.9999999999999999
18,24.71655273111537,,,0.0,0.0,0.9999999999999999
19,24.918203200679272,,,0.0,0.0,0.9999999999999999
