,times,train_loss,test_loss,train_acc,test_acc,eta
0,10.151079893112183,512.8506631531469,497.3618422479789,0.0,0.0,3.1609182482282496
1,49.92816565930843,780.5679781817446,765.1310827996437,0.0,0.0,3.1609182482282496
2,23.211522644851357,141.47615326465214,136.69656817579212,0.0,0.0,3.1609182482282496
3,22.954084720928222,126.91852226865811,121.36259840734161,0.0,0.0,3.1609182482282496
4,23.36886740801856,82.8194262573157,79.87866869017907,0.0,0.0,3.1609182482282496
5,9.954189544077963,72.97864925663384,70.46139363519364,0.0,0.0,3.1609182482282496
6,23.325809285975993,70.3006144460225,68.46550942447269,0.0,0.0,3.1609182482282496
7,9.834448425099254,66.77888532832262,64.87887373941959,0.0,0.0,3.1609182482282496
8,10.679134889971465,65.78012024956944,63.8848640231704,0.0,0.0,3.1609182482282496
9,9.961776716634631,65.12505177832246,63.2515007047948,0.0,0.0,3.1609182482282496
10,36.054921347182244,61.53055938099899,60.289333688197864,0.0,0.0,3.1609182482282496
11,49.61907417094335,61.00473526961128,60.13849188156622,0.0,0.0,3.1609182482282496
12,23.58124267216772,59.7558190529469,58.92317163313533,0.0,0.0,3.1609182482282496
13,22.867591762915254,59.08051985899765,58.27364428653013,0.0,0.0,3.1609182482282496
14,22.685282425954938,58.217620783283984,57.43123274597811,0.0,0.0,3.1609182482282496
15,49.63453922700137,56.86345455991432,56.132165878145,0.0,0.0,3.1609182482282496
16,22.970349732320756,56.29281824779159,55.59817645304467,0.0,0.0,3.1609182482282496
17,9.947486487682909,56.139427143675874,55.45402598598193,0.0,0.0,3.1609182482282496
18,23.38449626788497,55.61409910055201,54.96229010320322,0.0,0.0,3.1609182482282496
19,76.86069582402706,54.83162782214073,54.24465970575344,0.0,0.0,3.1609182482282496
