,times,train_loss,test_loss,train_acc,test_acc,eta
0,23.084568586666137,190.50848286983253,189.50012165846468,0.0,0.0,1.4671682844939113
1,38.59900811500847,78.80540303756251,76.2446615554906,0.0,0.0,1.4671682844939113
2,11.138671096879989,71.21006002539352,68.90312270144331,0.0,0.0,1.4671682844939113
3,10.25096751190722,67.84005000808138,65.76453228089302,0.0,0.0,1.4671682844939113
4,36.934903853107244,61.812671033512586,60.784692987207585,0.0,0.0,1.4671682844939113
5,23.254166674800217,59.65450569609716,58.84757818102976,0.0,0.0,1.4671682844939113
6,35.98569753207266,57.56527729540785,56.89360322087411,0.0,0.0,1.4671682844939113
7,23.115070856176317,56.549579918172256,55.84437472225024,0.0,0.0,1.4671682844939113
8,22.67110837996006,55.873177195206345,55.14640475253356,0.0,0.0,1.4671682844939113
9,9.297649685293436,55.66891924711127,54.94170989521911,0.0,0.0,1.4671682844939113
10,49.83877251017839,54.61214605357423,53.88419913966351,0.0,0.0,1.4671682844939113
11,38.02028051717207,54.22146700270314,53.55445340122117,0.0,0.0,1.4671682844939113
12,9.81132534518838,54.12274301850205,53.48061604525578,0.0,0.0,1.4671682844939113
13,23.44905072171241,53.84075465073933,53.259832083033444,0.0,0.0,1.4671682844939113
14,9.882521235849708,53.76906437985908,53.197913567063715,0.0,0.0,1.4671682844939113
15,9.795875133015215,53.700474152139435,53.138914360453185,0.0,0.0,1.4671682844939113
16,9.741799456998706,53.63467346291042,53.08092362066739,0.0,0.0,1.4671682844939113
17,9.701380765996873,53.57434338756331,53.033336680307286,0.0,0.0,1.4671682844939113
18,9.773689879104495,53.50974058171071,52.97564680435048,0.0,0.0,1.4671682844939113
19,23.253730352967978,53.109776031751736,52.64909205051777,0.0,0.0,1.4671682844939113
