,times,train_loss,test_loss,train_acc,test_acc,eta
0,0.21748974220827222,0.6725857773690791,0.6726519211741496,78.67478002316456,78.89641819941917,0.0861773876012753
1,0.2930198428221047,0.1594887467950466,0.16270490844810778,95.40512040382389,95.24270502005255,0.0861773876012753
2,0.3174960222095251,0.07244506310722355,0.08670767070513005,97.83394125883797,96.86765316000553,0.0861773876012753
3,0.343352812808007,0.04525193740386564,0.07215384287576714,98.78818261966913,97.24796017148388,0.0861773876012753
4,0.37731959903612733,0.032801742634518946,0.07151630808424939,99.28604767749408,97.3585949384594,0.0861773876012753
5,0.40024796314537525,0.02868530276967375,0.07450376541186583,99.47793316853078,97.34476559258746,0.0861773876012753
6,0.43747011199593544,0.026965374001582394,0.07517578366312662,99.55399588569848,97.34476559258746,0.0861773876012753
7,0.4592338018119335,0.02581273926015819,0.07266341163301314,99.58856984804744,97.39316830313926,0.0861773876012753
8,0.4854859719052911,0.024581358912832092,0.075127196449158,99.66290386709768,97.3378509196515,0.0861773876012753
9,0.5155064109712839,0.023990872349445663,0.07480543261442998,99.67846215015472,97.32402157377956,0.0861773876012753
10,0.5390610038302839,0.02365795071265303,0.07509892492317444,99.69920652756409,97.33093624671552,0.0861773876012753
11,0.5370130869559944,0.023281228871501317,0.07442591806526128,99.69920652756409,97.35168026552344,0.0861773876012753
12,0.5399244651198387,0.02294356507207396,0.07470965679834213,99.70439262191644,97.31710690084358,0.0861773876012753
13,0.5350688537582755,0.02278106689458053,0.07495358181095473,99.71303611250367,97.31710690084358,0.0861773876012753
14,0.5344265070743859,0.022641741046133625,0.07497538691991076,99.71303611250367,97.3378509196515,0.0861773876012753
15,0.5232603810727596,0.02253016417458068,0.07505457374087272,99.71649350873857,97.31019222790762,0.0861773876012753
16,0.5233045709319413,0.02247585003118437,0.07517444991282017,99.71995090497346,97.29636288203568,0.0861773876012753
17,0.5281825908459723,0.02242912069976181,0.07519873546032022,99.7216796030909,97.29636288203568,0.0861773876012753
18,0.5278862188570201,0.022398981124005492,0.07530865869769167,99.72340830120837,97.2894482090997,0.0861773876012753
19,0.5269109103828669,0.022366112100064582,0.07518855931017952,99.72686569744326,97.2894482090997,0.0861773876012753
