,times,train_loss,test_loss,train_acc,test_acc,eta
0,0.6349133406765759,4.1230100619677765,4.971517709825073,0.0,0.0,0.003593813663804627
1,0.6008318411186337,2.6926158273488965,3.367211572019438,0.0,0.0,0.003593813663804627
2,0.6201376933604479,1.7837401244277007,2.319721412340552,0.0,0.0,0.003593813663804627
3,0.5596431181766093,1.2062380802170003,1.631735930878186,0.0,0.0,0.003593813663804627
4,0.5621804222464561,0.8392920920061182,1.1767270995833876,0.0,0.0,0.003593813663804627
5,0.5843891468830407,0.6061336990682944,0.8733756265602822,0.0,0.0,0.003593813663804627
6,0.61775335483253,0.45798441832131276,0.6692763487021757,0.0,0.0,0.003593813663804627
7,0.6356844771653414,0.36385004446654046,0.530544569201924,0.0,0.0,0.003593813663804627
8,0.6388446851633489,0.3040367218208425,0.43518260385545404,0.0,0.0,0.003593813663804627
9,0.7252060929313302,0.2660311654533039,0.3688410647285729,0.0,0.0,0.003593813663804627
10,0.6926548788323998,0.24188231760340237,0.3221053768223221,0.0,0.0,0.003593813663804627
11,0.7475092452950776,0.22653808703541317,0.2887569673320207,0.0,0.0,0.003593813663804627
12,0.6892179669812322,0.21678829769509408,0.2646558054577267,0.0,0.0,0.003593813663804627
13,0.7205074657686055,0.21059325422885605,0.2470211056666462,0.0,0.0,0.003593813663804627
14,0.5769121409393847,0.20665688564193396,0.23396600037234802,0.0,0.0,0.003593813663804627
15,0.559151304885745,0.20415568713605545,0.22419610016543276,0.0,0.0,0.003593813663804627
16,0.5569041571579874,0.20256640292736822,0.21681281482159026,0.0,0.0,0.003593813663804627
17,0.6695250971242785,0.20155654722008487,0.2111844470307798,0.0,0.0,0.003593813663804627
18,0.7381256693042815,0.20091486436137512,0.20686126537282037,0.0,0.0,0.003593813663804627
19,0.6240188209339976,0.20050711892620515,0.20351892808925384,0.0,0.0,0.003593813663804627
