,times,train_loss,test_loss,train_acc,test_acc,eta
0,0.8297038460150361,0.19978909680491994,0.19132621085382337,0.0,0.0,0.5994842503189413
1,0.864716277923435,0.1997805563327874,0.19126591552712607,0.0,0.0,0.5994842503189413
2,0.6091250162571669,0.19977203291101464,0.19125959652187283,0.0,0.0,0.5994842503189413
3,0.6125435628928244,0.199763511233488,0.19125329305930253,0.0,0.0,0.5994842503189413
4,0.8437048927880824,0.19975499131202704,0.19124641008645177,0.0,0.0,0.5994842503189413
5,0.7048040200024843,0.19974647311578905,0.1912397511540386,0.0,0.0,0.5994842503189413
6,0.6396882198750973,0.19973795669185854,0.19123423401299758,0.0,0.0,0.5994842503189413
7,0.7829833962023258,0.1997294419953938,0.1912273008600671,0.0,0.0,0.5994842503189413
8,0.5685914759524167,0.19972092904706212,0.19122077767932766,0.0,0.0,0.5994842503189413
9,0.5817029760219157,0.19971241784612057,0.19121467952757648,0.0,0.0,0.5994842503189413
10,0.5663220826536417,0.19970390838118404,0.19120767310238868,0.0,0.0,0.5994842503189413
11,0.5704298950731754,0.19969540065464814,0.19120138835941045,0.0,0.0,0.5994842503189413
12,0.7589302877895534,0.1996868946894739,0.19119393562081158,0.0,0.0,0.5994842503189413
13,0.5578794288448989,0.19967839043479046,0.19118802374393648,0.0,0.0,0.5994842503189413
14,0.5814651409164071,0.19966988792996318,0.19118137039714755,0.0,0.0,0.5994842503189413
15,0.6205063448287547,0.19966138717348916,0.19117517311096854,0.0,0.0,0.5994842503189413
16,0.635514578782022,0.19965288815213,0.19116872956706232,0.0,0.0,0.5994842503189413
17,0.6021013897843659,0.19964439085447808,0.19116228972500132,0.0,0.0,0.5994842503189413
18,0.6375182499177754,0.19963589532172588,0.19115604410565712,0.0,0.0,0.5994842503189413
19,0.5611674129031599,0.19962740149973424,0.19114900661649734,0.0,0.0,0.5994842503189413
