,times,train_loss,test_loss,train_acc,test_acc,eta
0,0.6668511838652194,0.3197015778008241,0.3139874709184492,90.24285714285715,90.49955834723721,1.9114325497407354
1,0.6838877401314676,0.3196887844933413,0.3139732096536442,90.24285714285715,90.49955834723721,1.9114325497407354
2,0.6974132200703025,0.3196759951989708,0.3139589017879952,90.24285714285715,90.49955834723721,1.9114325497407354
3,0.7063185218721628,0.3196632098885235,0.3139445819670609,90.24285714285715,90.49955834723721,1.9114325497407354
4,0.7234767060726881,0.31965042857067255,0.3139302625298192,90.24285714285715,90.49955834723721,1.9114325497407354
5,0.7220745179802179,0.3196376512291053,0.3139159661691456,90.24285714285715,90.49955834723721,1.9114325497407354
6,0.7242133286781609,0.31962487787254473,0.3139016639352579,90.24285714285715,90.49955834723721,1.9114325497407354
7,0.7251793770119548,0.3196121084965769,0.31388735718231914,90.24285714285715,90.49955834723721,1.9114325497407354
8,0.7230740808881819,0.31959934309248245,0.31387307604981485,90.24285714285715,90.49955834723721,1.9114325497407354
9,0.7239811778999865,0.31958658166149584,0.3138587777430553,90.24285714285715,90.49955834723721,1.9114325497407354
10,0.7230620491318405,0.31957382420555297,0.31384449257563907,90.24285714285715,90.49955834723721,1.9114325497407354
11,0.7214562962763011,0.3195610707258654,0.31383020497521097,90.24285714285715,90.49955834723721,1.9114325497407354
12,0.721130205783993,0.31954832121553384,0.31381591944127124,90.24285714285715,90.49955834723721,1.9114325497407354
13,0.7288032039068639,0.3195355756739781,0.3138016343757252,90.24285714285715,90.49955834723721,1.9114325497407354
14,0.7536290171556175,0.3195228340884429,0.31378735688294046,90.24285714285715,90.49955834723721,1.9114325497407354
15,0.7612964669242501,0.3195100964668986,0.31377309939577147,90.24285714285715,90.49955834723721,1.9114325497407354
16,0.7626787507906556,0.31949736280521324,0.3137588229155469,90.24285714285715,90.49955834723721,1.9114325497407354
17,0.7614351604133844,0.319484633105356,0.31374456707479986,90.24285714285715,90.49955834723721,1.9114325497407354
18,0.7747399839572608,0.31947190736407854,0.31373030459540563,90.24285714285715,90.49955834723721,1.9114325497407354
19,0.7324177590198815,0.3194591855710533,0.3137160522741879,90.24285714285715,90.49955834723721,1.9114325497407354
