,times,train_loss,test_loss,train_acc,test_acc,eta
0,0.7184938471764326,0.31970988774971404,0.3139974640006275,90.24285714285715,90.49955834723721,0.6672402148800234
1,0.72956288093701,0.31970541793933765,0.313991837040687,90.24285714285715,90.49955834723721,0.6672402148800234
2,0.7317243409343064,0.31970095121088293,0.31398683749661144,90.24285714285715,90.49955834723721,0.6672402148800234
3,0.7288581882603467,0.3196964849685431,0.3139818379881892,90.24285714285715,90.49955834723721,0.6672402148800234
4,0.6853451556526124,0.31969201921233253,0.31397683935468296,90.24285714285715,90.49955834723721,0.6672402148800234
5,0.6862739156931639,0.31968755394262205,0.31397184006020956,90.24285714285715,90.49955834723721,0.6672402148800234
6,0.6717011453583837,0.3196830891586677,0.31396684307665024,90.24285714285715,90.49955834723721,0.6672402148800234
7,0.5945296860300004,0.31967862486104026,0.3139618440515596,90.24285714285715,90.49955834723721,0.6672402148800234
8,0.5953375189565122,0.31967416104975777,0.3139568465088098,90.24285714285715,90.49955834723721,0.6672402148800234
9,0.5884731528349221,0.31966969772358467,0.31395185272503007,90.24285714285715,90.49955834723721,0.6672402148800234
10,0.5931570623070002,0.31966523488399223,0.3139468546922067,90.24285714285715,90.49955834723721,0.6672402148800234
11,0.6096474351361394,0.31966077252950437,0.3139418598627029,90.24285714285715,90.49955834723721,0.6672402148800234
12,0.5988049050793052,0.31965631066064565,0.31393686271277044,90.24285714285715,90.49955834723721,0.6672402148800234
13,0.6304616327397525,0.3196518492775437,0.3139318677763601,90.24285714285715,90.49955834723721,0.6672402148800234
14,0.612948055844754,0.319647388380011,0.313926873877423,90.24285714285715,90.49955834723721,0.6672402148800234
15,0.7522540651261806,0.31964292796802674,0.3139218805241979,90.24285714285715,90.49955834723721,0.6672402148800234
16,0.6618813681416214,0.31963846804103047,0.31391688647889343,90.24285714285715,90.49955834723721,0.6672402148800234
17,0.5596224809996784,0.31963400859967883,0.31391189396928865,90.24285714285715,90.49955834723721,0.6672402148800234
18,0.560143664944917,0.3196295496424387,0.3139069004866379,90.24285714285715,90.49955834723721,0.6672402148800234
19,0.5663437591865659,0.31962509117045534,0.31390190792954054,90.24285714285715,90.49955834723721,0.6672402148800234
