,times,train_loss,test_loss,train_acc,test_acc,eta
0,13.235663367435336,0.49982593044128015,0.5101757344234691,0.0,0.0,0.00012915496650148838
1,13.177763243205845,0.47394098294777215,0.4833420814913788,0.0,0.0,0.00012915496650148838
2,13.085209327749908,0.4547265392732575,0.46344342764282165,0.0,0.0,0.00012915496650148838
3,12.93460876122117,0.4461690709366048,0.4542509510279969,0.0,0.0,0.00012915496650148838
4,13.243406667374074,0.43986734198410204,0.44767698646241355,0.0,0.0,0.00012915496650148838
5,13.529493938200176,0.43511326125176114,0.44248990047166165,0.0,0.0,0.00012915496650148838
6,13.950797342695296,0.4281347523233023,0.43531769508224083,0.0,0.0,0.00012915496650148838
7,13.796378483995795,0.42231532697076307,0.42917072092292574,0.0,0.0,0.00012915496650148838
8,14.052712444216013,0.4161172356974708,0.4228487641574562,0.0,0.0,0.00012915496650148838
9,13.961479384452105,0.4116891497700279,0.4182344642088082,0.0,0.0,0.00012915496650148838
10,14.040305263362825,0.40617180121735363,0.4125598558385555,0.0,0.0,0.00012915496650148838
11,13.96045811008662,0.40164172917112917,0.4078935091015661,0.0,0.0,0.00012915496650148838
12,14.064288564957678,0.3970909821190164,0.4033179461612996,0.0,0.0,0.00012915496650148838
13,13.891406235285103,0.394306074723114,0.4003853073464731,0.0,0.0,0.00012915496650148838
14,14.061387861147523,0.39253826485923454,0.39861407828231826,0.0,0.0,0.00012915496650148838
15,13.925640940666199,0.3903474004176266,0.39624931698492805,0.0,0.0,0.00012915496650148838
16,13.987534613348544,0.38851444837405014,0.39431976595282475,0.0,0.0,0.00012915496650148838
17,13.885934092104435,0.3869442608901733,0.392535638183139,0.0,0.0,0.00012915496650148838
18,13.882258087396622,0.3858688096155903,0.3913558685202665,0.0,0.0,0.00012915496650148838
19,13.813647366128862,0.38466862952574365,0.389944808508866,0.0,0.0,0.00012915496650148838
