,times,train_loss,test_loss,train_acc,test_acc,eta
0,0.9044334306381643,3.0948921848574096,3.8225588865163505,0.0,0.0,0.005994842503189411
1,0.814108083024621,1.5569998799490548,2.0524975432161057,0.0,0.0,0.005994842503189411
2,0.9944563717581332,0.8360614670980543,1.1726214933902945,0.0,0.0,0.005994842503189411
3,1.0749157662503421,0.49806388618099534,0.7258030660564067,0.0,0.0,0.005994842503189411
4,0.8980751801282167,0.3396210989842923,0.49285993969451347,0.0,0.0,0.005994842503189411
5,1.0291686481796205,0.26533594267815513,0.3675604365256237,0.0,0.0,0.005994842503189411
6,1.2445313660427928,0.2305206670839707,0.29782515958305783,0.0,0.0,0.005994842503189411
7,1.2209164211526513,0.21419942448742418,0.2575951651197931,0.0,0.0,0.005994842503189411
8,1.5922449110075831,0.2065479173589124,0.23357351070231738,0.0,0.0,0.005994842503189411
9,1.3020293856970966,0.20296114346035193,0.21877930142279645,0.0,0.0,0.005994842503189411
10,1.3773600477725267,0.20127943930056794,0.20942334861498652,0.0,0.0,0.005994842503189411
11,1.441473274026066,0.20049100461070066,0.20338055337438,0.0,0.0,0.005994842503189411
12,1.323455220554024,0.2001212623300063,0.19941266974383054,0.0,0.0,0.005994842503189411
13,1.3001223080791533,0.1999478243673665,0.1967751098151942,0.0,0.0,0.005994842503189411
14,1.2370202979072928,0.19986643639261062,0.1950063771697617,0.0,0.0,0.005994842503189411
15,1.2267559561878443,0.19982817615209308,0.19381186011060048,0.0,0.0,0.005994842503189411
16,1.2263653264380991,0.19981013669708153,0.1930008816304516,0.0,0.0,0.005994842503189411
17,1.2213077927008271,0.19980157610221547,0.19244754070446599,0.0,0.0,0.005994842503189411
18,1.221159985754639,0.19979745850237682,0.19206771145975518,0.0,0.0,0.005994842503189411
19,1.1840767189860344,0.19979542162096048,0.1918043414887567,0.0,0.0,0.005994842503189411
