,times,train_loss,test_loss,train_acc,test_acc,eta
0,0.8180500217713416,0.32035083854937324,0.3149431626608883,90.24285714285715,90.49955834723721,0.18566355334451112
1,0.8336029518395662,0.3197179148710058,0.31403523498642255,90.24285714285715,90.49955834723721,0.18566355334451112
2,0.8275950709357858,0.31971068917299944,0.3140008290088728,90.24285714285715,90.49955834723721,0.18566355334451112
3,0.7587205148302019,0.31970938317638187,0.31399660013783914,90.24285714285715,90.49955834723721,0.18566355334451112
4,0.6894318261183798,0.3197081394473992,0.3139949223373606,90.24285714285715,90.49955834723721,0.18566355334451112
5,0.7648291219957173,0.3197068964162965,0.31399350156541855,90.24285714285715,90.49955834723721,0.18566355334451112
6,0.7643772773444653,0.31970565342995017,0.3139921072344888,90.24285714285715,90.49955834723721,0.18566355334451112
7,0.7883811662904918,0.3197044104812958,0.3139907157026098,90.24285714285715,90.49955834723721,0.18566355334451112
8,0.787369322963059,0.3197031675703378,0.3139893245307126,90.24285714285715,90.49955834723721,0.18566355334451112
9,0.7679558992385864,0.3197019246970377,0.3139879334201575,90.24285714285715,90.49955834723721,0.18566355334451112
10,0.7018658360466361,0.31970068186141226,0.3139865420304478,90.24285714285715,90.49955834723721,0.18566355334451112
11,0.7191745834425092,0.31969943906343495,0.31398515101288593,90.24285714285715,90.49955834723721,0.18566355334451112
12,0.7176103601232171,0.3196981963031329,0.3139837600537494,90.24285714285715,90.49955834723721,0.18566355334451112
13,0.7136572729796171,0.31969695358049005,0.31398236886873926,90.24285714285715,90.49955834723721,0.18566355334451112
14,0.7167015601880848,0.3196957108955441,0.3139809777776861,90.24285714285715,90.49955834723721,0.18566355334451112
15,0.7650637309998274,0.31969446824818487,0.3139795868751953,90.24285714285715,90.49955834723721,0.18566355334451112
16,0.7923918669112027,0.31969322563853564,0.313978195994806,90.24285714285715,90.49955834723721,0.18566355334451112
17,0.7023503319360316,0.3196919830665155,0.31397680514858334,90.24285714285715,90.49955834723721,0.18566355334451112
18,0.7057715407572687,0.31969074053214525,0.31397541431155257,90.24285714285715,90.49955834723721,0.18566355334451112
19,0.7036033030599356,0.3196894980354001,0.31397402333816854,90.24285714285715,90.49955834723721,0.18566355334451112
