,times,train_loss,test_loss,train_acc,test_acc,eta
0,0.6992198769003153,0.31970987921428995,0.3139975456473852,90.24285714285715,90.49955834723721,0.6672402148800234
1,0.7033162079751492,0.3197054086276835,0.31399182841819895,90.24285714285715,90.49955834723721,0.6672402148800234
2,0.703395226970315,0.31970094190440623,0.3139868298119561,90.24285714285715,90.49955834723721,0.6672402148800234
3,0.7050903369672596,0.3196964756667547,0.3139818303449033,90.24285714285715,90.49955834723721,0.6672402148800234
4,0.7063996219076216,0.31969200991586955,0.31397683053513087,90.24285714285715,90.49955834723721,0.6672402148800234
5,0.735525471623987,0.31968754465090937,0.31397183468995676,90.24285714285715,90.49955834723721,0.6672402148800234
6,0.7112328228540719,0.31968307987258116,0.3139668368199236,90.24285714285715,90.49955834723721,0.6672402148800234
7,0.7717181341722608,0.31967861558016863,0.31396183723125226,90.24285714285715,90.49955834723721,0.6672402148800234
8,0.7075975369662046,0.3196741517736912,0.3139568401914619,90.24285714285715,90.49955834723721,0.6672402148800234
9,0.7022755360230803,0.31966968845318217,0.31395184338888377,90.24285714285715,90.49955834723721,0.6672402148800234
10,0.718350131995976,0.3196652256186536,0.3139468493529395,90.24285714285715,90.49955834723721,0.6672402148800234
11,0.7183623909950256,0.31966076326946585,0.3139418516202473,90.24285714285715,90.49955834723721,0.6672402148800234
12,0.7554873251356184,0.31965630140642487,0.3139368571129561,90.24285714285715,90.49955834723721,0.6672402148800234
13,0.7156994459219277,0.31965184002851527,0.31393186270067136,90.24285714285715,90.49955834723721,0.6672402148800234
14,0.7524847639724612,0.31964737913645574,0.3139268672645973,90.24285714285715,90.49955834723721,0.6672402148800234
15,0.7487933579832315,0.31964291872958,0.3139218729499356,90.24285714285715,90.49955834723721,0.6672402148800234
16,0.7578645660541952,0.3196384588074059,0.31391687911705674,90.24285714285715,90.49955834723721,0.6672402148800234
17,0.755622202064842,0.3196339993710887,0.31391188444433643,90.24285714285715,90.49955834723721,0.6672402148800234
18,0.7594046290032566,0.31962954041948016,0.3139068948759764,90.24285714285715,90.49955834723721,0.6672402148800234
19,0.747793807182461,0.3196250819524414,0.313901901498995,90.24285714285715,90.49955834723721,0.6672402148800234
