,times,train_loss,test_loss,train_acc,test_acc,eta
0,12.152475330978632,0.4953838528423675,0.5056083641009377,0.0,0.0,0.003593813663804627
1,11.960895374417305,0.4911539181439485,0.5012624587911491,0.0,0.0,0.003593813663804627
2,12.14004229940474,0.48726562897504916,0.49726458288597836,0.0,0.0,0.003593813663804627
3,12.10653408896178,0.48368165162870297,0.49357753318506625,0.0,0.0,0.003593813663804627
4,12.280221908353269,0.4803691860205684,0.490167858905833,0.0,0.0,0.003593813663804627
5,12.324944946914911,0.47729944424090887,0.4870063198207193,0.0,0.0,0.003593813663804627
6,12.255165830254555,0.4744470924180693,0.48406707415838723,0.0,0.0,0.003593813663804627
7,12.204288699664176,0.4717900042195105,0.48132804570883736,0.0,0.0,0.003593813663804627
8,12.299235471524298,0.4693084642314617,0.4787686434244279,0.0,0.0,0.003593813663804627
9,12.378729373216629,0.4669850840194538,0.47637146131340696,0.0,0.0,0.003593813663804627
10,12.333639680407941,0.4648048152579653,0.47412139671661135,0.0,0.0,0.003593813663804627
11,12.623438948765397,0.46275406046639883,0.4720043024076875,0.0,0.0,0.003593813663804627
12,12.678816821426153,0.46082083964998205,0.4700077595402332,0.0,0.0,0.003593813663804627
13,12.723995126783848,0.45899450730864194,0.4681215580195253,0.0,0.0,0.003593813663804627
14,12.76006383355707,0.45726564279862547,0.46633539173106997,0.0,0.0,0.003593813663804627
15,12.716194787994027,0.45562582512553035,0.46464110215209586,0.0,0.0,0.003593813663804627
16,12.68824706133455,0.4540676249571324,0.4630308829272006,0.0,0.0,0.003593813663804627
17,12.693186074495316,0.45258426802450347,0.46149783798319316,0.0,0.0,0.003593813663804627
18,12.67798668704927,0.45116978119653933,0.4600357765117938,0.0,0.0,0.003593813663804627
19,12.681323236785829,0.44981880329238866,0.4586393351209794,0.0,0.0,0.003593813663804627
