,times,train_loss,test_loss,train_acc,test_acc,eta
0,12.740421179682016,0.4851007684713447,0.49503889999775286,0.0,0.0,0.012915496650148838
1,12.715480933897197,0.47393190962838416,0.4835361005719191,0.0,0.0,0.012915496650148838
2,12.684546361677349,0.46526801321546696,0.4745989309751339,0.0,0.0,0.012915496650148838
3,12.412596206180751,0.45833321564356355,0.46743778091505994,0.0,0.0,0.012915496650148838
4,12.605320527218282,0.4526279669286571,0.46154289707778046,0.0,0.0,0.012915496650148838
5,12.656157591380179,0.44782238727677554,0.4565753505514774,0.0,0.0,0.012915496650148838
6,12.576892304234207,0.4436946405855483,0.4523082012100521,0.0,0.0,0.012915496650148838
7,12.640555369667709,0.44009181226288346,0.4485835849219817,0.0,0.0,0.012915496650148838
8,12.617465058341622,0.4369050142042395,0.44528890130086624,0.0,0.0,0.012915496650148838
9,12.699003259651363,0.43405513411152397,0.44234173140459954,0.0,0.0,0.012915496650148838
10,12.703505635261536,0.4314833637400295,0.43968219636059525,0.0,0.0,0.012915496650148838
11,12.751107453368604,0.42914486816150255,0.43726276281110343,0.0,0.0,0.012915496650148838
12,12.715246220119298,0.42700439796079737,0.4350478611337124,0.0,0.0,0.012915496650148838
13,12.735640628263354,0.4250342037472794,0.4330084405891259,0.0,0.0,0.012915496650148838
14,12.898974268697202,0.42321164530050437,0.43112051969802023,0.0,0.0,0.012915496650148838
15,12.713435667566955,0.42151823749213896,0.429365701246747,0.0,0.0,0.012915496650148838
16,12.71331203263253,0.4199386055588853,0.42772720272003056,0.0,0.0,0.012915496650148838
17,12.743676640093327,0.4184598738312244,0.42619268245501074,0.0,0.0,0.012915496650148838
18,12.746315639466047,0.4170711426869558,0.4247501585551313,0.0,0.0,0.012915496650148838
19,12.731005725450814,0.41576307815001184,0.4233904153459503,0.0,0.0,0.012915496650148838
