,times,train_loss,test_loss,train_acc,test_acc,eta
0,12.728160695172846,0.6265410005206831,0.6349970399665023,0.0,0.0,2.154434690031883
1,12.903795837424695,0.37627310021790633,0.38088213278230687,0.0,0.0,2.154434690031883
2,12.763888658955693,0.3704677077472535,0.3755383823414654,0.0,0.0,2.154434690031883
3,12.743502407334745,0.3697592740673549,0.3750148679433647,0.0,0.0,2.154434690031883
4,12.758450342342257,0.3684608444186316,0.37368998558015154,0.0,0.0,2.154434690031883
5,12.743774767965078,0.36776767589531745,0.3730227598711964,0.0,0.0,2.154434690031883
6,12.822010266594589,0.3672084292782444,0.3725633693008078,0.0,0.0,2.154434690031883
7,12.750760512426496,0.3667638195034872,0.3722356268587352,0.0,0.0,2.154434690031883
8,12.811233491636813,0.3663538273833151,0.3718671871859103,0.0,0.0,2.154434690031883
9,12.803267182782292,0.3660169268201013,0.37159835933355545,0.0,0.0,2.154434690031883
10,12.778312925249338,0.365708936412663,0.37137759959672545,0.0,0.0,2.154434690031883
11,12.861231536604464,0.3654424600229785,0.3711866149204353,0.0,0.0,2.154434690031883
12,12.77272133063525,0.3652047945867142,0.37100820484520103,0.0,0.0,2.154434690031883
13,12.721877744421363,0.3649919916183444,0.3708553497754158,0.0,0.0,2.154434690031883
14,12.761748645454645,0.36483592497922646,0.37072891455837975,0.0,0.0,2.154434690031883
15,12.830911185592413,0.36462060467523333,0.37061287131370607,0.0,0.0,2.154434690031883
16,12.685682422481477,0.3644623647476638,0.3705041643401163,0.0,0.0,2.154434690031883
17,12.63046560343355,0.3643131534592379,0.370417038974741,0.0,0.0,2.154434690031883
18,12.661541239358485,0.36417790625040364,0.3703409067866209,0.0,0.0,2.154434690031883
19,12.757549927569926,0.3640538818501297,0.3702713254192804,0.0,0.0,2.154434690031883
