,times,train_loss,test_loss,train_acc,test_acc,eta
0,0.7006519311107695,0.3196679474650663,0.3139228382610453,90.24285714285715,90.49955834723721,1.2236921017635911
1,1.0466864667832851,0.31958537213483973,0.3138573228044152,90.24285714285715,90.49955834723721,1.2236921017635911
2,0.6947370329871774,0.31952122954735135,0.31378547129573864,90.24285714285715,90.49955834723721,1.2236921017635911
3,1.0116301206871867,0.3194262111085457,0.3136789541018675,90.24285714285715,90.49955834723721,1.2236921017635911
4,0.6999820461496711,0.31935550745915325,0.3135996594629009,90.24285714285715,90.49955834723721,1.2236921017635911
5,0.39176086243242025,0.31932366024362036,0.3135639734809432,90.24285714285715,90.49955834723721,1.2236921017635911
6,1.672516530379653,0.3191354864177986,0.3133528373271977,90.24285714285715,90.49955834723721,1.2236921017635911
7,0.7288429457694292,0.31906639736158965,0.31327529342229826,90.24285714285715,90.49955834723721,1.2236921017635911
8,1.3610329539515078,0.31895387163289385,0.3131488837389043,90.24285714285715,90.49955834723721,1.2236921017635911
9,0.7229090170003474,0.3189011707141488,0.31308968539521753,90.24285714285715,90.49955834723721,1.2236921017635911
10,0.40921961795538664,0.31886967524760296,0.313054233099412,90.24285714285715,90.49955834723721,1.2236921017635911
11,0.40899165300652385,0.31883821499399256,0.3130188777085337,90.24285714285715,90.49955834723721,1.2236921017635911
12,0.7269663321785629,0.3187327990676003,0.3129003241441766,90.24285714285715,90.49955834723721,1.2236921017635911
13,0.4006847022101283,0.3187014523380197,0.3128649190041487,90.24285714285715,90.49955834723721,1.2236921017635911
14,0.714598217047751,0.3185720247718646,0.31271936678882706,90.24285714285715,90.49955834723721,1.2236921017635911
15,0.39448879705742,0.3185408048688541,0.3126842427157127,90.24285714285715,90.49955834723721,1.2236921017635911
16,1.024796857032925,0.3183378674425081,0.3124556196376024,90.24285714285715,90.49955834723721,1.2236921017635911
17,1.3429748532362282,0.3181781018039816,0.31227542614169534,90.24285714285715,90.49955834723721,1.2236921017635911
18,0.3939335788600147,0.3181471600074616,0.3122405273818223,90.24285714285715,90.49955834723721,1.2236921017635911
19,1.0293207364156842,0.31801536722343837,0.312091763710217,90.24285714285715,90.49955834723721,1.2236921017635911
