,times,train_loss,test_loss,train_acc,test_acc,eta
0,0.6980016282759607,0.3196498455347733,0.3139305667519178,90.24285714285715,90.49955834723721,0.9474603531792863
1,0.6958625582046807,0.3195754357828511,0.3138474296580549,90.24285714285715,90.49955834723721,0.9474603531792863
2,0.37778362492099404,0.3195270168743596,0.3137930833107018,90.24285714285715,90.49955834723721,0.9474603531792863
3,0.9996702051721513,0.31935780744737624,0.3136035772813462,90.24285714285715,90.49955834723721,0.9474603531792863
4,0.6929753590375185,0.3192505477788384,0.31348351782745754,90.24285714285715,90.49955834723721,0.9474603531792863
5,0.37983684707432985,0.3192025194320751,0.3134296818118126,90.24285714285715,90.49955834723721,0.9474603531792863
6,1.3233176209032536,0.3189563945160211,0.3131531203549683,90.24285714285715,90.49955834723721,0.9474603531792863
7,1.0169684351421893,0.3188476962278926,0.31303102582508036,90.24285714285715,90.49955834723721,0.9474603531792863
8,0.38450875924900174,0.31880012458593465,0.3129774407831894,90.24285714285715,90.49955834723721,0.9474603531792863
9,0.6978766149841249,0.31868975808792005,0.3128536417788139,90.24285714285715,90.49955834723721,0.9474603531792863
10,0.7132797408849001,0.3185759138465638,0.3127251615329891,90.24285714285715,90.49955834723721,0.9474603531792863
11,0.7209302368573844,0.31846502960280326,0.3126004171060745,90.24285714285715,90.49955834723721,0.9474603531792863
12,2.2716184901073575,0.31823537233135674,0.3123414829985016,90.24285714285715,90.49955834723721,0.9474603531792863
13,1.0066951899789274,0.3181399373625992,0.312233818782313,90.24285714285715,90.49955834723721,0.9474603531792863
14,0.3828311678953469,0.3180931819374631,0.3121811522096306,90.24285714285715,90.49955834723721,0.9474603531792863
15,1.010099831968546,0.317958331102453,0.31202877247207245,90.24285714285715,90.49955834723721,0.9474603531792863
16,0.3809855729341507,0.3179117979568334,0.3119760231425053,90.24285714285715,90.49955834723721,0.9474603531792863
17,0.38305775821208954,0.31786533682312024,0.31192387019844525,90.24285714285715,90.49955834723721,0.9474603531792863
18,0.38254110189154744,0.3178189485927591,0.3118709130079989,90.24285714285715,90.49955834723721,0.9474603531792863
19,0.3795698909088969,0.317772630942195,0.3118187932595986,90.24285714285715,90.49955834723721,0.9474603531792863
