,times,train_loss,test_loss,train_acc,test_acc,eta
0,1.045144678093493,0.31958957858444587,0.31386301588212734,90.24285714285715,90.49955834723721,0.6666666666666666
1,1.3692163010127842,0.3193271969780774,0.3135692530590767,90.24285714285715,90.49955834723721,0.6666666666666666
2,0.7273358753882349,0.3191554502724544,0.3133768419331704,90.24285714285715,90.49955834723721,0.6666666666666666
3,0.42551901610568166,0.31904197488353525,0.3132486246866799,90.24285714285715,90.49955834723721,0.6666666666666666
4,1.0338165243156254,0.31870634250046476,0.31287140999025426,90.24285714285715,90.49955834723721,0.6666666666666666
5,1.375644049141556,0.31840489049990606,0.3125324743592395,90.24285714285715,90.49955834723721,0.6666666666666666
6,1.051025243010372,0.3182067936213798,0.3123088561305044,90.24285714285715,90.49955834723721,0.6666666666666666
7,1.0614378438331187,0.31797644122766505,0.31204894005805706,90.24285714285715,90.49955834723721,0.6666666666666666
8,1.0954695991240442,0.3177949727927966,0.3118437940511842,90.24285714285715,90.49955834723721,0.6666666666666666
9,0.42752093728631735,0.31768522942807176,0.31172051116657534,90.24285714285715,90.49955834723721,0.6666666666666666
10,0.7414147518575191,0.3174418324841022,0.31144506419068446,90.24285714285715,90.49955834723721,0.6666666666666666
11,0.4249594840221107,0.3173330995769093,0.3113216288787445,90.24285714285715,90.49955834723721,0.6666666666666666
12,0.7477060938253999,0.31707617904548624,0.3110317381704246,90.24285714285715,90.49955834723721,0.6666666666666666
13,1.0711752749048173,0.31671939836394963,0.3106244818049492,90.24285714285715,90.49955834723721,0.6666666666666666
14,0.393242911901325,0.3166125643549618,0.31050331480718846,90.24285714285715,90.49955834723721,0.6666666666666666
15,1.3804339882917702,0.3162275162489886,0.31006455644931336,90.24285714285715,90.49955834723721,0.6666666666666666
16,0.3742689751088619,0.3161219540224693,0.3099449223375651,90.24285714285715,90.49955834723721,0.6666666666666666
17,0.7404665309004486,0.3158925895716939,0.3096823685856452,90.24285714285715,90.49955834723721,0.6666666666666666
18,0.7104849456809461,0.3157104460761175,0.3094749677449415,90.24285714285715,90.49955834723721,0.6666666666666666
19,0.7137600523419678,0.31548448277472835,0.3092155687818969,90.24285714285715,90.49955834723721,0.6666666666666666
