,times,train_loss,test_loss,train_acc,test_acc,eta
0,23.624170929193497,2142.93368320029,2061.6125010078854,0.0,0.0,0.16681005372000585
1,23.3387704603374,1301.7555403857975,1251.8952986706645,0.0,0.0,0.16681005372000585
2,23.554792541079223,848.9636544420305,816.0056700424537,0.0,0.0,0.16681005372000585
3,23.017598556354642,585.9673645251863,562.5121561266153,0.0,0.0,0.16681005372000585
4,22.715142826084048,425.74306721450256,407.93767459962174,0.0,0.0,0.16681005372000585
5,23.148048681207,324.68604175668565,310.4429690275286,0.0,0.0,0.16681005372000585
6,23.23320085229352,259.1902531523443,247.2798994993208,0.0,0.0,0.16681005372000585
7,23.152856143191457,215.70902140488943,205.39202230363603,0.0,0.0,0.16681005372000585
8,23.50489778118208,186.10938571401226,176.92891639689188,0.0,0.0,0.16681005372000585
9,23.27446154691279,165.43755724909525,157.09903277818069,0.0,0.0,0.16681005372000585
10,22.923439395148307,150.6060240185911,142.91155860314453,0.0,0.0,0.16681005372000585
11,22.15927092777565,139.65614289764127,132.46416098992128,0.0,0.0,0.16681005372000585
12,22.442785798106343,131.33927332208208,124.55585933931407,0.0,0.0,0.16681005372000585
13,23.07932605780661,124.84004514559216,118.39369708875172,0.0,0.0,0.16681005372000585
14,23.14631955465302,119.62205498265362,113.4572575919602,0.0,0.0,0.16681005372000585
15,23.038128718268126,115.3285796584298,109.4049676750098,0.0,0.0,0.16681005372000585
16,22.807189776096493,111.71626519429724,106.0022830857524,0.0,0.0,0.16681005372000585
17,22.43264211108908,108.62039575845155,103.09190801947503,0.0,0.0,0.16681005372000585
18,23.115672095678747,105.923554500093,100.55595651232011,0.0,0.0,0.16681005372000585
19,22.587513480801135,103.54273462806265,98.32029307099587,0.0,0.0,0.16681005372000585
