,times,train_loss,test_loss,train_acc,test_acc,eta
0,0.7398104169405997,0.3197068763950555,0.31399346088493324,90.24285714285715,90.49955834723721,1.113023760882849
1,0.7458657128736377,0.31962339116369626,0.3138999998313383,90.24285714285715,90.49955834723721,1.113023760882849
2,0.7431944091804326,0.31893788398822165,0.3131115825410222,90.24285714285715,90.49955834723721,1.113023760882849
3,0.7440958842635155,0.2800184144011822,0.24765219605863814,90.4,90.58679839914505,1.113023760882849
4,0.750405247323215,0.27859311053626723,0.25063391069409174,90.33428571428571,90.54208787254228,1.113023760882849
5,0.7422216441482306,0.273152316245028,0.2421726194582609,90.42857142857143,90.90849609055518,1.113023760882849
6,0.7470312407240272,0.27265071942152436,0.24222296487663963,90.42,90.79617452372383,1.113023760882849
7,0.7483215378597379,0.27240410621324207,0.2411554161978235,90.42571428571429,90.78090751463998,1.113023760882849
8,0.7525461367331445,0.27225409622739816,0.24120622410448916,90.43142857142857,90.78308851593766,1.113023760882849
9,0.7545752637088299,0.2721582183101518,0.2407142437054717,90.44,90.80707953021232,1.113023760882849
10,0.7547622350975871,0.27215173990020053,0.24088734040526602,90.43142857142857,90.80053652631923,1.113023760882849
11,0.7553800591267645,0.27215152239672075,0.24085306243286037,90.43428571428572,90.79835552502153,1.113023760882849
12,0.7632713071070611,0.41170855959799796,0.38538218811149294,88.62,89.32945115102343,1.113023760882849
13,0.776414766907692,inf,inf,90.16857142857143,90.43194730700864,1.113023760882849
14,0.7741291578859091,,,0.0,0.0,1.113023760882849
15,0.7532788310199976,,,0.0,0.0,1.113023760882849
16,0.7508804122917354,,,0.0,0.0,1.113023760882849
17,0.7697141286917031,,,0.0,0.0,1.113023760882849
18,0.7752992147579789,,,0.0,0.0,1.113023760882849
19,0.7471352852880955,,,0.0,0.0,1.113023760882849
