,times,train_loss,test_loss,train_acc,test_acc,eta
0,0.6348402830772102,5.893547727818715e+180,5.8939133800491505e+180,0.0,0.0,27.82559402207123
1,0.6380026391707361,inf,inf,0.0,0.0,27.82559402207123
2,0.6371409366838634,inf,inf,0.0,0.0,27.82559402207123
3,0.6421864652074873,,,0.0,0.0,27.82559402207123
4,0.6386295440606773,,,0.0,0.0,27.82559402207123
5,0.6429216987453401,,,0.0,0.0,27.82559402207123
6,0.6416047629900277,,,0.0,0.0,27.82559402207123
7,0.6531320167705417,,,0.0,0.0,27.82559402207123
8,0.6409523906186223,,,0.0,0.0,27.82559402207123
9,0.6504278262145817,,,0.0,0.0,27.82559402207123
10,0.6423314274288714,,,0.0,0.0,27.82559402207123
11,0.65223338175565,,,0.0,0.0,27.82559402207123
12,0.6393479616381228,,,0.0,0.0,27.82559402207123
13,0.6343473209999502,,,0.0,0.0,27.82559402207123
14,0.6340248417109251,,,0.0,0.0,27.82559402207123
15,0.6471272287890315,,,0.0,0.0,27.82559402207123
16,0.6471003340557218,,,0.0,0.0,27.82559402207123
17,0.6386771211400628,,,0.0,0.0,27.82559402207123
18,0.6274908259510994,,,0.0,0.0,27.82559402207123
19,0.6440033852122724,,,0.0,0.0,27.82559402207123
