,times,train_loss,test_loss,train_acc,test_acc,eta
0,0.8667090949602425,9.405083302164742e+190,9.405669852197518e+190,0.0,0.0,0.6666666666666666
1,0.7953041698783636,inf,inf,0.0,0.0,0.6666666666666666
2,1.5134742851369083,inf,inf,0.0,0.0,0.6666666666666666
3,0.7081932281143963,,,0.0,0.0,0.6666666666666666
4,0.3648670958355069,,,0.0,0.0,0.6666666666666666
5,0.8735631313174963,,,0.0,0.0,0.6666666666666666
6,0.7324813078157604,,,0.0,0.0,0.6666666666666666
7,0.37775348499417305,,,0.0,0.0,0.6666666666666666
8,1.2065187278203666,,,0.0,0.0,0.6666666666666666
9,0.9652477949857712,,,0.0,0.0,0.6666666666666666
10,0.4393865899182856,,,0.0,0.0,0.6666666666666666
11,0.700663527008146,,,0.0,0.0,0.6666666666666666
12,0.41208438808098435,,,0.0,0.0,0.6666666666666666
13,0.6568102040328085,,,0.0,0.0,0.6666666666666666
14,0.4027586877346039,,,0.0,0.0,0.6666666666666666
15,0.4398583588190377,,,0.0,0.0,0.6666666666666666
16,0.6556349778547883,,,0.0,0.0,0.6666666666666666
17,0.9300274108536541,,,0.0,0.0,0.6666666666666666
18,0.9662723559886217,,,0.0,0.0,0.6666666666666666
19,0.8689693519845605,,,0.0,0.0,0.6666666666666666
