,times,train_loss,test_loss,train_acc,test_acc,eta
0,0.6530936248600483,0.360336607237986,0.3568065232670955,90.24285714285715,90.49955834723721,30.970547307245088
1,0.653729721903801,0.422079614874251,0.41130434726395604,90.24285714285715,90.49955834723721,30.970547307245088
2,0.6626243349164724,0.3296410233758599,0.32503898931061714,90.24285714285715,90.49955834723721,30.970547307245088
3,0.6498536369763315,0.33806638975663983,0.33039020062072166,90.24285714285715,90.49955834723721,30.970547307245088
4,0.6470876890234649,0.34788409264216147,0.34393790793520485,90.24285714285715,90.49955834723721,30.970547307245088
5,0.6888553779572248,0.4379469737055192,0.42655597055475747,90.24285714285715,90.49955834723721,30.970547307245088
6,0.7019551661796868,0.3368749184797981,0.3325264460929132,90.24285714285715,90.49955834723721,30.970547307245088
7,0.7007912946864963,0.3578800654175522,0.34914414340019856,90.24285714285715,90.49955834723721,30.970547307245088
8,0.7278308961540461,0.3469941974018884,0.3429553123099673,90.24285714285715,90.49955834723721,30.970547307245088
9,0.7064918372780085,0.4488313092511709,0.4369747825751008,90.24285714285715,90.49955834723721,30.970547307245088
10,0.6945429961197078,0.32384498390739186,0.3187888275528238,90.24285714285715,90.49955834723721,30.970547307245088
11,0.6779666668735445,0.3331494194151984,0.3254362188054454,90.24285714285715,90.49955834723721,30.970547307245088
12,0.652582966722548,0.3541791856398408,0.350281732996749,90.24285714285715,90.49955834723721,30.970547307245088
13,0.6741602476686239,0.4232878645335586,0.4120592909665036,90.24285714285715,90.49955834723721,30.970547307245088
14,0.686406934633851,0.3351587015283219,0.3306206588962528,90.24285714285715,90.49955834723721,30.970547307245088
15,0.6883982410654426,0.37976254554720495,0.3699032745887519,90.24285714285715,90.49955834723721,30.970547307245088
16,0.6745464382693172,0.34632071614324506,0.3421328923929405,90.24285714285715,90.49955834723721,30.970547307245088
17,0.6453741230070591,0.42702608315180873,0.41554931829671965,90.24285714285715,90.49955834723721,30.970547307245088
18,0.6519449828192592,0.32543090889790854,0.3203757130097095,90.24285714285715,90.49955834723721,30.970547307245088
19,0.6583369160071015,0.3724388244960639,0.3627032948452211,90.24285714285715,90.49955834723721,30.970547307245088
