,times,train_loss,test_loss,train_acc,test_acc,eta
0,0.38749903021380305,0.31969345987787584,0.31397856640066046,90.24285714285715,90.49955834723721,1.5804591241141253
1,0.3934441073797643,0.31967255037177267,0.31395515730766826,90.24285714285715,90.49955834723721,1.5804591241141253
2,0.3825498167425394,0.3196516457156829,0.31393183186302365,90.24285714285715,90.49955834723721,1.5804591241141253
3,0.3831310481764376,0.3196307547305917,0.31390845558918284,90.24285714285715,90.49955834723721,1.5804591241141253
4,0.7011984279379249,0.3517523943672815,0.34352119534769215,90.24285714285715,90.49955834723721,1.5804591241141253
5,0.38743565091863275,0.31951583473883627,0.3137795941657373,90.24285714285715,90.49955834723721,1.5804591241141253
6,0.6853982941247523,0.319419155493164,0.3136712635641939,90.24285714285715,90.49955834723721,1.5804591241141253
7,0.7117355526424944,0.3193268679245168,0.3135678984880461,90.24285714285715,90.49955834723721,1.5804591241141253
8,0.7063064449466765,0.3192504753814957,0.31348210605649923,90.24285714285715,90.49955834723721,1.5804591241141253
9,0.3774733687750995,0.3192297910346362,0.313458986555962,90.24285714285715,90.49955834723721,1.5804591241141253
10,0.9925545621663332,0.3190822294718908,0.31329327244532146,90.24285714285715,90.49955834723721,1.5804591241141253
11,0.9994087782688439,0.3189828661575942,0.31318166239729106,90.24285714285715,90.49955834723721,1.5804591241141253
12,0.9863903787918389,0.3188983555979794,0.3130867874465851,90.24285714285715,90.49955834723721,1.5804591241141253
13,0.9915407570078969,0.31881913410784724,0.31299768832470004,90.24285714285715,90.49955834723721,1.5804591241141253
14,0.6810548901557922,0.3187693879454748,0.3129417848834846,90.24285714285715,90.49955834723721,1.5804591241141253
15,0.3681872049346566,0.31874893864443626,0.31291872582483854,90.24285714285715,90.49955834723721,1.5804591241141253
16,0.682640016078949,0.31867772615448653,0.3128385999210433,90.24285714285715,90.49955834723721,1.5804591241141253
17,0.9965093652717769,0.31856107261693395,0.31270733239342136,90.24285714285715,90.49955834723721,1.5804591241141253
18,0.9926141346804798,0.318479125910762,0.3126150172518419,90.24285714285715,90.49955834723721,1.5804591241141253
19,1.6224140240810812,0.3183794614796216,0.3125027345003259,90.24285714285715,90.49955834723721,1.5804591241141253
