,times,train_loss,test_loss,train_acc,test_acc,eta
0,0.3717407868243754,0.3196419340107239,0.313920756688605,90.24285714285715,90.49955834723721,0.7335841422469557
1,0.37295616138726473,0.31956973208125633,0.3138397951868583,90.24285714285715,90.49955834723721,0.7335841422469557
2,0.6840903661213815,0.3194160537755147,0.31366785736161995,90.24285714285715,90.49955834723721,0.7335841422469557
3,0.6845001601614058,0.3192418028225474,0.31347274115425394,90.24285714285715,90.49955834723721,0.7335841422469557
4,1.0013259020633996,0.31905038416670467,0.3132577215254018,90.24285714285715,90.49955834723721,0.7335841422469557
5,0.3923236667178571,0.3189792391763276,0.3131775737893483,90.24285714285715,90.49955834723721,0.7335841422469557
6,1.3497171001508832,0.31876021692985684,0.3129316560750681,90.24285714285715,90.49955834723721,0.7335841422469557
7,1.0533970771357417,0.31858959752761495,0.3127395992436392,90.24285714285715,90.49955834723721,0.7335841422469557
8,1.050516806077212,0.3184293431272195,0.3125590074582165,90.24285714285715,90.49955834723721,0.7335841422469557
9,0.4536654260009527,0.31835926453220414,0.31248009645515556,90.24285714285715,90.49955834723721,0.7335841422469557
10,0.38654324086382985,0.31828933955755756,0.31240114100239724,90.24285714285715,90.49955834723721,0.7335841422469557
11,0.7009952086955309,0.31810461133023915,0.3121933486218545,90.24285714285715,90.49955834723721,0.7335841422469557
12,0.641582207288593,0.31794291358482885,0.3120103298393562,90.24285714285715,90.49955834723721,0.7335841422469557
13,0.6397031019441783,0.31778448693507694,0.31183092451064665,90.24285714285715,90.49955834723721,0.7335841422469557
14,0.32982839876785874,0.3177155541805754,0.3117527934420368,90.24285714285715,90.49955834723721,0.7335841422469557
15,0.3469307837076485,0.3176467680875515,0.31167533294539984,90.24285714285715,90.49955834723721,0.7335841422469557
16,0.66951400693506,0.31742050166863706,0.31141939673116786,90.24285714285715,90.49955834723721,0.7335841422469557
17,1.2837532497942448,0.3171323221421887,0.31109265907252504,90.24285714285715,90.49955834723721,0.7335841422469557
18,0.6791045917198062,0.31702001504149724,0.31096531187594717,90.24285714285715,90.49955834723721,0.7335841422469557
19,0.9908918491564691,0.31685322457351356,0.3107757576066326,90.24285714285715,90.49955834723721,0.7335841422469557
