,times,train_loss,test_loss,train_acc,test_acc,eta
0,0.31267150305211544,0.6806035943341794,0.6806451775399138,78.47943713589297,78.60600193610843,0.05166198660059535
1,0.23494637804105878,0.6687091748049921,0.6687866053766122,78.78887409891611,79.08311436869036,0.05166198660059535
2,0.23226699512451887,0.6574218934756094,0.6575300903579154,79.11386934499629,79.50490941778455,0.05166198660059535
3,0.23048312216997147,0.646702163743279,0.6468366360331014,79.44923677978115,79.84372839164708,0.05166198660059535
4,0.23008966632187366,0.6365120600558584,0.63666885202528,79.76213113903918,80.1410593278938,0.05166198660059535
5,0.22918117605149746,0.6268164689176818,0.6269921586150669,80.14417342299514,80.54211035818005,0.05166198660059535
6,0.23457022290676832,0.6175818917800284,0.6177735428897455,80.46398257472298,80.8809293320426,0.05166198660059535
7,0.23532502073794603,0.6087776237738166,0.6089827270287895,80.77860563209846,81.11602821186558,0.05166198660059535
8,0.2325492068193853,0.6003747236088486,0.6005911279322977,81.08458519888671,81.37187111049647,0.05166198660059535
9,0.23475948860868812,0.5923464231005161,0.5925723315400891,81.43032482237626,81.6415433549993,0.05166198660059535
10,0.23048799484968185,0.5846680919577335,0.5849020078075586,81.6740712569364,81.98036232886184,0.05166198660059535
11,0.23387257475405931,0.5773162440408399,0.5775569370638647,81.93337597455357,82.32609597566035,0.05166198660059535
12,0.22971940506249666,0.5702697195784636,0.5705161744190137,82.19786678652306,82.56810952841931,0.05166198660059535
13,0.237541354727,0.5635088311555222,0.5637602364119968,82.46062890037513,82.80320840824228,0.05166198660059535
14,0.23258773097768426,0.5570156722330359,0.557271406658283,82.73203450481442,83.02447794219333,0.05166198660059535
15,0.2380879600532353,0.5507734551209024,0.5510330309177753,82.98615312807925,83.25266214908035,0.05166198660059535
16,0.23413613298907876,0.5447664638127889,0.5450295380227848,83.20396909087766,83.51541972064722,0.05166198660059535
17,0.2941603781655431,0.5389803696360839,0.5392466946209951,83.46327380849482,83.80583598395796,0.05166198660059535
18,0.2287849448621273,0.5334020668854706,0.5336714753135772,83.71739243175963,84.027105517909,0.05166198660059535
19,0.23130115726962686,0.5280194301090363,0.5282918590485459,83.96805365878956,84.2138016871802,0.05166198660059535
