,times,train_loss,test_loss,train_acc,test_acc,eta
0,24.789651891216636,,,0.0,0.0,0.8795442791215591
1,13.870949831791222,,,0.0,0.0,0.8795442791215591
2,43.87269834987819,,,0.0,0.0,0.8795442791215591
3,43.89893654314801,,,0.0,0.0,0.8795442791215591
4,11.58940315572545,,,0.0,0.0,0.8795442791215591
5,43.95446480298415,,,0.0,0.0,0.8795442791215591
6,9.84001232124865,,,0.0,0.0,0.8795442791215591
7,37.17970236996189,,,0.0,0.0,0.8795442791215591
8,10.155248744878918,,,0.0,0.0,0.8795442791215591
9,10.255565346218646,,,0.0,0.0,0.8795442791215591
10,37.65431963512674,,,0.0,0.0,0.8795442791215591
11,24.955192784313112,,,0.0,0.0,0.8795442791215591
12,23.88688503811136,,,0.0,0.0,0.8795442791215591
13,11.291008632164448,,,0.0,0.0,0.8795442791215591
14,24.065723134204745,,,0.0,0.0,0.8795442791215591
15,24.605451049748808,,,0.0,0.0,0.8795442791215591
16,10.403458036016673,,,0.0,0.0,0.8795442791215591
17,40.08369218092412,,,0.0,0.0,0.8795442791215591
18,25.86068326793611,,,0.0,0.0,0.8795442791215591
19,11.86891081975773,,,0.0,0.0,0.8795442791215591
