,times,train_loss,test_loss,train_acc,test_acc,eta
0,24.27978973975405,,,0.0,0.0,0.6666666666666666
1,10.681341910269111,,,0.0,0.0,0.6666666666666666
2,10.055584989953786,,,0.0,0.0,0.6666666666666666
3,24.209828577935696,,,0.0,0.0,0.6666666666666666
4,23.815770353656262,,,0.0,0.0,0.6666666666666666
5,38.74647234613076,,,0.0,0.0,0.6666666666666666
6,24.124599177856,,,0.0,0.0,0.6666666666666666
7,24.466387612279505,,,0.0,0.0,0.6666666666666666
8,25.177098073996603,,,0.0,0.0,0.6666666666666666
9,39.162835450377315,,,0.0,0.0,0.6666666666666666
10,24.190756951924413,,,0.0,0.0,0.6666666666666666
11,10.460272450000048,,,0.0,0.0,0.6666666666666666
12,9.886032453738153,,,0.0,0.0,0.6666666666666666
13,24.060746111907065,,,0.0,0.0,0.6666666666666666
14,10.445973796769977,,,0.0,0.0,0.6666666666666666
15,36.81552006723359,,,0.0,0.0,0.6666666666666666
16,9.85487589193508,,,0.0,0.0,0.6666666666666666
17,37.10512233991176,,,0.0,0.0,0.6666666666666666
18,36.72004779614508,,,0.0,0.0,0.6666666666666666
19,22.946176952682436,,,0.0,0.0,0.6666666666666666
