,times,train_loss,test_loss,train_acc,test_acc,eta
0,0.7117108087986708,0.6542394531268243,0.6539844987584233,90.24285714285715,90.49955834723721,0.0018566355334451114
1,0.7291079200804234,0.5404295155275336,0.5393067956197367,90.24285714285715,90.49955834723721,0.0018566355334451114
2,0.7535779909230769,0.4674561934048824,0.4656191009031261,90.24285714285715,90.49955834723721,0.0018566355334451114
3,0.7659747949801385,0.41907675127612215,0.4166343967273293,90.24285714285715,90.49955834723721,0.0018566355334451114
4,0.6990191270597279,0.3864106873092211,0.38344675282920604,90.24285714285715,90.49955834723721,0.0018566355334451114
5,0.807895565405488,0.36421782993300367,0.3608021297661058,90.24285714285715,90.49955834723721,0.0018566355334451114
6,0.7226236797869205,0.34916231845768547,0.3453558696978017,90.24285714285715,90.49955834723721,0.0018566355334451114
7,0.7259203908033669,0.33901063431137035,0.334868095088764,90.24285714285715,90.49955834723721,0.0018566355334451114
8,0.7599281980656087,0.33222809311467894,0.3277988952608962,90.24285714285715,90.49955834723721,0.0018566355334451114
9,0.7557690651156008,0.3277458392664921,0.32307450054923537,90.24285714285715,90.49955834723721,0.0018566355334451114
10,0.7400265536271036,0.3248179568632216,0.31994426216686245,90.24285714285715,90.49955834723721,0.0018566355334451114
11,0.7208069730550051,0.3229275098521192,0.31788645780881136,90.24285714285715,90.49955834723721,0.0018566355334451114
12,0.7158927088603377,0.3217202779978285,0.31654218868365974,90.24285714285715,90.49955834723721,0.0018566355334451114
13,0.6885178089141846,0.32095706552293235,0.3156677791547723,90.24285714285715,90.49955834723721,0.0018566355334451114
14,0.8380959117785096,0.32047882592898214,0.31510003725464847,90.24285714285715,90.49955834723721,0.0018566355334451114
15,0.7001251471228898,0.3201813925554488,0.31473105329643003,90.24285714285715,90.49955834723721,0.0018566355334451114
16,0.7003759597428143,0.31999755594472923,0.3144903473138604,90.24285714285715,90.49955834723721,0.0018566355334451114
17,0.6950076152570546,0.31988448513604356,0.3143322861898576,90.24285714285715,90.49955834723721,0.0018566355334451114
18,0.6822409299202263,0.3198151793060596,0.31422751552430345,90.24285714285715,90.49955834723721,0.0018566355334451114
19,0.6855546371079981,0.3197727856727584,0.31415723844077403,90.24285714285715,90.49955834723721,0.0018566355334451114
