,times,train_loss,test_loss,train_acc,test_acc,eta
0,0.3010762953199446,0.11883000169791126,0.1250317904865364,96.64459695403391,96.11395380998479,0.6666666666666666
1,0.2616120777092874,0.10145552083561855,0.11030437312279544,97.25655608761042,96.57032222375882,0.6666666666666666
2,0.26622708421200514,0.09064055028299893,0.10158605973193312,97.58500872992549,96.79159175770987,0.6666666666666666
3,0.2660005553625524,0.08293869588006869,0.09563104562831248,97.84085605130775,96.98520259991702,0.6666666666666666
4,0.25972302770242095,0.07707106716341325,0.09133461490101366,98.031012844227,97.08892269395658,0.6666666666666666
5,0.2622828087769449,0.07239261324107674,0.08801428937471426,98.16930869362284,97.1511547503803,0.6666666666666666
6,0.2952368282712996,0.05085382533928886,0.07291996033269924,98.66025895897799,97.34476559258746,0.6666666666666666
7,0.28883163910359144,0.047485821949875676,0.07135706805779427,98.76398084602486,97.3378509196515,0.6666666666666666
8,0.27931055799126625,0.04489471911930554,0.07045819367095231,98.86943143118917,97.38625363020329,0.6666666666666666
9,0.27891886606812477,0.04289918802720369,0.06990119046673836,98.94895154459176,97.42082699488314,0.6666666666666666
10,0.26505749486386776,0.042138591063088766,0.06972135571934174,99.00772728058499,97.4277416678191,0.6666666666666666
11,0.2786357533186674,0.04018608470145522,0.06929532247428216,99.08897609210504,97.43465634075508,0.6666666666666666
12,0.25665773497894406,0.03959763958884536,0.06916781779402982,99.11317786574931,97.4277416678191,0.6666666666666666
13,0.2819850891828537,0.03781162076679862,0.06887744312514782,99.1961553753868,97.4277416678191,0.6666666666666666
14,0.2915376704186201,0.03634516951924763,0.06866437125277479,99.25838850761491,97.4069976490112,0.6666666666666666
15,0.30357821471989155,0.035329097850245315,0.06850785227521412,99.30679205490345,97.40008297607523,0.6666666666666666
16,0.286071440204978,0.03469068377156114,0.06840453969081557,99.32926513043027,97.4069976490112,0.6666666666666666
17,0.2730776499956846,0.03417190700700025,0.06832646790934224,99.35000950783964,97.42082699488314,0.6666666666666666
18,0.2588400701060891,0.03386515408134544,0.06828308438622867,99.35692430030943,97.42082699488314,0.6666666666666666
19,0.2744828416034579,0.033112830345351354,0.06819079891521422,99.39322696077583,97.41391232194717,0.6666666666666666
