,times,train_loss,test_loss,train_acc,test_acc,eta
0,0.28802115423604846,0.2982810325247143,0.29898331912919734,91.2355005445399,91.50186696169271,1.2236921017635911
1,0.2844071430154145,0.20777396850046745,0.20962310272829815,94.15700036302661,94.30922417369658,1.2236921017635911
2,0.28914414811879396,0.1640971529538975,0.1671788982928276,95.29448372430723,95.0698381966533,1.2236921017635911
3,0.2628510529175401,0.15697696503455666,0.1605467096048326,95.60392068733037,95.33951044115614,1.2236921017635911
4,0.2885166350752115,0.13437795085892482,0.13908201913203783,96.14500319809152,95.69907343382658,1.2236921017635911
5,0.2873523817397654,0.1210612492685632,0.12668775115468384,96.51148719899044,95.96874567832941,1.2236921017635911
6,0.26649142196401954,0.11864436672697301,0.12459145970125483,96.60656559545006,96.065551099433,1.2236921017635911
7,0.2887243079021573,0.10925120507143271,0.11612872100117422,96.84512593565786,96.23841792283226,1.2236921017635911
8,0.2629468417726457,0.10760032123914781,0.11476054333857666,96.91773125659066,96.30064997925598,1.2236921017635911
9,0.26131587801501155,0.10603744102461934,0.11347428487020393,96.99033657752346,96.3421380168718,1.2236921017635911
10,0.26256111823022366,0.10455353251087997,0.11226036243147448,97.04911231351669,96.36288203567972,1.2236921017635911
11,0.28241670224815607,0.09564062333660212,0.10466854169805205,97.32051791795598,96.5979809155027,1.2236921017635911
12,0.26498907897621393,0.09461091865237783,0.10387027181260097,97.36027797465728,96.6187249343106,1.2236921017635911
13,0.2638845555484295,0.09361751245288902,0.10310325177254086,97.39485193700624,96.6671276448624,1.2236921017635911
14,0.2653417899273336,0.09265803661552395,0.10236570963440231,97.42769720123775,96.67404231779837,1.2236921017635911
15,0.2769578848965466,0.08558108960984094,0.09664965104400158,97.64032706968382,96.90914119762135,1.2236921017635911
16,0.3044781759381294,0.07894737837159216,0.09143721259023001,97.82702646636818,96.97828792698105,1.2236921017635911
17,0.2995572639629245,0.07559320777106092,0.08893854859013575,97.92383356094525,97.0612640022127,1.2236921017635911
18,0.259982337243855,0.07511552036873749,0.08862481104657785,97.94112054211973,97.07509334808464,1.2236921017635911
19,0.30637921625748277,0.07270541329217255,0.0869542912547122,98.02236935363977,97.1304107315724,1.2236921017635911
