,times,train_loss,test_loss,train_acc,test_acc,eta
0,0.2570948419161141,0.25925758423686995,0.26107866395459356,93.70581015437274,93.92200248928226,0.7335841422469557
1,0.3059805650264025,0.14572189584483436,0.14914131948662376,95.35844555465279,95.17355829069285,0.7335841422469557
2,0.2849955162964761,0.12508428201952776,0.13027774362504022,96.20377893408474,95.70598810676255,0.7335841422469557
3,0.30323068518191576,0.11048911935708083,0.1172113462512537,96.74486144484588,96.12778315585673,0.7335841422469557
4,0.2846850478090346,0.10234809985902779,0.1103287932190677,97.0715853890435,96.38362605448762,0.7335841422469557
5,0.3063448378816247,0.09471865816318219,0.10411152241656732,97.35163448407005,96.61181026137464,0.7335841422469557
6,0.26380445528775454,0.09251098272170477,0.10240936516417615,97.43115459747264,96.70861568247823,0.7335841422469557
7,0.30194669077172875,0.08685777140512804,0.09804522239187947,97.62822618286168,96.83307979532569,0.7335841422469557
8,0.261053167283535,0.0851915112523452,0.09680756624624796,97.69045931508981,96.86765316000553,0.7335841422469557
9,0.2779987561516464,0.08145660313119575,0.09404754137391987,97.8097394851937,97.01977596459687,0.7335841422469557
10,0.3078367388807237,0.07735712632944128,0.09108694780476947,97.94284924023718,97.0612640022127,0.7335841422469557
11,0.2633901541121304,0.07620789833083001,0.09028518678150371,97.99471018376062,97.08200802102061,0.7335841422469557
12,0.28090543299913406,0.07336412105029337,0.088313823710821,98.09151727833769,97.11658138570046,0.7335841422469557
13,0.2811513990163803,0.0713564915530233,0.08694760940077277,98.15893650491815,97.15806942331628,0.7335841422469557
14,0.26204780396074057,0.07046703354268236,0.08635442940233891,98.17622348609262,97.17189876918822,0.7335841422469557
15,0.2600506260059774,0.06961223800775128,0.08578930132540391,98.21944093902881,97.1995574609321,0.7335841422469557
16,0.26634926814585924,0.0687899637849058,0.08524961931864639,98.25228620326033,97.1995574609321,0.7335841422469557
17,0.28276964696124196,0.06569377219336309,0.0832363048950778,98.34736459971995,97.2687041902918,0.7335841422469557
18,0.2634123433381319,0.06500956882214888,0.08280535115204843,98.37502376959911,97.25487484441986,0.7335841422469557
19,0.2813963112421334,0.06260680857268247,0.08129758714861497,98.44935778864937,97.26178951735582,0.7335841422469557
