,times,train_loss,test_loss,train_acc,test_acc,eta
0,1.8258853750303388,0.1997675944992139,0.1912558505438855,0.0,0.0,3.1609182482282496
1,0.41738120187073946,0.1997545158647339,0.19124630857958771,0.0,0.0,3.1609182482282496
2,0.7452529352158308,0.1997189308327749,0.19121772728137099,0.0,0.0,3.1609182482282496
3,1.000120542012155,0.19965343300702493,0.19116872594004808,0.0,0.0,3.1609182482282496
4,0.7008422696962953,0.19960503767953444,0.19113202966041085,0.0,0.0,3.1609182482282496
5,0.7407067799940705,0.19955841046706155,0.191094214326316,0.0,0.0,3.1609182482282496
6,0.43934763316065073,0.19954543209678727,0.191083132449287,0.0,0.0,3.1609182482282496
7,1.3745111445896327,0.19943751859001715,0.19100438631734273,0.0,0.0,3.1609182482282496
8,0.480686082970351,0.19942457902108837,0.19099078504227104,0.0,0.0,3.1609182482282496
9,0.4742365051060915,0.19941164572079462,0.19098006304102216,0.0,0.0,3.1609182482282496
10,0.4540815087966621,0.19939871848005333,0.1909767207933777,0.0,0.0,3.1609182482282496
11,0.7503664791584015,0.19931256751201393,0.1909063222457282,0.0,0.0,3.1609182482282496
12,0.4662752877920866,0.19929967293808967,0.19089763127653295,0.0,0.0,3.1609182482282496
13,0.7651200536638498,0.1991996967467666,0.19082277646931206,0.0,0.0,3.1609182482282496
14,0.4147940711118281,0.1991868386063535,0.19080835484975367,0.0,0.0,3.1609182482282496
15,0.3855793410912156,0.1991739864579625,0.1908022182049426,0.0,0.0,3.1609182482282496
16,1.2844591531902552,0.19890495256272253,0.19059496463842387,0.0,0.0,3.1609182482282496
17,0.4225561711937189,0.1988875590100035,0.19058787295246377,0.0,0.0,3.1609182482282496
18,0.8364211232401431,0.1987986112666829,0.190515114090308,0.0,0.0,3.1609182482282496
19,1.0151442061178386,0.19865335099133094,0.19040680621541053,0.0,0.0,3.1609182482282496
