,times,train_loss,test_loss,train_acc,test_acc,eta
0,0.4586522802710533,0.19982381429593146,0.18804193058617502,0.0,0.0,1.8949207063585727
1,0.4357195682823658,0.19973467696468442,0.19145785409028593,0.0,0.0,1.8949207063585727
2,0.9482406913302839,0.19987833157507237,0.1841767139163168,0.0,0.0,1.8949207063585727
3,0.4155655838549137,0.1995663626358455,0.19114799965711096,0.0,0.0,1.8949207063585727
4,0.40680725080892444,0.19953399870711286,0.1911098539254163,0.0,0.0,1.8949207063585727
5,0.45122235314920545,0.19950166814367026,0.19106832200225016,0.0,0.0,1.8949207063585727
6,0.7351428708061576,0.19934507123469516,0.19058819317038556,0.0,0.0,1.8949207063585727
7,0.7200780091807246,0.19920832376595185,0.19082640316990643,0.0,0.0,1.8949207063585727
8,1.0204192600212991,0.19899198096280696,0.1906903756343184,0.0,0.0,1.8949207063585727
9,0.72994553623721,0.19896006823225007,0.19067849534472325,0.0,0.0,1.8949207063585727
10,0.6791136101819575,0.1987455535710229,0.19047808852340037,0.0,0.0,1.8949207063585727
11,0.644575382117182,0.19861812062650155,0.1903477520818636,0.0,0.0,1.8949207063585727
12,0.4872714108787477,0.19858637689708686,0.19032923087391185,0.0,0.0,1.8949207063585727
13,0.679064282681793,0.19845623674215995,0.1902800371480149,0.0,0.0,1.8949207063585727
14,0.987538387067616,0.19824566753128336,0.19010228521309772,0.0,0.0,1.8949207063585727
15,0.47499635396525264,0.1982143280803794,0.19010585491493492,0.0,0.0,1.8949207063585727
16,0.9479746399447322,0.1980272699826733,0.1899303680697739,0.0,0.0,1.8949207063585727
17,0.3921950268559158,0.1979960921958991,0.18987585062108903,0.0,0.0,1.8949207063585727
18,0.697471312712878,0.1978657298180536,0.18977246775642345,0.0,0.0,1.8949207063585727
19,1.4750539688393474,0.19758787614449924,0.18959927386258718,0.0,0.0,1.8949207063585727
