,times,train_loss,test_loss,train_acc,test_acc,eta
0,0.23835835326462984,0.691489038400561,0.6914947542453824,78.19765934274898,78.41239109390126,0.006672402148800233
1,0.2997623640112579,0.347033771000965,0.34782089939638466,89.93379086210174,90.04287097220302,0.006672402148800233
2,0.3255632068030536,0.21996824885940594,0.2218239227238962,93.38254360641001,93.54861015073988,0.006672402148800233
3,0.35884738713502884,0.146939162443316,0.1505056824183654,95.29621242242467,94.92463006499793,0.006672402148800233
4,0.39265294885262847,0.1095197739910248,0.1158533756189359,96.2348955001988,95.71981745263449,0.006672402148800233
5,0.4131472622975707,0.09155804135352026,0.10067833311562811,96.8036371808391,96.1346978287927,0.006672402148800233
6,0.4474518080241978,0.0819395956182844,0.09356789204353216,97.20469514408698,96.4596874567833,0.006672402148800233
7,0.47320418432354927,0.07323806602870114,0.0877479931020945,97.56080695628123,96.75010372009405,0.006672402148800233
8,0.5012475880794227,0.06451736983807206,0.08266169481951807,97.91000397600567,96.82616512238971,0.006672402148800233
9,0.5275111678056419,0.058030993165774696,0.0796971028670397,98.1537504105658,96.86073848706957,0.006672402148800233
10,0.5557420663535595,0.054485464871037184,0.07780189701463391,98.31106193925355,96.95062923523717,0.006672402148800233
11,0.560566539876163,0.04920856849355072,0.07545660387997662,98.62395629851159,97.04051998340478,0.006672402148800233
12,0.5905900858342648,0.04541911585048969,0.07528221993948979,98.73632167614569,97.15806942331628,0.006672402148800233
13,0.5733576640486717,0.0432555440826217,0.07658177064050486,98.80028350649125,97.17189876918822,0.006672402148800233
14,0.577392487321049,0.04149991631526466,0.07668772270166281,98.86943143118917,97.16498409625224,0.006672402148800233
15,0.5764029063284397,0.03943474450995904,0.07612454897206383,98.9541376389441,97.18572811506016,0.006672402148800233
16,0.573881265707314,0.03735983197010388,0.07593065846686872,98.99908378999775,97.15806942331628,0.006672402148800233
17,0.5690105757676065,0.03594664614923132,0.07582575970331394,99.06650301657821,97.21338680680404,0.006672402148800233
18,0.5712183411233127,0.03467871478954315,0.07508729857119757,99.1529379224506,97.22030147974,0.006672402148800233
19,0.5708430567756295,0.033087342172698306,0.07494035384413981,99.24455892267534,97.27561886322776,0.006672402148800233
