,times,train_loss,test_loss,train_acc,test_acc,eta
0,0.2228046515956521,0.6268629333613817,0.6270383751959828,80.14071602676024,80.54902503111603,0.3097054730724509
1,0.30809106631204486,0.11228744851648685,0.11976798918643775,96.80190848272166,96.1346978287927,0.3097054730724509
2,0.33207536581903696,0.04584645726069166,0.07570057083866234,98.67408854391758,97.08892269395658,0.3097054730724509
3,0.3565190648660064,0.02986340766975674,0.07496245712377654,99.33099382854772,97.35168026552344,0.3097054730724509
4,0.3975205603055656,0.0257264216078008,0.07543941585235078,99.59721333863467,97.30327755497164,0.3097054730724509
5,0.4245897848159075,0.02435049942726368,0.07492230169776688,99.6559890746279,97.3585949384594,0.3097054730724509
6,0.4598789280280471,0.023570304058925386,0.07521001414551048,99.70439262191644,97.31019222790762,0.3097054730724509
7,0.481929421890527,0.023023748133019363,0.07491167774637572,99.71303611250367,97.31710690084358,0.3097054730724509
8,0.5106697198934853,0.022759288450451567,0.07529563391364215,99.71303611250367,97.31710690084358,0.3097054730724509
9,0.5403679879382253,0.022573386601521507,0.07544795365780908,99.7216796030909,97.29636288203568,0.3097054730724509
10,0.571595516987145,0.022472887910946475,0.0747890130767184,99.70957871626878,97.29636288203568,0.3097054730724509
11,0.5685393549501896,0.022427841834301236,0.0748084822046946,99.71822220685601,97.30327755497164,0.3097054730724509
12,0.5623678411357105,0.022425617389230892,0.07512794458894939,99.72513699932581,97.2687041902918,0.3097054730724509
13,0.550438511185348,0.0989720158353639,0.17589484537479824,99.36556779089668,96.78467708477389,0.3097054730724509
14,0.5438796551898122,0.5320247533578215,0.48260097483563735,97.40522412571093,95.83045221961001,0.3097054730724509
15,0.5407120627351105,0.6705148738747262,0.5041484145905845,98.68446073262226,96.70170100954225,0.3097054730724509
16,0.5416809818707407,0.0823078438170371,0.14191558612613392,98.47701695852854,96.3213939980639,0.3097054730724509
17,0.5480424789711833,0.13323705694948534,0.18446571233870465,99.14775182809827,97.0612640022127,0.3097054730724509
18,0.5546683860011399,0.2526721688031095,0.28235452234313624,97.12690372880184,95.78896418199419,0.3097054730724509
19,0.5534584568813443,0.07501615077557344,0.1438581158014307,99.28431897937664,97.08892269395658,0.3097054730724509
