,times,train_loss,test_loss,train_acc,test_acc,eta
0,0.2217649631202221,0.6872415597339555,0.6872616138563525,78.31866821097032,78.46770847738902,0.023979370012757645
1,0.3037447389215231,0.23959869898528338,0.2401303191605177,92.6616764914343,92.98852164292629,0.023979370012757645
2,0.3300726399756968,0.12441521221012035,0.12876343523476405,95.9704046882293,95.69907343382658,0.023979370012757645
3,0.3586804592050612,0.08500457676473151,0.09431746364552056,97.15456289868101,96.46660212971926,0.023979370012757645
4,0.3997566527687013,0.06544668252884864,0.08110254599755692,97.93420574964993,96.92988521642927,0.023979370012757645
5,0.4237153558060527,0.05143738823276756,0.07541127166418828,98.45108648676681,97.14424007744434,0.023979370012757645
6,0.4620889010839164,0.0435804214493744,0.07419307142947193,98.81584178954829,97.15806942331628,0.023979370012757645
7,0.4756066701374948,0.039033438764109044,0.07460011098133416,98.97142462011858,97.14424007744434,0.023979370012757645
8,0.5330449310131371,0.03642980220389092,0.07597410944772705,99.05785952599098,97.1995574609321,0.023979370012757645
9,0.532297357916832,0.03365301989869049,0.07553988091011624,99.20479886597404,97.29636288203568,0.023979370012757645
10,0.5669003147631884,0.030810943670080092,0.07521490541060825,99.3379086210175,97.31710690084358,0.023979370012757645
11,0.5495841382071376,0.029851433428779946,0.07488258221593558,99.41224264006776,97.2894482090997,0.023979370012757645
12,0.5465331608429551,0.028324638721182377,0.07552431871711315,99.49003405535291,97.32402157377956,0.023979370012757645
13,0.5508968513458967,0.027309411053760342,0.07576187506582241,99.52460801770187,97.31019222790762,0.023979370012757645
14,0.5566763179376721,0.02672064247749996,0.075465882587322,99.56436807440316,97.32402157377956,0.023979370012757645
15,0.5600217813625932,0.025913434273801654,0.07567108203277267,99.59721333863467,97.34476559258746,0.023979370012757645
16,0.5595532939769328,0.025413900627970127,0.07602246939979275,99.63178730098363,97.33093624671552,0.023979370012757645
17,0.563252376858145,0.024997879085280495,0.07621708117632889,99.64043079157086,97.39316830313926,0.023979370012757645
18,0.5664193700067699,0.024625578683731164,0.0758763524619555,99.65426037651045,97.36550961139538,0.023979370012757645
19,0.5638595009222627,0.024304261238818486,0.07585272152099652,99.66636126333259,97.37933895726732,0.023979370012757645
