,times,train_loss,test_loss,train_acc,test_acc,eta
0,0.27984100580215454,0.570755899118186,0.5710003775752241,82.15983542793921,82.4989627990596,0.6672402148800234
1,0.24134154617786407,0.4999041115158726,0.5001941214035952,85.19715802029492,85.27174664638363,0.6672402148800234
2,0.23449524398893118,0.45245363271343575,0.4528091651863066,87.07452417584318,87.00041488037616,0.6672402148800234
3,0.2311246353201568,0.4175451297280287,0.41799510041752286,88.38487734886857,88.27962937353064,0.6672402148800234
4,0.2305006799288094,0.39035357654956454,0.3909133285077577,89.34084740781717,89.35831835154197,0.6672402148800234
5,0.23019482661038637,0.3683481266621364,0.36902280995601844,90.08591629643715,90.04978564513898,0.6672402148800234
6,0.23012665193527937,0.3500559138647367,0.3508453314294913,90.70997631683579,90.84497303277556,0.6672402148800234
7,0.22919934382662177,0.3345321170379522,0.33543333753960874,91.19746918595605,91.46729359701285,0.6672402148800234
8,0.23401540098711848,0.32114473849245767,0.3221538816354867,91.65557418707971,91.92366201078688,0.6672402148800234
9,0.2319907541386783,0.3094418255934445,0.3105555655240673,92.05144605597525,92.27631033052137,0.6672402148800234
10,0.2420282200910151,0.2990977680335806,0.3003127810720498,92.34186733970647,92.63587332319182,0.6672402148800234
11,0.24020256893709302,0.2898679829906214,0.29118115365757236,92.65649039708195,92.99543631586226,0.6672402148800234
12,0.23048434406518936,0.28156369742048465,0.282972179609293,92.9659273601051,93.23744986862121,0.6672402148800234
13,0.22972039133310318,0.27403957573458976,0.27554098287657947,93.22696077583971,93.45871940257226,0.6672402148800234
14,0.2258644439280033,0.2671791518112968,0.2687713353918152,93.44650543675559,93.64541557184346,0.6672402148800234
15,0.22898233914747834,0.2608897119251766,0.26257067540594037,93.62283264473525,93.80445304937076,0.6672402148800234
16,0.23093094769865274,0.25509476544141835,0.25686257868589585,93.78705896589278,93.97040519983405,0.6672402148800234
17,0.23460630094632506,0.24973234189020313,0.2515855093349513,93.93918440022819,94.11561333148941,0.6672402148800234
18,0.23167890589684248,0.2447502572016001,0.24668716248434105,94.0480923816274,94.26773613608077,0.6672402148800234
19,0.2323607997968793,0.24010504409248487,0.24212439100123462,94.2036752121977,94.35762688424838,0.6672402148800234
