,times,train_loss,test_loss,train_acc,test_acc,eta
0,0.22908558510243893,0.4306002562246611,0.4310051413596849,87.90948536657044,87.80943161388467,2.397937001275765
1,0.23584254318848252,0.34692955061474373,0.3477376319350058,90.78949643023839,90.93486378094316,2.397937001275765
2,0.22851544013246894,0.3012243335315188,0.3024154772161998,92.27963420747835,92.53215322915226,2.397937001275765
3,0.2540715793147683,0.27137447975477547,0.2729068977469187,93.31166698359465,93.520951458996,2.397937001275765
4,0.22994353901594877,0.24987451590463128,0.25172244701412944,93.9322696077584,94.12252800442539,2.397937001275765
5,0.23269573599100113,0.23341836416010864,0.23556185317809802,94.35752934465054,94.45443230535196,2.397937001275765
6,0.23014154192060232,0.2202807610735272,0.22270310879388922,94.70845506249243,94.75867791453464,2.397937001275765
7,0.22721055103465915,0.20946295946459217,0.2121515272628945,95.01443462928069,94.93845941086987,2.397937001275765
8,0.22849710192531347,0.20034462093797192,0.20328778649403598,95.235707988314,95.0698381966533,2.397937001275765
9,0.22826659120619297,0.19251674923386158,0.19570450481769966,95.41894998876346,95.15972894482091,2.397937001275765
10,0.23772731376811862,0.18569637253317534,0.18911931200891594,95.5468736494546,95.33951044115614,2.397937001275765
11,0.23419732181355357,0.17968083243881555,0.18333024580975532,95.67998340449807,95.50546259161942,2.397937001275765
12,0.2340052742511034,0.17432049229760044,0.1781885661260046,95.79580617836707,95.56769464804314,2.397937001275765
13,0.23343211179599166,0.1695023618669973,0.17358144730689487,95.88915587670925,95.61609735859494,2.397937001275765
14,0.232544235419482,0.16513794674943075,0.16942169055747527,96.00497865057825,95.6921587608906,2.397937001275765
15,0.23829673090949655,0.16115957354238744,0.1656417959490726,96.08968485833319,95.76130549025031,2.397937001275765
16,0.23292001290246844,0.15751166828193056,0.16218658381820608,96.18649195291026,95.83736689254599,2.397937001275765
17,0.23100933199748397,0.1541502286523929,0.1590123065958604,96.2677407644303,95.93417231364957,2.397937001275765
18,0.22884723776951432,0.1510382788704355,0.15608266381265956,96.33170259477588,95.96183100539345,2.397937001275765
19,0.22891826322302222,0.14814575919202105,0.15336753841097808,96.40430791570869,96.02406306181717,2.397937001275765
