,times,train_loss,test_loss,train_acc,test_acc,eta
0,0.23142173187807202,0.17510260647577186,0.1789532353872697,95.82000795201134,95.51237726455538,30.970547307245088
1,0.2399906748905778,0.1346578611753056,0.14077371266138,96.71720227496672,96.16927119347255,30.970547307245088
2,0.22975585609674454,0.11559988911322068,0.12350837493355923,97.10961674762736,96.45277278384732,30.970547307245088
3,0.23148661339655519,0.10370756132875061,0.11311774662785554,97.3896658426539,96.64638362605449,30.970547307245088
4,0.22869095392525196,0.09528857714037779,0.10600297108678153,97.59192352239529,96.85382381413359,30.970547307245088
5,0.23226996418088675,0.0888636477223974,0.10075201216148674,97.76133593790516,96.92988521642927,30.970547307245088
6,0.23400221392512321,0.0837255504091747,0.09668433771631113,97.88753090047885,97.0128612916609,30.970547307245088
7,0.23453987995162606,0.07947876326269429,0.09341865932594391,98.01026846681764,97.04743465634076,30.970547307245088
8,0.23338333005085588,0.07588249682577256,0.09073536605220425,98.10016076892492,97.1304107315724,30.970547307245088
9,0.22839377401396632,0.07277777430260027,0.08848517557471561,98.18313827856241,97.17189876918822,30.970547307245088
10,0.22999587003141642,0.0700584121798558,0.08656361433600196,98.28686016560928,97.24104549854792,30.970547307245088
11,0.22964742872864008,0.06764873358838076,0.08490865641727212,98.3490932978374,97.2687041902918,30.970547307245088
12,0.2306484468281269,0.06549186042570118,0.08346241369199286,98.42169861877021,97.30327755497164,30.970547307245088
13,0.23427715618163347,0.06354532484113379,0.08218963526955596,98.4649160717064,97.31710690084358,30.970547307245088
14,0.23343645222485065,0.061775942246696365,0.08106130233778167,98.51677701522983,97.32402157377956,30.970547307245088
15,0.2314970581792295,0.06015814413199911,0.0800544406661992,98.5772814493405,97.33093624671552,30.970547307245088
16,0.23294386081397533,0.0586709671901449,0.07915055813137646,98.62395629851159,97.34476559258746,30.970547307245088
17,0.22699256800115108,0.0572976061184371,0.07833488491570471,98.66544505333033,97.35168026552344,30.970547307245088
18,0.229361932259053,0.0560237014316415,0.07759603712127738,98.71039120438398,97.36550961139538,30.970547307245088
19,0.22398440586403012,0.054837871648418385,0.07692222685286138,98.75360865732017,97.3585949384594,30.970547307245088
