,times,train_loss,test_loss,train_acc,test_acc,eta
0,0.22198287025094032,0.2822156076718605,0.2836343372608572,92.93999688834339,93.18213248513345,8.617738760127532
1,0.23054650658741593,0.21807716122452264,0.22057334730571085,94.77414559095546,94.78633660627852,8.617738760127532
2,0.2279723878018558,0.18709274158708156,0.19048871400824977,95.52440057392778,95.29802240354032,8.617738760127532
3,0.22785522416234016,0.1677933127020537,0.1719704197477481,95.92545853717566,95.65067072327479,8.617738760127532
4,0.2276679640635848,0.15423335258923015,0.1591075807971329,96.26946946254776,95.93417231364957,8.617738760127532
5,0.23181715328246355,0.14398892577885297,0.14949546994895468,96.51148719899044,96.07246577236897,8.617738760127532
6,0.23266264237463474,0.13587608656540445,0.14196464277264403,96.68435701073521,96.17618586640852,8.617738760127532
7,0.2300634910352528,0.1292252985939845,0.13585563450007962,96.82956765260083,96.24533259576822,8.617738760127532
8,0.22949807904660702,0.12363302466211731,0.13077061549487645,96.96094870952686,96.3213939980639,8.617738760127532
9,0.22965432005003095,0.1188368076177302,0.12645136960176348,97.05256970975158,96.42511409210344,8.617738760127532
10,0.22762366710230708,0.11465631247388967,0.12272413687446353,97.13036112503673,96.46660212971926,8.617738760127532
11,0.2282269182614982,0.11096489454873712,0.11946496321126182,97.21852472902657,96.54266353201494,8.617738760127532
12,0.22942989179864526,0.10767023006521996,0.11658450729417838,97.28940135184193,96.63946895311852,8.617738760127532
13,0.23516126815229654,0.10470256794001502,0.11401410205953773,97.36027797465728,96.67404231779837,8.617738760127532
14,0.22985857678577304,0.10200816589415163,0.11170277249653492,97.42078240876796,96.70170100954225,8.617738760127532
15,0.2301345090381801,0.09954552374128954,0.10961001018286329,97.49165903158331,96.75701839303001,8.617738760127532
16,0.22689170995727181,0.09728143600152703,0.10770390603171345,97.54006257887185,96.82616512238971,8.617738760127532
17,0.22925698990002275,0.09518908420304782,0.1059584117085425,97.60402440921742,96.86765316000553,8.617738760127532
18,0.22579169925302267,0.09324662623241964,0.10435259971930655,97.6541566546234,96.90222652468539,8.617738760127532
19,0.23177119810134172,0.09143629263618704,0.1028697308874381,97.69564540944215,96.90914119762135,8.617738760127532
