,times,train_loss,test_loss,train_acc,test_acc,eta
0,0.632037668954581,0.19978907160959222,0.1912828528096766,0.0,0.0,0.5994842503189413
1,0.6411366201937199,0.1997805457331268,0.19126581395387526,0.0,0.0,0.5994842503189413
2,0.6308160019107163,0.19977202214336523,0.191259544346549,0.0,0.0,0.5994842503189413
3,0.6435179836116731,0.19976350030666518,0.19125292683601358,0.0,0.0,0.5994842503189413
4,0.6449371539056301,0.1997549802280752,0.19124703367737764,0.0,0.0,0.5994842503189413
5,0.645739131141454,0.19974646191548373,0.19124020908559372,0.0,0.0,0.5994842503189413
6,0.6531973690725863,0.1997379453210754,0.19123351072651623,0.0,0.0,0.5994842503189413
7,0.6421441319398582,0.19972943048838823,0.19122713715858844,0.0,0.0,0.5994842503189413
8,0.6416932861320674,0.19972091741380896,0.19122094520601604,0.0,0.0,0.5994842503189413
9,0.6415340667590499,0.19971240607381838,0.19121471001969792,0.0,0.0,0.5994842503189413
10,0.6447580219246447,0.19970389646744305,0.191207696693662,0.0,0.0,0.5994842503189413
11,0.636978505179286,0.19969538860708722,0.19120118264257785,0.0,0.0,0.5994842503189413
12,0.6351183871738613,0.19968688248600502,0.19119424755597725,0.0,0.0,0.5994842503189413
13,0.6363184740766883,0.1996783781083763,0.19118811104419217,0.0,0.0,0.5994842503189413
14,0.7113365149125457,0.1996698754928411,0.19118255932863443,0.0,0.0,0.5994842503189413
15,0.6493684519082308,0.1996613746017321,0.19117501314804788,0.0,0.0,0.5994842503189413
16,0.6301415050402284,0.19965287541899573,0.1911692150991703,0.0,0.0,0.5994842503189413
17,0.6036927541717887,0.1996443780069303,0.19116258305077807,0.0,0.0,0.5994842503189413
18,0.6204114081338048,0.19963588233165339,0.19115624280052562,0.0,0.0,0.5994842503189413
19,0.6104216510429978,0.19962738835615618,0.1911494001931306,0.0,0.0,0.5994842503189413
