,times,train_loss,test_loss,train_acc,test_acc,eta
0,0.5949169150553644,0.21530500348354728,0.26065512373593713,0.0,0.0,0.04641588833612778
1,0.607892035972327,0.19983525701389818,0.19401669117265882,0.0,0.0,0.04641588833612778
2,0.6014829236082733,0.19979574222355612,0.19141293695944617,0.0,0.0,0.04641588833612778
3,0.6125941816717386,0.19979498438273413,0.1912838197048985,0.0,0.0,0.04641588833612778
4,0.6049307673238218,0.1997943239005668,0.19127687301417914,0.0,0.0,0.04641588833612778
5,0.6064362782053649,0.19979366367366877,0.19127604615743138,0.0,0.0,0.04641588833612778
6,0.6124957269057631,0.19979300345785753,0.19127552515131832,0.0,0.0,0.04641588833612778
7,0.6145927459001541,0.19979234325257464,0.19127502415469483,0.0,0.0,0.04641588833612778
8,0.6047151596285403,0.19979168305779724,0.19127452444970905,0.0,0.0,0.04641588833612778
9,0.6118728001601994,0.19979102287338993,0.1912740135102017,0.0,0.0,0.04641588833612778
10,0.6020528580993414,0.19979036269933692,0.191273519461753,0.0,0.0,0.04641588833612778
11,0.6084727710112929,0.19978970253593034,0.19127301440385142,0.0,0.0,0.04641588833612778
12,0.6075705527327955,0.19978904238293677,0.19127250854153305,0.0,0.0,0.04641588833612778
13,0.6018095989711583,0.19978838224039744,0.19127201065689312,0.0,0.0,0.04641588833612778
14,0.6028370796702802,0.19978772210837897,0.19127150448036156,0.0,0.0,0.04641588833612778
15,0.6047599408775568,0.19978706198693114,0.19127100032816272,0.0,0.0,0.04641588833612778
16,0.6295607229694724,0.19978640187601002,0.19127050698914477,0.0,0.0,0.04641588833612778
17,0.6632682899944484,0.19978574177548045,0.19127000709114028,0.0,0.0,0.04641588833612778
18,0.6548032462596893,0.19978508168548345,0.191269494325298,0.0,0.0,0.04641588833612778
19,0.6673289500176907,0.19978442160596313,0.1912689867315347,0.0,0.0,0.04641588833612778
