,times,train_loss,test_loss,train_acc,test_acc,eta
0,0.6401430191472173,5.893456065850114e+180,5.8938231149223945e+180,0.0,0.0,27.82559402207123
1,0.628627291880548,inf,inf,0.0,0.0,27.82559402207123
2,0.6446827640756965,inf,inf,0.0,0.0,27.82559402207123
3,0.6506133442744613,,,0.0,0.0,27.82559402207123
4,0.645074789877981,,,0.0,0.0,27.82559402207123
5,0.632732299156487,,,0.0,0.0,27.82559402207123
6,0.6280900719575584,,,0.0,0.0,27.82559402207123
7,0.6335227130912244,,,0.0,0.0,27.82559402207123
8,0.5899694580584764,,,0.0,0.0,27.82559402207123
9,0.6309300800785422,,,0.0,0.0,27.82559402207123
10,0.6417071502655745,,,0.0,0.0,27.82559402207123
11,0.6359864571131766,,,0.0,0.0,27.82559402207123
12,0.6349194422364235,,,0.0,0.0,27.82559402207123
13,0.6383633259683847,,,0.0,0.0,27.82559402207123
14,0.6356057869270444,,,0.0,0.0,27.82559402207123
15,0.6431377828121185,,,0.0,0.0,27.82559402207123
16,0.6353085651062429,,,0.0,0.0,27.82559402207123
17,0.6311387531459332,,,0.0,0.0,27.82559402207123
18,0.6298656561411917,,,0.0,0.0,27.82559402207123
19,0.6362812262959778,,,0.0,0.0,27.82559402207123
