,times,train_loss,test_loss,train_acc,test_acc,eta
0,0.645407339092344,1.5991577504864077e+105,1.599257487334854e+105,0.0,0.0,7.742636826811272
1,0.6387161109596491,4.1414374115360404e+209,4.1416940456087884e+209,0.0,0.0,7.742636826811272
2,0.6314856787212193,inf,inf,0.0,0.0,7.742636826811272
3,0.6427816906943917,inf,inf,0.0,0.0,7.742636826811272
4,0.6386985899880528,inf,inf,0.0,0.0,7.742636826811272
5,0.6482384009286761,,,0.0,0.0,7.742636826811272
6,0.7534319390542805,,,0.0,0.0,7.742636826811272
7,0.6926597212441266,,,0.0,0.0,7.742636826811272
8,0.7629176820628345,,,0.0,0.0,7.742636826811272
9,0.751763183157891,,,0.0,0.0,7.742636826811272
10,0.6510391081683338,,,0.0,0.0,7.742636826811272
11,0.6669018678367138,,,0.0,0.0,7.742636826811272
12,0.6284845811314881,,,0.0,0.0,7.742636826811272
13,0.602996270172298,,,0.0,0.0,7.742636826811272
14,0.7881275699473917,,,0.0,0.0,7.742636826811272
15,0.6078163827769458,,,0.0,0.0,7.742636826811272
16,0.7155016572214663,,,0.0,0.0,7.742636826811272
17,0.6909305667504668,,,0.0,0.0,7.742636826811272
18,0.8281545150093734,,,0.0,0.0,7.742636826811272
19,0.6638109060004354,,,0.0,0.0,7.742636826811272
