,times,train_loss,test_loss,train_acc,test_acc,eta
0,0.6438769600354135,0.19978909414915302,0.19128923378202972,0.0,0.0,0.5994842503189413
1,0.6110875639133155,0.19978056736432073,0.19126617053406636,0.0,0.0,0.5994842503189413
2,0.626859009731561,0.19977204382041905,0.1912600853558955,0.0,0.0,0.5994842503189413
3,0.6497399201616645,0.19976352201196418,0.1912529960254911,0.0,0.0,0.5994842503189413
4,0.5769612151198089,0.19975500194585002,0.19124638131151084,0.0,0.0,0.5994842503189413
5,0.5635138773359358,0.19974648364346329,0.1912409114840931,0.0,0.0,0.5994842503189413
6,0.5577726918272674,0.19973796708963512,0.19123383184915313,0.0,0.0,0.5994842503189413
7,0.5983742410317063,0.1997294522763183,0.19122750459143836,0.0,0.0,0.5994842503189413
8,0.6892215688712895,0.19972093918708966,0.19122043867058652,0.0,0.0,0.5994842503189413
9,0.5559465009719133,0.19971242784388457,0.1912142694565615,0.0,0.0,0.5994842503189413
10,0.5508663658984005,0.1997039182563499,0.19120771713083534,0.0,0.0,0.5994842503189413
11,0.6310407742857933,0.19969541042422673,0.1912014275714619,0.0,0.0,0.5994842503189413
12,0.5591739709489048,0.19968690432171976,0.19119479515112053,0.0,0.0,0.5994842503189413
13,0.6235669138841331,0.19967839995896444,0.19118813060138876,0.0,0.0,0.5994842503189413
14,0.5851493738591671,0.19966989733440602,0.1911816646494574,0.0,0.0,0.5994842503189413
15,0.6386362072080374,0.19966139644236808,0.191175690590166,0.0,0.0,0.5994842503189413
16,0.5671484349295497,0.19965289729325367,0.19116895576400555,0.0,0.0,0.5994842503189413
17,0.5662166308611631,0.19964439983747007,0.19116213225616135,0.0,0.0,0.5994842503189413
18,0.5647291420027614,0.19963590415516289,0.19115577184270757,0.0,0.0,0.5994842503189413
19,0.5724394479766488,0.1996274102209177,0.191149387128545,0.0,0.0,0.5994842503189413
