,times,train_loss,test_loss,train_acc,test_acc,eta
0,1.0714973192662,0.3196084552195639,0.31388370487114897,90.24285714285715,90.49955834723721,0.7335841422469557
1,0.7180251618847251,0.31950936757986986,0.3137726772624207,90.24285714285715,90.49955834723721,0.7335841422469557
2,1.0694081159308553,0.319315693501966,0.3135557794389406,90.24285714285715,90.49955834723721,0.7335841422469557
3,1.0013678949326277,0.31915933724907797,0.3133802732018891,90.24285714285715,90.49955834723721,0.7335841422469557
4,1.006673482246697,0.31903306311003155,0.31323866832783287,90.24285714285715,90.49955834723721,0.7335841422469557
5,0.3829319942742586,0.31896193372560244,0.3131587955480599,90.24285714285715,90.49955834723721,0.7335841422469557
6,0.4051057989709079,0.3188909610694423,0.3130788862535683,90.24285714285715,90.49955834723721,0.7335841422469557
7,1.0136435618624091,0.3186426197848207,0.312799480109079,90.24285714285715,90.49955834723721,0.7335841422469557
8,0.7989572761580348,0.3184860084399,0.3126233562817435,90.24285714285715,90.49955834723721,0.7335841422469557
9,0.450072028208524,0.3184158496974278,0.31254450797105315,90.24285714285715,90.49955834723721,0.7335841422469557
10,0.4044004357419908,0.31834584373512315,0.31246545751226873,90.24285714285715,90.49955834723721,0.7335841422469557
11,0.7180204191245139,0.31813002161687315,0.31222218671339924,90.24285714285715,90.49955834723721,0.7335841422469557
12,1.0137118236161768,0.3178871874688451,0.3119477524669907,90.24285714285715,90.49955834723721,0.7335841422469557
13,0.680198613088578,0.31776449165113385,0.31180921311430015,90.24285714285715,90.49955834723721,0.7335841422469557
14,0.6804684619419277,0.3176269795824451,0.31165329288199567,90.24285714285715,90.49955834723721,0.7335841422469557
15,0.36683408496901393,0.31755830452356604,0.3115761387696055,90.24285714285715,90.49955834723721,0.7335841422469557
16,0.7195511828176677,0.31736430979385144,0.31135626948424305,90.24285714285715,90.49955834723721,0.7335841422469557
17,0.39782227110117674,0.31729609466578296,0.3112781225537973,90.24285714285715,90.49955834723721,0.7335841422469557
18,0.7219715481624007,0.3170828896774224,0.31103704221576617,90.24285714285715,90.49955834723721,0.7335841422469557
19,1.0338224177248776,0.31685610897838973,0.3107795232319252,90.24285714285715,90.49955834723721,0.7335841422469557
