,times,train_loss,test_loss,train_acc,test_acc,eta
0,0.6859578941948712,5.893485643060682e+180,5.89385139748279e+180,0.0,0.0,27.82559402207123
1,0.5724571738392115,inf,inf,0.0,0.0,27.82559402207123
2,0.6280255541205406,inf,inf,0.0,0.0,27.82559402207123
3,0.5760224149562418,,,0.0,0.0,27.82559402207123
4,0.7097415160387754,,,0.0,0.0,27.82559402207123
5,0.548232498113066,,,0.0,0.0,27.82559402207123
6,0.5484957392327487,,,0.0,0.0,27.82559402207123
7,0.5481295362114906,,,0.0,0.0,27.82559402207123
8,0.5430568363517523,,,0.0,0.0,27.82559402207123
9,0.7459070440381765,,,0.0,0.0,27.82559402207123
10,0.5391743811778724,,,0.0,0.0,27.82559402207123
11,0.5379481641575694,,,0.0,0.0,27.82559402207123
12,0.7857512142509222,,,0.0,0.0,27.82559402207123
13,0.628345285076648,,,0.0,0.0,27.82559402207123
14,0.7119604651816189,,,0.0,0.0,27.82559402207123
15,0.7010626741684973,,,0.0,0.0,27.82559402207123
16,0.6263735988177359,,,0.0,0.0,27.82559402207123
17,0.5433724340982735,,,0.0,0.0,27.82559402207123
18,0.5435369634069502,,,0.0,0.0,27.82559402207123
19,0.5412364210933447,,,0.0,0.0,27.82559402207123
