,times,train_loss,test_loss,train_acc,test_acc,eta
0,0.5827458719722927,1.598876895000876e+105,1.598976010169152e+105,0.0,0.0,7.742636826811272
1,0.5419709300622344,4.140411379723335e+209,4.1406682789818034e+209,0.0,0.0,7.742636826811272
2,0.5882884860038757,inf,inf,0.0,0.0,7.742636826811272
3,0.5795917371287942,inf,inf,0.0,0.0,7.742636826811272
4,0.6105121448636055,inf,inf,0.0,0.0,7.742636826811272
5,0.5530173359438777,,,0.0,0.0,7.742636826811272
6,0.6038690926507115,,,0.0,0.0,7.742636826811272
7,0.5402801493182778,,,0.0,0.0,7.742636826811272
8,0.5357293342240155,,,0.0,0.0,7.742636826811272
9,0.5451244837604463,,,0.0,0.0,7.742636826811272
10,0.5472069159150124,,,0.0,0.0,7.742636826811272
11,0.5433485968969762,,,0.0,0.0,7.742636826811272
12,0.587184052914381,,,0.0,0.0,7.742636826811272
13,0.6011819080449641,,,0.0,0.0,7.742636826811272
14,0.6136214649304748,,,0.0,0.0,7.742636826811272
15,0.6164698447100818,,,0.0,0.0,7.742636826811272
16,0.6128198173828423,,,0.0,0.0,7.742636826811272
17,0.5903463489376009,,,0.0,0.0,7.742636826811272
18,0.5452266926877201,,,0.0,0.0,7.742636826811272
19,0.5481269201263785,,,0.0,0.0,7.742636826811272
