,times,train_loss,test_loss,train_acc,test_acc,eta
0,0.8128914092667401,0.31969635860053136,0.31396037785762965,90.24285714285715,90.49955834723721,2.0476975279865255
1,0.8077191668562591,0.3196633196005147,0.3139448090957056,90.24285714285715,90.49955834723721,2.0476975279865255
2,0.8006057776510715,0.3196356446858599,0.3139138433383512,90.24285714285715,90.49955834723721,2.0476975279865255
3,1.1526309861801565,0.3195800314437891,0.31385157011992576,90.24285714285715,90.49955834723721,2.0476975279865255
4,0.8048448753543198,0.31953779458046166,0.31380426742443335,90.24285714285715,90.49955834723721,2.0476975279865255
5,0.8021849151700735,0.3194930788793104,0.3137541663606417,90.24285714285715,90.49955834723721,2.0476975279865255
6,1.1720436299219728,0.3194217090392541,0.31367419818194225,90.24285714285715,90.49955834723721,2.0476975279865255
7,1.1573232989758253,0.319360985943595,0.3136061191620483,90.24285714285715,90.49955834723721,2.0476975279865255
8,0.4598620953038335,0.31934761351603685,0.3135911198571312,90.24285714285715,90.49955834723721,2.0476975279865255
9,1.1484655616804957,0.3192715659916346,0.3135058153019348,90.24285714285715,90.49955834723721,2.0476975279865255
10,1.1362184677273035,0.31920519181703205,0.31343135937612565,90.24285714285715,90.49955834723721,2.0476975279865255
11,0.4581480878405273,0.31919198180192726,0.31341651603930726,90.24285714285715,90.49955834723721,2.0476975279865255
12,0.7874352051876485,0.31914751372165256,0.3133666346084076,90.24285714285715,90.49955834723721,2.0476975279865255
13,0.45496585173532367,0.3191343262607031,0.31335186262457615,90.24285714285715,90.49955834723721,2.0476975279865255
14,0.8087490741163492,0.3190753668812759,0.31328564491928856,90.24285714285715,90.49955834723721,2.0476975279865255
15,1.1288751512765884,0.31898080265800577,0.31317941778250774,90.24285714285715,90.49955834723721,2.0476975279865255
16,0.413584406953305,0.3189676685624104,0.3131646152465267,90.24285714285715,90.49955834723721,2.0476975279865255
17,1.4138943310827017,0.3188454905124938,0.313027315999935,90.24285714285715,90.49955834723721,2.0476975279865255
18,0.44306365493685007,0.31883239778470684,0.3130126078990486,90.24285714285715,90.49955834723721,2.0476975279865255
19,1.810817124787718,0.31871067275028164,0.31287572310284706,90.24285714285715,90.49955834723721,2.0476975279865255
