,times,train_loss,test_loss,train_acc,test_acc,eta
0,0.8062974577769637,0.4551131650988503,0.4432488684792541,90.24285714285715,90.49955834723721,0.6666666666666666
1,0.39859028020873666,1.3518556526886087,1.3159534311548169,90.24285714285715,90.49955834723721,0.6666666666666666
2,0.39826269214972854,2.7311960156335693,2.6587506072942952,90.24285714285715,90.49955834723721,0.6666666666666666
3,0.39924354292452335,3.3005940880741824,3.2129993311300247,90.24285714285715,90.49955834723721,0.6666666666666666
4,0.7196488021872938,2.012337575454755,1.9585035636190309,90.24285714285715,90.49955834723721,0.6666666666666666
5,1.0489967628382146,4.64749405012211,4.523528466254795,90.24285714285715,90.49955834723721,0.6666666666666666
6,0.7241153391078115,4.642988174705981,4.518919742432319,90.24285714285715,90.49955834723721,0.6666666666666666
7,0.40266836108639836,3.134781665284742,3.0505398452170756,90.24285714285715,90.49955834723721,0.6666666666666666
8,0.721041354816407,0.5541856036796756,0.553152784661753,90.24285714285715,90.50282984918375,0.6666666666666666
9,0.7341736499220133,2.6638918236020244,2.5916607267618654,90.24285714285715,90.49955834723721,0.6666666666666666
10,0.7302395747974515,3.7253888489873255,3.624898555249263,90.24285714285715,90.49955834723721,0.6666666666666666
11,1.010735617019236,0.40077573234661606,0.38835059865258037,90.24285714285715,90.49955834723721,0.6666666666666666
12,0.3742833975702524,1.3847979938959185,1.3456812119320278,90.24285714285715,90.49955834723721,0.6666666666666666
13,0.6952553908340633,2.6637694475209517,2.590674829188599,90.24285714285715,90.49955834723721,0.6666666666666666
14,0.3955491320230067,0.4216869553146788,0.408130896629287,90.24285714285715,90.49955834723721,0.6666666666666666
15,1.0244430401362479,1.9820882693683988,1.9265812533709452,90.24285714285715,90.49955834723721,0.6666666666666666
16,0.7541995253413916,4.901225983212042,4.768238242055183,90.24285714285715,90.49955834723721,0.6666666666666666
17,0.6634382968768477,0.4289809246457181,0.4255845081224935,90.24285714285715,90.50173934853491,0.6666666666666666
18,0.6196971549652517,0.3130618958642071,0.30302734406260456,90.24285714285715,90.49955834723721,0.6666666666666666
19,0.2923164698295295,0.460819570046625,0.4578307076096497,90.26285714285714,90.51155385437454,0.6666666666666666
