,times,train_loss,test_loss,train_acc,test_acc,eta
0,1.0452344031073153,0.31969002275042385,0.31397460267954275,90.24285714285715,90.49955834723721,1.5804591241141253
1,0.7146272589452565,0.3196459782993014,0.3139253108254661,90.24285714285715,90.49955834723721,1.5804591241141253
2,0.40779272094368935,0.31962508204208867,0.31390185824197325,90.24285714285715,90.49955834723721,1.5804591241141253
3,1.0626080529764295,0.3195363578703312,0.31380253330351915,90.24285714285715,90.49955834723721,1.5804591241141253
4,0.4079249273054302,0.31951552145404316,0.313779089178471,90.24285714285715,90.49955834723721,1.5804591241141253
5,0.4168419511988759,0.3194947016860496,0.31375575236779346,90.24285714285715,90.49955834723721,1.5804591241141253
6,0.435063224285841,0.3194738985564058,0.31373242808167484,90.24285714285715,90.49955834723721,1.5804591241141253
7,0.6824960438534617,0.3193664967686376,0.3136120276253039,90.24285714285715,90.49955834723721,1.5804591241141253
8,0.3757048733532429,0.3193457602244074,0.31358888683330177,90.24285714285715,90.49955834723721,1.5804591241141253
9,0.6858564289286733,0.31923997286226313,0.3134702671637427,90.24285714285715,90.49955834723721,1.5804591241141253
10,0.3723161709494889,0.3192193020828996,0.31344703427713067,90.24285714285715,90.49955834723721,1.5804591241141253
11,0.9951053010299802,0.3190545395777287,0.31326198554529167,90.24285714285715,90.49955834723721,1.5804591241141253
12,0.3852202300913632,0.3190339570609167,0.31323886598734835,90.24285714285715,90.49955834723721,1.5804591241141253
13,0.6816412517800927,0.3189433041716646,0.3131371174753178,90.24285714285715,90.49955834723721,1.5804591241141253
14,0.6708731199614704,0.31885668592666316,0.313039726084005,90.24285714285715,90.49955834723721,1.5804591241141253
15,0.6776016373187304,0.3187780971575672,0.31295128250218085,90.24285714285715,90.49955834723721,1.5804591241141253
16,0.6671648710034788,0.3186961529132065,0.3128591450374643,90.24285714285715,90.49955834723721,1.5804591241141253
17,0.36261074617505074,0.31867574943512733,0.3128362172736738,90.24285714285715,90.49955834723721,1.5804591241141253
18,0.6963266087695956,0.31858401269208564,0.31273291679745835,90.24285714285715,90.49955834723721,1.5804591241141253
19,0.7110149231739342,0.3185018476590369,0.31264038583257714,90.24285714285715,90.49955834723721,1.5804591241141253
