,times,train_loss,test_loss,train_acc,test_acc,eta
0,0.20698972325772047,0.6930183855558576,0.6930188319221414,78.15444188981279,78.39856174802932,0.0005166198660059535
1,0.2861345582641661,0.6069012570092094,0.6073573948373595,87.58794751672515,87.38072189185452,0.0005166198660059535
2,0.31116311997175217,0.5489093478602116,0.5496374781969414,89.26478469064948,89.24076891163048,0.0005166198660059535
3,0.3368072430603206,0.49873481656975754,0.4997510156781738,90.07727280584992,90.16733508505048,0.0005166198660059535
4,0.37497119000181556,0.45560160259802424,0.4568596980412127,90.91914878904697,91.03166920204674,0.0005166198660059535
5,0.39459534687921405,0.41575700472974525,0.4172709018482453,91.64865939460992,91.86142995436316,0.0005166198660059535
6,0.42115999944508076,0.38341921776415816,0.3851393136542502,92.4334883399312,92.49757986447241,0.0005166198660059535
7,0.4502798207104206,0.34963531071588955,0.35166589335976256,93.1647276436116,93.20979117687733,0.0005166198660059535
8,0.4748462117277086,0.3189894421501011,0.32138171255587705,93.75939979601362,93.69381828239524,0.0005166198660059535
9,0.5089826839976013,0.29151618163107756,0.29419296056525296,94.24689266513388,94.15710136910525,0.0005166198660059535
10,0.616459236945957,0.26687211265453303,0.2698892159849089,94.68598198696561,94.50283501590374,0.0005166198660059535
11,0.6546525489538908,0.24400518386539607,0.24736718444580724,94.95393019517002,94.7655925874706,0.0005166198660059535
12,0.6131681161932647,0.22344447260360506,0.22718418841889113,95.23743668643145,94.94537408380583,0.0005166198660059535
13,0.619328779168427,0.20351371957396805,0.20766590861535086,95.4967414040486,95.22196100124464,0.0005166198660059535
14,0.6738196047954261,0.18668172381633646,0.19128146239430255,95.70764257437723,95.40174249757986,0.0005166198660059535
15,0.5299198729917407,0.17123546656023023,0.1763352666551558,95.90990025411863,95.59535333978702,0.0005166198660059535
16,0.5281245373189449,0.15736187950620503,0.16305970465592837,96.13290231126939,95.78896418199419,0.0005166198660059535
17,0.5308153149671853,0.14372083110929149,0.15013447942224872,96.34898957595036,95.92725764071359,0.0005166198660059535
18,0.5297088748775423,0.13243201475280578,0.1395140089824005,96.52704548204747,96.07246577236897,0.0005166198660059535
19,0.5275119030848145,0.12321563554832811,0.13091119393136527,96.67052742579563,96.1346978287927,0.0005166198660059535
