,times,train_loss,test_loss,train_acc,test_acc,eta
0,0.23506677523255348,0.626843970039917,0.6270189421449878,80.13207253617301,80.52136633937215,0.3097054730724509
1,0.3512760498560965,0.10645702501321305,0.113902637816311,96.94193303023494,96.39745540035956,0.3097054730724509
2,0.34210003819316626,0.04448754009296677,0.07387360696506026,98.8089269970785,97.21338680680404,0.3097054730724509
3,0.37038217624649405,0.03025727998313324,0.07225539124405009,99.37593997960136,97.3585949384594,0.3097054730724509
4,0.4066876000724733,0.026951526062994294,0.07192713205473222,99.50904973464483,97.39316830313926,0.3097054730724509
5,0.4342090939171612,0.024677022935981882,0.07467188831167583,99.65080298027556,97.38625363020329,0.3097054730724509
6,0.4724916969425976,0.023815034797533774,0.07503998444832553,99.68883433885941,97.33093624671552,0.3097054730724509
7,0.5009201127104461,0.023271207213143165,0.07494211134273915,99.70093522568153,97.34476559258746,0.3097054730724509
8,0.5380729078315198,0.022880803919833416,0.07419869980937871,99.70612132003389,97.31710690084358,0.3097054730724509
9,0.5678007802926004,0.022639280614656365,0.07478424568262752,99.70612132003389,97.31710690084358,0.3097054730724509
10,0.6037419126369059,0.02261022845984407,0.07436784809120538,99.70785001815133,97.33093624671552,0.3097054730724509
11,0.599567074328661,0.0225008671350655,0.07553318523902854,99.72340830120837,97.27561886322776,0.3097054730724509
12,0.6016647648066282,0.022428256156591428,0.07548781299270421,99.7216796030909,97.2687041902918,0.3097054730724509
13,0.6022554016672075,0.025755804614761353,0.07577655803130787,99.6058568292219,97.22030147974,0.3097054730724509
14,0.6442826851271093,0.02942811165850246,0.08804374405655517,99.55399588569848,97.08892269395658,0.3097054730724509
15,0.60161152202636,0.06815432063369573,0.13182779014785,98.92647846906495,96.63255428018255,0.3097054730724509
16,0.6119372807443142,0.14166536162818916,0.22702642360716613,98.66025895897799,96.10703913704882,0.3097054730724509
17,0.6171975270844996,0.043589315163985475,0.11062313378432165,99.24801631891023,96.8054211035818,0.3097054730724509
18,0.613348675891757,0.23451096405105287,0.2648436337794753,98.4545438830017,96.4804314755912,0.3097054730724509
19,0.6118080848827958,3.624073844288484,1.3043666252430322,97.56772174875101,96.05863642649703,0.3097054730724509
