,times,train_loss,test_loss,train_acc,test_acc,eta
0,0.23542408319190145,0.6926846376934689,0.6926862388595268,78.16654277663491,78.39856174802932,0.0018566355334451114
1,0.30942983413115144,0.5079221141375408,0.5086835144208668,88.23275191453317,87.961554418476,0.0018566355334451114
2,0.33920888882130384,0.3930697803416774,0.39425682824468117,90.43338461804416,90.36786060019361,0.0018566355334451114
3,0.37017509900033474,0.3108888881243528,0.31243481571813964,91.96155375386796,92.29013967639331,0.0018566355334451114
4,0.4021513988263905,0.2506714500216023,0.2527398772574928,93.47070721039985,93.62467155303554,0.0018566355334451114
5,0.4302363907918334,0.2024885488058078,0.2052828397116299,94.4681660241672,94.41294426773614,0.0018566355334451114
6,0.46628378331661224,0.16655500621718844,0.17030573969422225,95.15100178055906,94.89697137325405,0.0018566355334451114
7,0.4952524579130113,0.13833541794867998,0.14331817451038684,95.67652600826318,95.33951044115614,0.0018566355334451114
8,0.5240287370979786,0.11884199754915929,0.1251234866064217,96.10178574515533,95.602268012723,0.0018566355334451114
9,0.5544793619774282,0.10532740642817436,0.11279185842970965,96.38529223641676,95.73364679850643,0.0018566355334451114
10,0.5884975879453123,0.09579285147697122,0.10436567051244758,96.64978304838625,95.98257502420135,0.0018566355334451114
11,0.5877121826633811,0.08882522278303648,0.09861345453374394,96.85549812436254,96.1346978287927,0.0018566355334451114
12,0.5839431593194604,0.08360758199204119,0.09469431309031322,97.07677148339586,96.3421380168718,0.0018566355334451114
13,0.5824421821162105,0.08042106878291301,0.09266385503926693,97.20815254032189,96.49426082146314,0.0018566355334451114
14,0.5808686381205916,0.07730208943597532,0.09094155839054478,97.40349542759348,96.61181026137464,0.0018566355334451114
15,0.6012436193414032,0.07489554089342468,0.08962556204635956,97.51758950334504,96.68095699073434,0.0018566355334451114
16,0.5862917038612068,0.07087839379203167,0.08781382657055103,97.69564540944215,96.82616512238971,0.0018566355334451114
17,0.5883001098409295,0.06577475729640046,0.0859141616430192,97.99471018376062,96.92988521642927,0.0018566355334451114
18,0.585968695115298,0.06272396064571767,0.08479840245036281,98.09497467457258,96.98520259991702,0.0018566355334451114
19,0.6139006488956511,0.059150581578403,0.08332029572447922,98.21425484467647,96.92988521642927,0.0018566355334451114
