,times,train_loss,test_loss,train_acc,test_acc,eta
0,0.26871052803471684,0.672586069324534,0.6726522274821838,78.67478002316456,78.90333287235514,0.0861773876012753
1,0.3306699311360717,0.16828324682986062,0.1712823968650148,95.07839645962626,94.92463006499793,0.0861773876012753
2,0.35915526701137424,0.07324801058911672,0.08741796775442791,97.79418120213667,96.91605587055733,0.0861773876012753
3,0.3837588890455663,0.048284692995861765,0.07328208278601166,98.65161546839076,97.24796017148388,0.0861773876012753
4,0.4147509830072522,0.03478177038265226,0.07222032851537002,99.1926979791519,97.28253353616374,0.0861773876012753
5,0.45167208928614855,0.031022821750503284,0.07416301311411176,99.35519560219198,97.31019222790762,0.0861773876012753
6,0.4577897540293634,0.028373402964888432,0.07489038172692138,99.48139056476568,97.37933895726732,0.0861773876012753
7,0.4873567698523402,0.02644230971588369,0.07540652216771213,99.60067073486957,97.36550961139538,0.0861773876012753
8,0.5247012409381568,0.025321748797198007,0.07442730048775499,99.63697339533597,97.35168026552344,0.0861773876012753
9,0.5572127681225538,0.02441310993512494,0.07413766763753013,99.65944647086279,97.37933895726732,0.0861773876012753
10,0.5848803231492639,0.02395264860015122,0.07520609269639966,99.67673345203727,97.40008297607523,0.0861773876012753
11,0.5841769957914948,0.02355646264559705,0.07494835522279242,99.6922917350943,97.4069976490112,0.0861773876012753
12,0.5897884108126163,0.023257661527559384,0.07460931712437344,99.70957871626878,97.34476559258746,0.0861773876012753
13,0.5810243729501963,0.0230636951101852,0.0750760943160038,99.71130741438623,97.34476559258746,0.0861773876012753
14,0.6014208309352398,0.02288296990306798,0.07442463289001175,99.70785001815133,97.34476559258746,0.0861773876012753
15,0.5960165429860353,0.022792830773869975,0.07499774012049477,99.71303611250367,97.31710690084358,0.0861773876012753
16,0.5954370871186256,0.022661350537829184,0.07508445195599778,99.71649350873857,97.32402157377956,0.0861773876012753
17,0.5872179032303393,0.02258144968042588,0.0749979458716549,99.71822220685601,97.33093624671552,0.0861773876012753
18,0.5862628389149904,0.022516827154421513,0.07505378092934986,99.71649350873857,97.32402157377956,0.0861773876012753
19,0.5878764716908336,0.0224668567082792,0.07505381964918308,99.7216796030909,97.31710690084358,0.0861773876012753
