,times,train_loss,test_loss,train_acc,test_acc,eta
0,40.79828530503437,1.7953356315362874e+89,1.7983782772551595e+89,0.0,0.0,1.1359751190652072
1,10.163086177781224,6.64931779513908e+172,6.658212284626926e+172,0.0,0.0,1.1359751190652072
2,9.993006462231278,4.078504619278415e+256,4.0811283185636903e+256,0.0,0.0,1.1359751190652072
3,9.551444149110466,inf,inf,0.0,0.0,1.1359751190652072
4,22.755275402683765,inf,inf,0.0,0.0,1.1359751190652072
5,22.884265260305256,inf,inf,0.0,0.0,1.1359751190652072
6,37.862654467113316,inf,inf,0.0,0.0,1.1359751190652072
7,9.765436979942024,,,0.0,0.0,1.1359751190652072
8,10.106479027774185,,,0.0,0.0,1.1359751190652072
9,9.709225218743086,,,0.0,0.0,1.1359751190652072
10,9.8376884739846,,,0.0,0.0,1.1359751190652072
11,9.81655978411436,,,0.0,0.0,1.1359751190652072
12,36.48395282123238,,,0.0,0.0,1.1359751190652072
13,23.329046666622162,,,0.0,0.0,1.1359751190652072
14,23.625442001968622,,,0.0,0.0,1.1359751190652072
15,23.216594911180437,,,0.0,0.0,1.1359751190652072
16,23.719729979056865,,,0.0,0.0,1.1359751190652072
17,9.829515814315528,,,0.0,0.0,1.1359751190652072
18,9.329853476956487,,,0.0,0.0,1.1359751190652072
19,23.01096694683656,,,0.0,0.0,1.1359751190652072
