,times,train_loss,test_loss,train_acc,test_acc,eta
0,4.289326695725322,0.4973633578176779,0.507639098055888,0.0,0.0,0.005994842503189411
1,4.375989820342511,0.4459794121206903,0.4540428521060736,0.0,0.0,0.005994842503189411
2,4.309514650143683,0.399531693412439,0.406548706338892,0.0,0.0,0.005994842503189411
3,4.395710101816803,0.3881607862159794,0.39430079910453897,0.0,0.0,0.005994842503189411
4,4.39272102760151,0.37689787542579345,0.382206619511555,0.0,0.0,0.005994842503189411
5,4.433272231370211,0.3742200027435724,0.3792294677711041,0.0,0.0,0.005994842503189411
6,4.422054353170097,0.3714481129482813,0.3764679261372207,0.0,0.0,0.005994842503189411
7,4.433361964300275,0.36918337258155687,0.37426427608386675,0.0,0.0,0.005994842503189411
8,4.468743966892362,0.36806570905852587,0.3731543170836658,0.0,0.0,0.005994842503189411
9,4.50654138205573,0.36705420326540167,0.37210549256719333,0.0,0.0,0.005994842503189411
10,4.5042645027861,0.36610684859490583,0.37118101840295037,0.0,0.0,0.005994842503189411
11,4.524997137952596,0.36542372912780796,0.37054186249705423,0.0,0.0,0.005994842503189411
12,4.446355522144586,inf,inf,0.0,0.0,0.005994842503189411
13,4.521063236054033,2.254158234326643e+301,2.2563487891357607e+301,0.0,0.0,0.005994842503189411
14,4.493954297620803,1.4180003769966308e+301,1.405855551171336e+301,0.0,0.0,0.005994842503189411
15,4.518976246006787,1.2313761858503785e+301,1.2204674175202639e+301,0.0,0.0,0.005994842503189411
16,4.495807513594627,1.9131817037689425e+300,1.8935538071550444e+300,0.0,0.0,0.005994842503189411
17,4.404818969313055,3.437974668612228e+299,3.4170883804117246e+299,0.0,0.0,0.005994842503189411
18,4.5178908300586045,3.3782295568042175e+298,3.3273770435160716e+298,0.0,0.0,0.005994842503189411
19,4.529515589121729,1.0704421467427038e+298,1.0428175698077885e+298,0.0,0.0,0.005994842503189411
