,times,train_loss,test_loss,train_acc,test_acc,eta
0,4.407809587195516,0.4100610203701108,0.41769829447622137,0.0,0.0,0.9999999999999999
1,4.48074969695881,,,0.0,0.0,0.9999999999999999
2,4.4751771609298885,,,0.0,0.0,0.9999999999999999
3,4.515073016285896,,,0.0,0.0,0.9999999999999999
4,4.512384498026222,,,0.0,0.0,0.9999999999999999
5,4.530209056101739,,,0.0,0.0,0.9999999999999999
6,4.571954980958253,,,0.0,0.0,0.9999999999999999
7,4.5624431651085615,,,0.0,0.0,0.9999999999999999
8,4.588105462957174,,,0.0,0.0,0.9999999999999999
9,4.628642833326012,,,0.0,0.0,0.9999999999999999
10,4.624550628941506,,,0.0,0.0,0.9999999999999999
11,4.644974822644144,,,0.0,0.0,0.9999999999999999
12,4.573641532566398,,,0.0,0.0,0.9999999999999999
13,4.468380267731845,,,0.0,0.0,0.9999999999999999
14,4.399852319154888,,,0.0,0.0,0.9999999999999999
15,4.351049124263227,,,0.0,0.0,0.9999999999999999
16,4.353942724876106,,,0.0,0.0,0.9999999999999999
17,4.356782977003604,,,0.0,0.0,0.9999999999999999
18,4.358564159832895,,,0.0,0.0,0.9999999999999999
19,4.370252963621169,,,0.0,0.0,0.9999999999999999
