,times,train_loss,test_loss,train_acc,test_acc,eta
0,0.48181133391335607,0.1997770954892274,0.1912106915153077,0.0,0.0,2.4473842035271822
1,0.5335466070100665,0.1997561583887877,0.19127945844664815,0.0,0.0,2.4473842035271822
2,0.7935652160085738,0.19969986367380313,0.1912044360064695,0.0,0.0,2.4473842035271822
3,0.7845633178949356,0.1996338505440625,0.19114859301603876,0.0,0.0,2.4473842035271822
4,0.5275479597039521,0.19961321414247798,0.1911381113248669,0.0,0.0,2.4473842035271822
5,0.44736739387735724,0.1995925927428292,0.1911131643598675,0.0,0.0,2.4473842035271822
6,0.9522019103169441,0.19942154685663202,0.19098693798300614,0.0,0.0,2.4473842035271822
7,1.3447978589683771,0.19924191420503493,0.19085762938340786,0.0,0.0,2.4473842035271822
8,0.756362387444824,0.19916341586568284,0.19080011257295354,0.0,0.0,2.4473842035271822
9,0.7664190069772303,0.19909260113378582,0.19074062391061355,0.0,0.0,2.4473842035271822
10,0.959824807010591,0.19896546732581136,0.19063950302989982,0.0,0.0,2.4473842035271822
11,0.6691173878498375,0.19889449907312182,0.1905891139316974,0.0,0.0,2.4473842035271822
12,0.4035117947496474,0.19887422924846954,0.19057242045854536,0.0,0.0,2.4473842035271822
13,0.44345566211268306,0.19885397339135055,0.19055823504261826,0.0,0.0,2.4473842035271822
14,0.47844943311065435,0.19883373187098885,0.19053660103205744,0.0,0.0,2.4473842035271822
15,0.6890377830713987,0.19871067124762204,0.19044689662198888,0.0,0.0,2.4473842035271822
16,0.7136720758862793,0.1985926992287536,0.1903613702985403,0.0,0.0,2.4473842035271822
17,1.1133469580672681,0.1983954174052884,0.1902092111035015,0.0,0.0,2.4473842035271822
18,0.7500454583205283,0.19830501556351915,0.1901345010740864,0.0,0.0,2.4473842035271822
19,0.7472464633174241,0.19821448665248903,0.19007078420350337,0.0,0.0,2.4473842035271822
