,times,train_loss,test_loss,train_acc,test_acc,eta
0,0.7946450309827924,0.19977990626218264,0.19126489238956682,0.0,0.0,3.1609182482282496
1,0.3796948650851846,0.1997668522736109,0.19125505257668757,0.0,0.0,3.1609182482282496
2,0.644727770704776,0.19972945312447554,0.1912263749964683,0.0,0.0,3.1609182482282496
3,0.3756942800246179,0.19971641846498,0.19121815524544608,0.0,0.0,3.1609182482282496
4,0.3803310301154852,0.19970339012779884,0.19120413653205162,0.0,0.0,3.1609182482282496
5,0.5006321482360363,0.1996903680455211,0.19119337518679658,0.0,0.0,3.1609182482282496
6,0.7290542512200773,0.19961323937550565,0.1911376031109451,0.0,0.0,3.1609182482282496
7,0.6629548571072519,0.19954003012564875,0.19108318858889092,0.0,0.0,3.1609182482282496
8,0.8444931809790432,0.19946428900725252,0.19102048601959784,0.0,0.0,3.1609182482282496
9,0.8375558881089091,0.19939191808974194,0.19097044859499937,0.0,0.0,3.1609182482282496
10,1.290105614811182,0.1992325648873624,0.1908486183421649,0.0,0.0,3.1609182482282496
11,0.6348624280653894,0.19917071439756853,0.19079780729822446,0.0,0.0,3.1609182482282496
12,0.4019477912224829,0.19915785763397406,0.19078867853957107,0.0,0.0,3.1609182482282496
13,1.125365441199392,0.19899224289923964,0.19066484613805093,0.0,0.0,3.1609182482282496
14,0.7472000140696764,0.19893779447299018,0.1906200078301113,0.0,0.0,3.1609182482282496
15,0.6436278051696718,0.1988785759710764,0.19057759857780204,0.0,0.0,3.1609182482282496
16,0.3723481632769108,0.19886580979673632,0.19056373949922548,0.0,0.0,3.1609182482282496
17,0.45775130297988653,0.1988530496155388,0.19056031755367664,0.0,0.0,3.1609182482282496
18,0.661297706887126,0.19876839151763817,0.19049170049518901,0.0,0.0,3.1609182482282496
19,0.7186731579713523,0.198689171480532,0.1904303024413328,0.0,0.0,3.1609182482282496
