,times,train_loss,test_loss,train_acc,test_acc,eta
0,0.39686925197020173,3.150383676338723e+132,3.1505793106671794e+132,0.0,0.0,0.6809991926337755
1,0.37611076422035694,1.644849423310989e+264,1.6449513868481527e+264,0.0,0.0,0.6809991926337755
2,0.8951635202392936,inf,inf,0.0,0.0,0.6809991926337755
3,0.9406966418027878,inf,inf,0.0,0.0,0.6809991926337755
4,0.42469503870233893,,,0.0,0.0,0.6809991926337755
5,0.6125254021026194,,,0.0,0.0,0.6809991926337755
6,0.39779768511652946,,,0.0,0.0,0.6809991926337755
7,0.4397509400732815,,,0.0,0.0,0.6809991926337755
8,0.3823894769884646,,,0.0,0.0,0.6809991926337755
9,0.7199426149018109,,,0.0,0.0,0.6809991926337755
10,0.9699332914315164,,,0.0,0.0,0.6809991926337755
11,0.6523307450115681,,,0.0,0.0,0.6809991926337755
12,0.6256745778955519,,,0.0,0.0,0.6809991926337755
13,0.8919230359606445,,,0.0,0.0,0.6809991926337755
14,0.6680801119655371,,,0.0,0.0,0.6809991926337755
15,0.9288417608477175,,,0.0,0.0,0.6809991926337755
16,1.562036127783358,,,0.0,0.0,0.6809991926337755
17,1.0124374609440565,,,0.0,0.0,0.6809991926337755
18,0.583468668628484,,,0.0,0.0,0.6809991926337755
19,0.49524175096303225,,,0.0,0.0,0.6809991926337755
