,times,train_loss,test_loss,train_acc,test_acc,eta
0,28.254738579969853,3588.913321419801,3439.032599562613,0.0,0.0,0.021544346900318825
1,28.518177188001573,2932.278279397814,2814.7144229870332,0.0,0.0,0.021544346900318825
2,28.534116506110877,2111.782805008787,2034.8580349716472,0.0,0.0,0.021544346900318825
3,28.560290843248367,148.4297762658587,141.2654816653622,0.0,0.0,0.021544346900318825
4,27.859073692001402,69.9767511757286,67.20180971469117,0.0,0.0,0.021544346900318825
5,28.68751618033275,59.26582678844042,57.844039503097314,0.0,0.0,0.021544346900318825
6,28.67014974914491,55.46351723196736,54.72073000648634,0.0,0.0,0.021544346900318825
7,28.68004120187834,53.81272864367505,53.31723007425372,0.0,0.0,0.021544346900318825
8,28.862576003186405,52.473140958484045,52.18436405680723,0.0,0.0,0.021544346900318825
9,28.803349622059613,52.0205449892857,51.860606916327775,0.0,0.0,0.021544346900318825
10,28.172315780073404,51.4930698842507,51.44089502467219,0.0,0.0,0.021544346900318825
11,28.730611785314977,51.1150427863747,51.176907577444176,0.0,0.0,0.021544346900318825
12,28.91338824527338,,,0.0,0.0,0.021544346900318825
13,28.94029946671799,,,0.0,0.0,0.021544346900318825
14,27.76660273084417,,,0.0,0.0,0.021544346900318825
15,28.118691398296505,,,0.0,0.0,0.021544346900318825
16,28.93353303289041,,,0.0,0.0,0.021544346900318825
17,28.865098285023123,,,0.0,0.0,0.021544346900318825
18,28.9693689821288,,,0.0,0.0,0.021544346900318825
19,29.023353760130703,,,0.0,0.0,0.021544346900318825
