,times,train_loss,test_loss,train_acc,test_acc,eta
0,0.6252363841049373,6.274530901108437,7.332527517653349,0.0,0.0,0.00012915496650148838
1,1.0362083199433982,6.176469818283836,7.225820299184018,0.0,0.0,0.00012915496650148838
2,0.8635103022679687,6.079990394641643,7.120764734422807,0.0,0.0,0.00012915496650148838
3,1.244496304076165,5.985071688976759,7.017339731137332,0.0,0.0,0.00012915496650148838
4,1.2508614310063422,5.891688209341155,6.915519202523925,0.0,0.0,0.00012915496650148838
5,1.3322876379825175,5.799803247619813,6.815264836882149,0.0,0.0,0.00012915496650148838
6,1.394346171990037,5.70938665159129,6.716545347586317,0.0,0.0,0.00012915496650148838
7,1.4950370583683252,5.620435502541492,6.619359201874135,0.0,0.0,0.00012915496650148838
8,1.0717806238681078,5.5329326951495945,6.523689318081364,0.0,0.0,0.00012915496650148838
9,1.1678184373304248,5.446837201292676,6.42949248743621,0.0,0.0,0.00012915496650148838
10,1.1905115488916636,5.362140939071018,6.336761466757321,0.0,0.0,0.00012915496650148838
11,1.193546513095498,5.278786001542469,6.2454344262267805,0.0,0.0,0.00012915496650148838
12,1.1858386709354818,5.196797926004046,6.155540964346333,0.0,0.0,0.00012915496650148838
13,1.2031830912455916,5.116132092414017,6.067033714283192,0.0,0.0,0.00012915496650148838
14,1.2841642131097615,5.036769626771967,5.979893540192237,0.0,0.0,0.00012915496650148838
15,1.1700446847826242,4.958694488202665,5.894104370453169,0.0,0.0,0.00012915496650148838
16,1.1742646950297058,4.881875292079173,5.809633255695199,0.0,0.0,0.00012915496650148838
17,1.1763325650244951,4.80629756935905,5.726465806373914,0.0,0.0,0.00012915496650148838
18,1.191329600289464,4.731943793066458,5.644584247171487,0.0,0.0,0.00012915496650148838
19,1.1465271869674325,4.6587695814948225,5.563941169060644,0.0,0.0,0.00012915496650148838
