,times,train_loss,test_loss,train_acc,test_acc,eta
0,0.6112413788214326,5.2031890595825026,6.162550321035523,0.0,0.0,0.0016681005372000581
1,0.7059917841106653,4.254097822258079,5.116809921704392,0.0,0.0,0.0016681005372000581
2,0.7554298397153616,3.484962161297902,4.260669441875885,0.0,0.0,0.0016681005372000581
3,0.8049282059073448,2.861778442646191,3.5591769051349744,0.0,0.0,0.0016681005372000581
4,0.9063721857964993,2.356602726685751,2.9834828462380685,0.0,0.0,0.0016681005372000581
5,0.9022811818867922,1.9474601583324929,2.510894589390558,0.0,0.0,0.0016681005372000581
6,0.940366345923394,1.6159368842036796,2.1222629048783928,0.0,0.0,0.0016681005372000581
7,0.9931956119835377,1.3472984859312414,1.8022184473921123,0.0,0.0,0.0016681005372000581
8,1.0551907890476286,1.1296165926689332,1.5382631904860826,0.0,0.0,0.0016681005372000581
9,1.1102873459458351,0.9532191526089895,1.3202107857732968,0.0,0.0,0.0016681005372000581
10,1.3041828819550574,0.8102910755602416,1.1397889178435237,0.0,0.0,0.0016681005372000581
11,1.378310821019113,0.6944820183655117,0.9902315941791909,0.0,0.0,0.0016681005372000581
12,1.2261340790428221,0.6006419305251404,0.8660131762517495,0.0,0.0,0.0016681005372000581
13,1.1612715651281178,0.5246023657028553,0.762628304540714,0.0,0.0,0.0016681005372000581
14,1.1420751153491437,0.46298755272688735,0.676398671264962,0.0,0.0,0.0016681005372000581
15,1.160381926689297,0.4130600981827082,0.6043137296449848,0.0,0.0,0.0016681005372000581
16,1.1725995112210512,0.3726029438059976,0.5439109655187683,0.0,0.0,0.0016681005372000581
17,1.1925901821814477,0.3398221452194181,0.4931769383129739,0.0,0.0,0.0016681005372000581
18,1.190807085018605,0.3132587141649869,0.45045213371839726,0.0,0.0,0.0016681005372000581
19,1.1492121648043394,0.2917353740744908,0.41438173163314335,0.0,0.0,0.0016681005372000581
