,times,train_loss,test_loss,train_acc,test_acc,eta
0,4.375411171931773,,,0.0,0.0,27.82559402207123
1,4.293386687990278,,,0.0,0.0,27.82559402207123
2,4.372089568991214,,,0.0,0.0,27.82559402207123
3,4.440949760843068,,,0.0,0.0,27.82559402207123
4,4.391658176667988,,,0.0,0.0,27.82559402207123
5,4.405603837221861,,,0.0,0.0,27.82559402207123
6,4.288119115866721,,,0.0,0.0,27.82559402207123
7,4.403211170807481,,,0.0,0.0,27.82559402207123
8,4.4036951451562345,,,0.0,0.0,27.82559402207123
9,4.416652534157038,,,0.0,0.0,27.82559402207123
10,4.28096581902355,,,0.0,0.0,27.82559402207123
11,4.427071587182581,,,0.0,0.0,27.82559402207123
12,4.431104157119989,,,0.0,0.0,27.82559402207123
13,4.447168652899563,,,0.0,0.0,27.82559402207123
14,4.407589943613857,,,0.0,0.0,27.82559402207123
15,4.332341428846121,,,0.0,0.0,27.82559402207123
16,4.025980752892792,,,0.0,0.0,27.82559402207123
17,4.0737629951909184,,,0.0,0.0,27.82559402207123
18,4.025460742413998,,,0.0,0.0,27.82559402207123
19,4.0509682931005955,,,0.0,0.0,27.82559402207123
