,times,train_loss,test_loss,train_acc,test_acc,eta
0,27.453237371053547,2896.7524754031588,2778.702928782282,0.0,0.0,0.07742636826811272
1,27.64569777995348,1561.004734781172,1501.3406885797106,0.0,0.0,0.07742636826811272
2,27.64935845695436,319.20412680934845,311.06162872815344,0.0,0.0,0.07742636826811272
3,27.796200012788177,59.962110377650866,58.751173521176305,0.0,0.0,0.07742636826811272
4,27.759970439132303,54.626218036587865,53.93525448001861,0.0,0.0,0.07742636826811272
5,27.75443182187155,,,0.0,0.0,0.07742636826811272
6,27.97731364471838,,,0.0,0.0,0.07742636826811272
7,27.75773723097518,,,0.0,0.0,0.07742636826811272
8,28.09335888409987,,,0.0,0.0,0.07742636826811272
9,28.185917533934116,,,0.0,0.0,0.07742636826811272
10,28.165166785009205,,,0.0,0.0,0.07742636826811272
11,25.96389303728938,,,0.0,0.0,0.07742636826811272
12,26.70084623293951,,,0.0,0.0,0.07742636826811272
13,28.203374955803156,,,0.0,0.0,0.07742636826811272
14,28.122273391112685,,,0.0,0.0,0.07742636826811272
15,28.080768009647727,,,0.0,0.0,0.07742636826811272
16,28.192519978620112,,,0.0,0.0,0.07742636826811272
17,27.6993230949156,,,0.0,0.0,0.07742636826811272
18,28.18747778609395,,,0.0,0.0,0.07742636826811272
19,28.15744745405391,,,0.0,0.0,0.07742636826811272
