,times,train_loss,test_loss,train_acc,test_acc,eta
0,27.47367717139423,1008891.0304644129,1008280.9655649516,0.0,0.0,0.00046415888336127784
1,27.7651840839535,190310.75391721918,189520.00030870724,0.0,0.0,0.00046415888336127784
2,27.831040645949543,38619.040485298116,38107.23434379305,0.0,0.0,0.00046415888336127784
3,27.812587064225227,10308.189689231964,9982.602595250164,0.0,0.0,0.00046415888336127784
4,27.741252759005874,4995.441477164163,4763.064594034788,0.0,0.0,0.00046415888336127784
5,28.13254678621888,3987.415125865502,3798.2595841967586,0.0,0.0,0.00046415888336127784
6,28.01187293138355,3779.4882363941792,3610.3520070803143,0.0,0.0,0.00046415888336127784
7,28.07406958611682,3720.223280706176,3561.1788942623407,0.0,0.0,0.00046415888336127784
8,28.070195476990193,3685.603475333578,3533.246296516081,0.0,0.0,0.00046415888336127784
9,27.721249128691852,3641.3563114955923,3496.696571951565,0.0,0.0,0.00046415888336127784
10,28.260348005220294,3555.7635270011688,3423.9881650221787,0.0,0.0,0.00046415888336127784
11,28.354517850093544,3405.4186056619515,3291.977415110754,0.0,0.0,0.00046415888336127784
12,28.32065266277641,3136.2798616070413,3050.9944649243484,0.0,0.0,0.00046415888336127784
13,28.343288860749453,2747.7210960318534,2693.3765152008177,0.0,0.0,0.00046415888336127784
14,27.479634671937674,2266.5024076249947,2239.054105367153,0.0,0.0,0.00046415888336127784
15,28.422437574714422,1701.4835038039162,1691.0928886964994,0.0,0.0,0.00046415888336127784
16,28.423809717874974,1004.589495312242,999.1584787091297,0.0,0.0,0.00046415888336127784
17,28.42684744624421,665.1292142985689,658.2051613935662,0.0,0.0,0.00046415888336127784
18,28.484225764870644,510.210543270471,503.11548798289914,0.0,0.0,0.00046415888336127784
19,28.360574378166348,458.54674453056134,451.68705524280125,0.0,0.0,0.00046415888336127784
