,times,train_loss,test_loss,train_acc,test_acc,eta
0,26.30168341193348,173982.92445259157,173210.05947569376,0.0,0.0,0.0016681005372000581
1,26.45342732500285,4212.236272488541,4009.4495082627523,0.0,0.0,0.0016681005372000581
2,27.98871340788901,3764.091610915115,3604.9432516890647,0.0,0.0,0.0016681005372000581
3,27.824180419091135,3698.12622714327,3544.709711916132,0.0,0.0,0.0016681005372000581
4,27.98450743732974,3462.744312616622,3332.1848094876486,0.0,0.0,0.0016681005372000581
5,28.04631855385378,2295.203541803882,2241.429710694789,0.0,0.0,0.0016681005372000581
6,28.130308303050697,1409.3846912645286,1386.5195998359757,0.0,0.0,0.0016681005372000581
7,28.082750033121556,407.7480939731955,398.3606198259512,0.0,0.0,0.0016681005372000581
8,28.21690780064091,251.99358975160482,244.57820210526987,0.0,0.0,0.0016681005372000581
9,28.301360895857215,195.1632109598968,188.93702907219784,0.0,0.0,0.0016681005372000581
10,28.335883460007608,164.95769001990888,158.77711377826247,0.0,0.0,0.0016681005372000581
11,28.14032286638394,122.69682346056331,117.13767173888196,0.0,0.0,0.0016681005372000581
12,28.297925564926118,105.77863692713166,100.98990678818231,0.0,0.0,0.0016681005372000581
13,28.273161873221397,95.26351235552403,91.08714035522028,0.0,0.0,0.0016681005372000581
14,28.34838657779619,85.26779101133803,81.65571299879493,0.0,0.0,0.0016681005372000581
15,28.06841413397342,74.87093481960315,71.86499832443349,0.0,0.0,0.0016681005372000581
16,28.30772487586364,69.05989944931588,66.59686436892322,0.0,0.0,0.0016681005372000581
17,28.156616360414773,64.36531361605205,62.48137406078926,0.0,0.0,0.0016681005372000581
18,28.27893344918266,60.4886992604415,59.23403701863191,0.0,0.0,0.0016681005372000581
19,28.23184711113572,58.37053755087455,57.41022637091317,0.0,0.0,0.0016681005372000581
