,times,train_loss,test_loss,train_acc,test_acc,eta
0,27.681008881889284,1651167.2898536287,1651062.8964455908,0.0,0.0,0.00012915496650148838
1,27.745210265740752,1035685.2439387756,1035091.7701940004,0.0,0.0,0.00012915496650148838
2,27.897356016095728,649104.8829538762,648301.2912369531,0.0,0.0,0.00012915496650148838
3,27.96841595415026,407381.5750119413,406523.61335960723,0.0,0.0,0.00012915496650148838
4,27.94151304010302,257450.87876996418,256624.39123975075,0.0,0.0,0.00012915496650148838
5,28.086697879247367,162434.80623428684,161677.4266028538,0.0,0.0,0.00012915496650148838
6,27.954970811959356,103068.31696632814,102392.18374221363,0.0,0.0,0.00012915496650148838
7,28.123023339081556,65856.2244530413,65261.71181990459,0.0,0.0,0.00012915496650148838
8,28.34916910668835,42570.98920339933,42051.72750253608,0.0,0.0,0.00012915496650148838
9,28.35287246108055,28060.3157884246,27607.043799705014,0.0,0.0,0.00012915496650148838
10,28.236363049130887,19002.607272703477,18605.541691265124,0.0,0.0,0.00012915496650148838
11,28.234464018139988,13276.71167311319,12927.121093673835,0.0,0.0,0.00012915496650148838
12,28.24182338314131,9679.569268268146,9369.411136583723,0.0,0.0,0.00012915496650148838
13,28.226250855252147,7441.344129784526,7163.2841310497515,0.0,0.0,0.00012915496650148838
14,28.22489951411262,6030.165485650714,5778.334418050987,0.0,0.0,0.00012915496650148838
15,28.42002869118005,5137.261360589292,4906.828509162449,0.0,0.0,0.00012915496650148838
16,28.312127710320055,4573.675001195317,4360.61027040965,0.0,0.0,0.00012915496650148838
17,28.323135799728334,4216.165104907781,4017.1507450973213,0.0,0.0,0.00012915496650148838
18,28.166347121819854,3985.9983060949003,3798.449063732126,0.0,0.0,0.00012915496650148838
19,27.55526294466108,3835.2777521258904,3657.173819826527,0.0,0.0,0.00012915496650148838
