,times,train_loss,test_loss,train_acc,test_acc,eta
0,0.7403375990688801,0.6899544467100122,0.6899341293636989,90.24285714285715,90.49955834723721,0.0001437525465521851
1,0.7404812052845955,0.6776326508365609,0.6775329223147089,90.24285714285715,90.49955834723721,0.0001437525465521851
2,0.7310658092610538,0.6657167743094998,0.6655387363248131,90.24285714285715,90.49955834723721,0.0001437525465521851
3,0.7277016299776733,0.6542509011598941,0.6539960055843087,90.24285714285715,90.49955834723721,0.0001437525465521851
4,0.7414546506479383,0.6432135516265352,0.6428831433506939,90.24285714285715,90.49955834723721,0.0001437525465521851
5,0.791665171738714,0.6325842567471617,0.632179712015634,90.24285714285715,90.49955834723721,0.0001437525465521851
6,0.7506774552166462,0.6223447156467473,0.6218673359817005,90.24285714285715,90.49955834723721,0.0001437525465521851
7,0.7422789703123271,0.6124755709698495,0.6119265545211101,90.24285714285715,90.49955834723721,0.0001437525465521851
8,0.7442855779081583,0.602959663667542,0.6023401850220265,90.24285714285715,90.49955834723721,0.0001437525465521851
9,0.7098200558684766,0.5937826133760384,0.5930938125640205,90.24285714285715,90.49955834723721,0.0001437525465521851
10,0.8481086087413132,0.5849292259797566,0.5841722043291301,90.24285714285715,90.49955834723721,0.0001437525465521851
11,0.724719877820462,0.5763859461703903,0.5755617422293745,90.24285714285715,90.49955834723721,0.0001437525465521851
12,0.7630984387360513,0.5681378993311819,0.5672475539885659,90.24285714285715,90.49955834723721,0.0001437525465521851
13,0.7722942642867565,0.5601741520346637,0.5592186689448584,90.24285714285715,90.49955834723721,0.0001437525465521851
14,0.7723542172461748,0.5524826594084283,0.5514630391712412,90.24285714285715,90.49955834723721,0.0001437525465521851
15,0.725940496660769,0.5450520064872335,0.543969150884201,90.24285714285715,90.49955834723721,0.0001437525465521851
16,0.7796234930865467,0.5378714295867113,0.5367262634343726,90.24285714285715,90.49955834723721,0.0001437525465521851
17,0.755899818148464,0.5309314627831402,0.5297248448828161,90.24285714285715,90.49955834723721,0.0001437525465521851
18,0.7791863111779094,0.52422237807798,0.5229551509060602,90.24285714285715,90.49955834723721,0.0001437525465521851
19,0.7465934259817004,0.5177355568053275,0.5164085404636788,90.24285714285715,90.49955834723721,0.0001437525465521851
