,times,train_loss,test_loss,train_acc,test_acc,eta
0,0.6894191051833332,0.3197383937314451,0.3140881495478322,90.24285714285715,90.49955834723721,0.3097054730724509
1,0.7025635563768446,0.319689452518566,0.313973961997561,90.24285714285715,90.49955834723721,0.3097054730724509
2,0.701784506905824,0.3196655108939241,0.31394618120463036,90.24285714285715,90.49955834723721,0.3097054730724509
3,0.7270232597365975,0.2795210758924964,0.2516699160060805,90.34,90.5333638673515,0.3097054730724509
4,0.7331105428747833,0.27857303590990606,0.24987007559814342,90.35428571428571,90.55190237838191,0.3097054730724509
5,0.752869410905987,0.27557065884952214,0.2461188014336013,90.39428571428572,90.62823742380127,0.3097054730724509
6,0.7597356508485973,0.2729280889621827,0.2428030747818292,90.41142857142857,90.79181252112845,0.3097054730724509
7,0.7639840980991721,0.27246400017915523,0.2418145458288021,90.42,90.77763601269342,0.3097054730724509
8,0.9265220686793327,0.27215375374133827,0.2407763163552312,90.43428571428572,90.79726502437269,0.3097054730724509
9,0.8987773740664124,0.2721515453655715,0.24085758911892197,90.43428571428572,90.79726502437269,0.3097054730724509
10,0.8072639480233192,0.2721515262641114,0.2408464173381115,90.43428571428572,90.79835552502153,0.3097054730724509
11,0.7860371340066195,0.27215152291699446,0.24084647843746076,90.43428571428572,90.79726502437269,0.3097054730724509
12,0.7892485368065536,0.28334015996221074,0.2635622082702823,90.47428571428571,90.93030610353213,0.3097054730724509
13,0.8332737102173269,0.27216533866998927,0.240548251812655,90.44285714285715,90.79508402307499,0.3097054730724509
14,0.8295739879831672,0.27215181944439415,0.24086466006320817,90.43142857142857,90.79726502437269,0.3097054730724509
15,0.8768708640709519,0.27215177384475,0.2408577496326633,90.43428571428572,90.79508402307499,0.3097054730724509
16,0.83955990197137,,,0.0,0.0,0.3097054730724509
17,0.8345063291490078,,,0.0,0.0,0.3097054730724509
18,0.8304652250371873,,,0.0,0.0,0.3097054730724509
19,0.843136755283922,,,0.0,0.0,0.3097054730724509
