,times,train_loss,test_loss,train_acc,test_acc,eta
0,0.7062967433594167,0.5735663804250829,0.5727198516014436,90.24285714285715,90.49955834723721,0.006672402148800233
1,0.7311288951896131,0.3883076989711469,0.38537860261446416,90.24285714285715,90.49955834723721,0.006672402148800233
2,0.7522666361182928,0.33774902258023703,0.33355863405185154,90.24285714285715,90.49955834723721,0.006672402148800233
3,0.7536012688651681,0.32382604584603636,0.31886998476545053,90.24285714285715,90.49955834723721,0.006672402148800233
4,0.8046471020206809,0.32052147258501174,0.31515166545797624,90.24285714285715,90.49955834723721,0.006672402148800233
5,0.8152510519139469,0.3198550247856821,0.31428801260717865,90.24285714285715,90.49955834723721,0.006672402148800233
6,0.8162680370733142,0.3197350254428178,0.31408195204922734,90.24285714285715,90.49955834723721,0.006672402148800233
7,0.7665372639894485,0.31971429753084907,0.31402531022533664,90.24285714285715,90.49955834723721,0.006672402148800233
8,0.7758545130491257,0.31971035115432467,0.31400642169670684,90.24285714285715,90.49955834723721,0.006672402148800233
9,0.8057922921143472,0.3197091212441151,0.31399836837400075,90.24285714285715,90.49955834723721,0.006672402148800233
10,0.8501222021877766,0.31970816351477066,0.3139927627314988,90.24285714285715,90.49955834723721,0.006672402148800233
11,0.7637279280461371,0.3197065099022161,0.3139851544975044,90.24285714285715,90.49955834723721,0.006672402148800233
12,0.7652400666847825,0.319702840687611,0.3139722212948535,90.24285714285715,90.49955834723721,0.006672402148800233
13,0.759943351149559,0.31969505161532963,0.31395041335854934,90.24285714285715,90.49955834723721,0.006672402148800233
14,0.7429983480833471,0.3196786674474543,0.3139125687563217,90.24285714285715,90.49955834723721,0.006672402148800233
15,0.7301538670435548,0.31964421764455403,0.31384463245955274,90.24285714285715,90.49955834723721,0.006672402148800233
16,0.7312318342737854,0.3195721813208345,0.3137195091777961,90.24285714285715,90.49955834723721,0.006672402148800233
17,0.7271376401185989,0.3194212301232549,0.31348150965534144,90.24285714285715,90.49955834723721,0.006672402148800233
18,0.7271975940093398,0.3191038533496074,0.3130131408428254,90.24285714285715,90.49955834723721,0.006672402148800233
19,0.7314142980612814,0.3184626571563164,0.31211214963250067,90.24285714285715,90.49955834723721,0.006672402148800233
