,times,train_loss,test_loss,train_acc,test_acc,eta
0,0.804835082963109,0.31970692035580395,0.31399358397884947,90.24285714285715,90.49955834723721,1.113023760882849
1,0.8194380202330649,0.3196234359707276,0.3138997894863293,90.24285714285715,90.49955834723721,1.113023760882849
2,0.8261804478242993,0.3189401694194426,0.31311874251702915,90.24285714285715,90.49955834723721,1.113023760882849
3,0.804506978020072,0.2792999813828852,0.24952495610723366,90.37428571428572,90.5628073848704,1.113023760882849
4,0.7485495829023421,0.2781661807543153,0.2495437021948005,90.36285714285714,90.55626438097731,1.113023760882849
5,0.8137721307575703,0.2730101443434528,0.2435661740657337,90.39714285714285,90.80380802826578,1.113023760882849
6,0.8107355376705527,0.2721684819758986,0.24156437955151347,90.43142857142857,90.78308851593766,1.113023760882849
7,0.8185991467908025,0.2721517719199209,0.24085869044377525,90.43714285714286,90.79944602567039,1.113023760882849
8,0.7510574623011053,0.27215167096480103,0.24088342905186855,90.43428571428572,90.79726502437269,1.113023760882849
9,0.8125698007643223,0.2721515917878449,0.24088344143878268,90.43428571428572,90.79726502437269,1.113023760882849
10,0.8720627492293715,0.27215152566432715,0.24086313778115556,90.43428571428572,90.79617452372383,1.113023760882849
11,0.8128952183760703,0.2721515196538908,0.24085422453608904,90.43428571428572,90.79617452372383,1.113023760882849
12,0.7777832862921059,inf,inf,9.70571428571428,9.490627146923146,1.113023760882849
13,0.7977429050952196,,,0.0,0.0,1.113023760882849
14,0.7923888429068029,,,0.0,0.0,1.113023760882849
15,0.7990640047937632,,,0.0,0.0,1.113023760882849
16,0.7813088912516832,,,0.0,0.0,1.113023760882849
17,0.8567581148818135,,,0.0,0.0,1.113023760882849
18,0.7683505709283054,,,0.0,0.0,1.113023760882849
19,0.7600089958868921,,,0.0,0.0,1.113023760882849
