,times,train_loss,test_loss,train_acc,test_acc,eta
0,23.988707727286965,306.29428932809196,295.73487368917114,0.0,0.0,3.1609182482282496
1,38.84811227302998,433.9786915202672,426.2910417805266,0.0,0.0,3.1609182482282496
2,38.44345042295754,176.70194711876417,171.86225740170477,0.0,0.0,3.1609182482282496
3,9.658121144399047,82.7444354001467,80.03991319589234,0.0,0.0,3.1609182482282496
4,9.410191958304495,74.7168776916394,72.12026994660037,0.0,0.0,3.1609182482282496
5,23.36672709742561,69.97563059819252,67.70208397878321,0.0,0.0,3.1609182482282496
6,10.140732456929982,68.23086840590578,65.9769394470744,0.0,0.0,3.1609182482282496
7,36.86872958391905,65.2563238924752,63.56337596521344,0.0,0.0,3.1609182482282496
8,22.848958763293922,62.697173928696884,61.33497016878835,0.0,0.0,3.1609182482282496
9,9.451849545817822,61.690392974627294,60.35393889446375,0.0,0.0,3.1609182482282496
10,23.729893554002047,60.03262645384112,58.88552521790593,0.0,0.0,3.1609182482282496
11,23.94647635286674,58.851079802782074,57.79012322611942,0.0,0.0,3.1609182482282496
12,23.017108786851168,58.01682992521534,56.993984754434756,0.0,0.0,3.1609182482282496
13,26.255280673038214,57.35687749717083,56.366612529350306,0.0,0.0,3.1609182482282496
14,9.86947317328304,57.197132866238775,56.21373602599664,0.0,0.0,3.1609182482282496
15,9.897612947039306,57.06168937835155,56.08707500547261,0.0,0.0,3.1609182482282496
16,23.501686143688858,56.415848070361925,55.491177465091134,0.0,0.0,3.1609182482282496
17,22.511621159035712,55.96582408477581,55.087986978770694,0.0,0.0,3.1609182482282496
18,36.522620108909905,55.41448626944007,54.613902300209226,0.0,0.0,3.1609182482282496
19,36.420218118000776,55.058382204108305,54.31729008786383,0.0,0.0,3.1609182482282496
