,times,train_loss,test_loss,train_acc,test_acc,eta
0,23.148022138979286,,,0.0,0.0,0.6666666666666666
1,9.794219652190804,,,0.0,0.0,0.6666666666666666
2,22.55234230030328,,,0.0,0.0,0.6666666666666666
3,35.75646964088082,,,0.0,0.0,0.6666666666666666
4,9.765324771869928,,,0.0,0.0,0.6666666666666666
5,36.24072573008016,,,0.0,0.0,0.6666666666666666
6,9.665734600275755,,,0.0,0.0,0.6666666666666666
7,23.08962689479813,,,0.0,0.0,0.6666666666666666
8,23.545109951868653,,,0.0,0.0,0.6666666666666666
9,35.68933012383059,,,0.0,0.0,0.6666666666666666
10,12.826425377745181,,,0.0,0.0,0.6666666666666666
11,9.833277213852853,,,0.0,0.0,0.6666666666666666
12,37.63750221533701,,,0.0,0.0,0.6666666666666666
13,9.881758525967598,,,0.0,0.0,0.6666666666666666
14,9.791541346348822,,,0.0,0.0,0.6666666666666666
15,37.577331247739494,,,0.0,0.0,0.6666666666666666
16,25.835713495034724,,,0.0,0.0,0.6666666666666666
17,38.73595908097923,,,0.0,0.0,0.6666666666666666
18,23.448965896386653,,,0.0,0.0,0.6666666666666666
19,52.699679182842374,,,0.0,0.0,0.6666666666666666
