,times,train_loss,test_loss,train_acc,test_acc,eta
0,0.8299143053591251,0.3203509524554469,0.31494331143869253,90.24285714285715,90.49955834723721,0.18566355334451112
1,0.7427825601771474,0.3197179246882232,0.3140352488653544,90.24285714285715,90.49955834723721,0.18566355334451112
2,0.7756984019652009,0.31971069799703933,0.3140008388842993,90.24285714285715,90.49955834723721,0.18566355334451112
3,0.6543929600156844,0.31970939199604315,0.3139966099897195,90.24285714285715,90.49955834723721,0.18566355334451112
4,0.8520089676603675,0.31970814826509203,0.313994931860916,90.24285714285715,90.49955834723721,0.18566355334451112
5,0.855162724852562,0.3197069052335043,0.31399351109076756,90.24285714285715,90.49955834723721,0.18566355334451112
6,0.6080554882064462,0.3197056622465859,0.31399211663567494,90.24285714285715,90.49955834723721,0.18566355334451112
7,0.6161038922145963,0.3197044192974592,0.31399072515859416,90.24285714285715,90.49955834723721,0.18566355334451112
8,0.6100183329544961,0.31970317638596113,0.31398933395403256,90.24285714285715,90.49955834723721,0.18566355334451112
9,0.5628198790363967,0.31970193351214654,0.31398794297201627,90.24285714285715,90.49955834723721,0.18566355334451112
10,0.5620531900785863,0.31970069067603135,0.3139865516152259,90.24285714285715,90.49955834723721,0.18566355334451112
11,0.8305923747830093,0.31969944787750953,0.3139851604998966,90.24285714285715,90.49955834723721,0.18566355334451112
12,0.7502144989557564,0.31969820511666225,0.31398376941490425,90.24285714285715,90.49955834723721,0.18566355334451112
13,0.8452098108828068,0.31969696239348305,0.3139823786200018,90.24285714285715,90.49955834723721,0.18566355334451112
14,0.66529726004228,0.31969571970799093,0.31398098725622847,90.24285714285715,90.49955834723721,0.18566355334451112
15,0.6863309536129236,0.31969447706016124,0.3139795964642231,90.24285714285715,90.49955834723721,0.18566355334451112
16,0.7013425687327981,0.3196932344499554,0.3139782054140034,90.24285714285715,90.49955834723721,0.18566355334451112
17,0.7059322251006961,0.3196919918774023,0.3139768145795227,90.24285714285715,90.49955834723721,0.18566355334451112
18,0.7117537702433765,0.3196907493424905,0.31397542391073147,90.24285714285715,90.49955834723721,0.18566355334451112
19,0.6541896318085492,0.3196895068452111,0.3139740330589844,90.24285714285715,90.49955834723721,0.18566355334451112
