,times,train_loss,test_loss,train_acc,test_acc,eta
0,0.7345566689036787,8.231159079389654,8.01326579654771,90.24285714285715,90.49955834723721,111.30237608828492
1,0.7112669353373349,0.5265880281443082,0.5126392951798803,90.24285714285715,90.49955834723721,111.30237608828492
2,0.7050437480211258,3.72054615022863,3.6219110334479505,90.24285714285715,90.49955834723721,111.30237608828492
3,0.704839020036161,6.917110206205604,6.733663667501679,90.24285714285715,90.49955834723721,111.30237608828492
4,0.7310757427476346,2.760493472971463,2.7683778264511583,9.757142857142853,9.500441652762788,111.30237608828492
5,0.7247799807228148,2.897193699390318,2.819838308449089,90.24285714285715,90.49955834723721,111.30237608828492
6,0.7327158241532743,6.093541794270484,5.931442499983357,90.24285714285715,90.49955834723721,111.30237608828492
7,0.731558432802558,9.293214779304549,9.045943866522041,90.24285714285715,90.49955834723721,111.30237608828492
8,0.7493132529780269,1.5793821641869024,1.536458623150884,90.24285714285715,90.49955834723721,111.30237608828492
9,0.8530728109180927,4.783030718328703,4.655168235335842,90.24285714285715,90.49955834723721,111.30237608828492
10,0.7148499167524278,7.9821207648141925,7.769347432606309,90.24285714285715,90.49955834723721,111.30237608828492
11,0.7100617829710245,0.760865782868857,0.739128805169869,90.24285714285715,90.49955834723721,111.30237608828492
12,0.7290505142882466,3.9571703427399014,3.8507144652000513,90.24285714285715,90.49955834723721,111.30237608828492
13,0.7370198997668922,7.15566429381595,6.964235256489376,90.24285714285715,90.49955834723721,111.30237608828492
14,0.7437855880707502,4.555378793098795,4.569510934495644,9.757142857142853,9.500441652762788,111.30237608828492
15,0.7592283450067043,2.6381846806239295,2.566109621265734,90.24285714285715,90.49955834723721,111.30237608828492
16,0.7601023027673364,5.841415633762769,5.684338397600707,90.24285714285715,90.49955834723721,111.30237608828492
17,0.7583820018917322,9.044271055155347,8.801972794877361,90.24285714285715,90.49955834723721,111.30237608828492
18,0.7306085987947881,1.8199587801744739,1.7690738094203635,90.24285714285715,90.49955834723721,111.30237608828492
19,0.7346461680717766,5.019318526312891,4.883664550779485,90.24285714285715,90.49955834723721,111.30237608828492
