,times,train_loss,test_loss,train_acc,test_acc,eta
0,0.7837076690047979,11.371810717043731,11.070049316027712,90.24285714285715,90.49955834723721,400.0
1,0.7051705899648368,20.955711861960634,21.01402962183837,9.757142857142853,9.500441652762788,400.0
2,0.70852578477934,22.978400226783748,22.3641430429389,90.24285714285715,90.49955834723721,400.0
3,0.7078541209921241,1.1678055929993658,1.1701797296057408,9.757142857142853,9.500441652762788,400.0
4,0.7106977440416813,33.61263206411542,32.707987545775815,90.24285714285715,90.49955834723721,400.0
5,0.7549879783764482,15.49489499098896,15.079993601733692,90.24285714285715,90.49955834723721,400.0
6,0.7867542100138962,25.80036333827401,25.10686039287881,90.24285714285715,90.49955834723721,400.0
7,0.8063045488670468,0.3021300586382113,0.2932986125675255,90.24285714285715,90.49955834723721,400.0
8,0.819275498855859,11.816806882871356,11.498505230659823,90.24285714285715,90.49955834723721,400.0
9,0.8319433378055692,4.04388877717103,3.9317120460501362,90.24285714285715,90.49955834723721,400.0
10,0.690525408834219,18.834466353940535,18.327035221869235,90.24285714285715,90.49955834723721,400.0
11,0.6771803176961839,10.26116376586799,9.982419875591228,90.24285714285715,90.49955834723721,400.0
12,0.6806112518534064,13.145800043625265,12.789077412592812,90.24285714285715,90.49955834723721,400.0
13,0.6851953389123082,3.508259446233436,3.4068610374323076,90.24285714285715,90.49955834723721,400.0
14,0.6948849488981068,6.605037367303249,6.420793683368132,90.24285714285715,90.49955834723721,400.0
15,0.6939906380139291,18.005945750455034,17.516943801043166,90.24285714285715,90.49955834723721,400.0
16,0.7119660433381796,1.825347883706438,1.8249362033868288,9.757142857142853,9.500441652762788,400.0
17,0.6909554479643703,25.67835551876047,24.981282646988532,90.24285714285715,90.49955834723721,400.0
18,0.709092911798507,15.188224467998023,14.772866894496607,90.24285714285715,90.49955834723721,400.0
19,0.6247848998755217,0.30146589880959695,0.2882931049019419,90.26571428571428,90.50937285307685,400.0
