,times,train_loss,test_loss,train_acc,test_acc,eta
0,2.494153592735529,0.3196924898845629,0.3139825748896716,90.24285714285715,90.49955834723721,0.6672402148800234
1,2.3995517347939312,0.31967900135215216,0.31396779530645963,90.24285714285715,90.49955834723721,0.6672402148800234
2,2.0544848213903606,0.31966551610666494,0.3139529931017986,90.24285714285715,90.49955834723721,0.6672402148800234
3,1.8925595129840076,0.31965203413104204,0.3139382054992835,90.24285714285715,90.49955834723721,0.6672402148800234
4,1.805614153854549,0.3196385554339666,0.31392341086781017,90.24285714285715,90.49955834723721,0.6672402148800234
5,1.850062482059002,0.3196250800075426,0.3139086128820401,90.24285714285715,90.49955834723721,0.6672402148800234
6,1.9886275557801127,0.31961160785240583,0.31389382555874484,90.24285714285715,90.49955834723721,0.6672402148800234
7,2.0163476397283375,0.31959813895530004,0.3138790488169332,90.24285714285715,90.49955834723721,0.6672402148800234
8,2.155116345267743,0.3195846733240801,0.313864262456899,90.24285714285715,90.49955834723721,0.6672402148800234
9,2.533325409051031,0.31957121095935576,0.31384949164394527,90.24285714285715,90.49955834723721,0.6672402148800234
10,1.7159692510031164,0.31955775185251406,0.31383472873684953,90.24285714285715,90.49955834723721,0.6672402148800234
11,1.6857465947978199,0.319544296006443,0.3138199575237824,90.24285714285715,90.49955834723721,0.6672402148800234
12,1.6870512920431793,0.3195308434150976,0.3138051858352549,90.24285714285715,90.49955834723721,0.6672402148800234
13,1.6928122751414776,0.3195173940763614,0.31379042034991006,90.24285714285715,90.49955834723721,0.6672402148800234
14,1.687071319669485,0.3195039479902981,0.31377565776321376,90.24285714285715,90.49955834723721,0.6672402148800234
15,1.7041893121786416,0.3194905051520583,0.31376090385644295,90.24285714285715,90.49955834723721,0.6672402148800234
16,2.439151549246162,0.31947706556320243,0.3137461578852879,90.24285714285715,90.49955834723721,0.6672402148800234
17,1.8868842129595578,0.3194636292195024,0.31373140751620304,90.24285714285715,90.49955834723721,0.6672402148800234
18,4.0434603206813335,0.31945019612405007,0.3137166583063821,90.24285714285715,90.49955834723721,0.6672402148800234
19,1.9982812767848372,0.3194367662680792,0.31370191554534366,90.24285714285715,90.49955834723721,0.6672402148800234
