,times,train_loss,test_loss,train_acc,test_acc,eta
0,1.9342886740341783,0.5076911635083696,0.5062747059323487,90.24285714285715,90.49955834723721,0.004
1,1.9166404567658901,0.42310341790641154,0.4207244014820444,90.24285714285715,90.49955834723721,0.004
2,1.7683872529305518,0.38071121063738383,0.3776481703205004,90.24285714285715,90.49955834723721,0.004
3,1.8667481509037316,0.3575939582336636,0.3540246525902916,90.24285714285715,90.49955834723721,0.004
4,1.8384222178719938,0.3441365504088942,0.34018043859237274,90.24285714285715,90.49955834723721,0.004
5,1.958034548908472,0.3359061493698568,0.3316472700556897,90.24285714285715,90.49955834723721,0.004
6,1.8883374468423426,0.3306799678455243,0.3261796815762031,90.24285714285715,90.49955834723721,0.004
7,2.0010753283277154,0.32726386695204174,0.3225683253772306,90.24285714285715,90.49955834723721,0.004
8,2.1572262411937118,0.32497965129969414,0.32012439856057956,90.24285714285715,90.49955834723721,0.004
9,2.0565163078717887,0.32342447700596827,0.31843741341672815,90.24285714285715,90.49955834723721,0.004
10,2.014388050418347,0.32235018040378216,0.31725354602669426,90.24285714285715,90.49955834723721,0.004
11,2.1176670040003955,0.3215992611275703,0.3164110083390536,90.24285714285715,90.49955834723721,0.004
12,1.9320112271234393,0.32106927411580727,0.3158040447767097,90.24285714285715,90.49955834723721,0.004
13,1.8303903872147202,0.3206922130786609,0.315362051547458,90.24285714285715,90.49955834723721,0.004
14,1.8566004200838506,0.32042215951416536,0.3150370442574486,90.24285714285715,90.49955834723721,0.004
15,1.889062874019146,0.32022766389959095,0.31479591120829414,90.24285714285715,90.49955834723721,0.004
16,1.7824186319485307,0.3200869264978311,0.3146155021223547,90.24285714285715,90.49955834723721,0.004
17,1.8054480613209307,0.3199846825696328,0.3144794457001763,90.24285714285715,90.49955834723721,0.004
18,1.8003124669194221,0.31991015117030597,0.31437604783556733,90.24285714285715,90.49955834723721,0.004
19,1.879296664148569,0.31985566235425966,0.3142968803865632,90.24285714285715,90.49955834723721,0.004
