,times,train_loss,test_loss,train_acc,test_acc,eta
0,1.9560074140317738,0.31965747681574047,0.3139442021181684,90.24285714285715,90.49955834723721,2.397937001275765
1,2.0560145978815854,0.3196090473515078,0.31389105400134176,90.24285714285715,90.49955834723721,2.397937001275765
2,2.4751394032500684,0.31956066008408324,0.3138378805915286,90.24285714285715,90.49955834723721,2.397937001275765
3,2.1758155412971973,0.31951231485575005,0.3137848167915187,90.24285714285715,90.49955834723721,2.397937001275765
4,1.6398507999256253,0.31946401162624055,0.3137318078521918,90.24285714285715,90.49955834723721,2.397937001275765
5,1.6739530977793038,0.3194157502757891,0.3136788568047005,90.24285714285715,90.49955834723721,2.397937001275765
6,2.4095499250106514,0.31936753071641294,0.3136258526328059,90.24285714285715,90.49955834723721,2.397937001275765
7,1.9495048429816961,0.31931935285944973,0.31357302809206283,90.24285714285715,90.49955834723721,2.397937001275765
8,2.1123428950086236,0.31927121662041247,0.31352021038676947,90.24285714285715,90.49955834723721,2.397937001275765
9,1.9017843031324446,0.31922312185175505,0.3134673591262316,90.24285714285715,90.49955834723721,2.397937001275765
10,1.8949103262275457,0.31917506854296873,0.31341450502245244,90.24285714285715,90.49955834723721,2.397937001275765
11,1.924618347082287,0.3191270565127808,0.31336187469992466,90.24285714285715,90.49955834723721,2.397937001275765
12,1.846065972931683,0.3190790856857517,0.313309079127273,90.24285714285715,90.49955834723721,2.397937001275765
13,1.7549509070813656,0.3190311559841093,0.3132564339832778,90.24285714285715,90.49955834723721,2.397937001275765
14,1.7634173156693578,0.3189832672608983,0.31320383227952564,90.24285714285715,90.49955834723721,2.397937001275765
15,1.7726832618936896,0.3189354194832251,0.313151285727045,90.24285714285715,90.49955834723721,2.397937001275765
16,1.7372011337429285,0.31888761256382814,0.3130987667527835,90.24285714285715,90.49955834723721,2.397937001275765
17,1.7271064990200102,0.31883984642453184,0.31304624178074114,90.24285714285715,90.49955834723721,2.397937001275765
18,1.8531637229025364,0.31879212089657954,0.31299382269675763,90.24285714285715,90.49955834723721,2.397937001275765
19,1.8894639741629362,0.3187444359617085,0.31294139887308786,90.24285714285715,90.49955834723721,2.397937001275765
