,times,train_loss,test_loss,train_acc,test_acc,eta
0,1.7927660220302641,0.33478596053476245,0.33046207977011977,90.24285714285715,90.49955834723721,30.970547307245088
1,1.8045695591717958,0.48307008235354965,0.4703511671577521,90.24285714285715,90.49955834723721,30.970547307245088
2,1.9133240319788456,0.35215264921598977,0.34835588859388794,90.24285714285715,90.49955834723721,30.970547307245088
3,2.0819608131423593,0.44105746501889076,0.4293933668821549,90.24285714285715,90.49955834723721,30.970547307245088
4,2.006073710974306,0.35979768058669664,0.3561117839654224,90.24285714285715,90.49955834723721,30.970547307245088
5,1.9109765160828829,0.471238441082239,0.45850411911480216,90.24285714285715,90.49955834723721,30.970547307245088
6,1.8012893167324364,0.3505418589084677,0.34656493072169875,90.24285714285715,90.49955834723721,30.970547307245088
7,2.056757857091725,0.34107700513705475,0.3326088121083709,90.24285714285715,90.49955834723721,30.970547307245088
8,2.1709954268299043,0.3288695004321156,0.32404180006876104,90.24285714285715,90.49955834723721,30.970547307245088
9,2.059178256895393,0.33004052499661407,0.32197012238206757,90.24285714285715,90.49955834723721,30.970547307245088
10,2.131709214299917,0.357419160617783,0.3534612443540632,90.24285714285715,90.49955834723721,30.970547307245088
11,2.4745808602310717,0.4440199377106388,0.43156596347303183,90.24285714285715,90.49955834723721,30.970547307245088
12,2.3709898409433663,0.35016899777653065,0.34597581575175707,90.24285714285715,90.49955834723721,30.970547307245088
13,2.469048240687698,0.3297985068493503,0.3213450303286314,90.24285714285715,90.49955834723721,30.970547307245088
14,2.7965124379843473,0.34437223589235283,0.33994689870559025,90.24285714285715,90.49955834723721,30.970547307245088
15,2.314270173199475,0.4292665267668788,0.4169087127869578,90.24285714285715,90.49955834723721,30.970547307245088
16,2.724016106221825,0.33746215397959184,0.3327415263205154,90.24285714285715,90.49955834723721,30.970547307245088
17,2.8397168670780957,0.4426091469468742,0.42970739271384484,90.24285714285715,90.49955834723721,30.970547307245088
18,2.505389640573412,0.3149656673785127,0.30910578247216436,90.24285714285715,90.49955834723721,30.970547307245088
19,2.537217334844172,0.39637164494420607,0.3847332242342098,90.24285714285715,90.49955834723721,30.970547307245088
