,times,train_loss,test_loss,train_acc,test_acc,eta
0,1.8384235161356628,0.31953200248853647,0.31380636889620905,90.24285714285715,90.49955834723721,8.617738760127532
1,1.9150382620282471,0.3193585407019682,0.31361617497914157,90.24285714285715,90.49955834723721,8.617738760127532
2,2.041346848011017,0.3191856165712574,0.3134260428506925,90.24285714285715,90.49955834723721,8.617738760127532
3,2.080620081163943,0.3190132276334972,0.3132369406462281,90.24285714285715,90.49955834723721,8.617738760127532
4,2.0850958758965135,0.3188413684351904,0.31304760266918075,90.24285714285715,90.49955834723721,8.617738760127532
5,2.057015054859221,0.3186700339089656,0.3128592315658572,90.24285714285715,90.49955834723721,8.617738760127532
6,2.004654597956687,0.3184992190608038,0.3126716252113535,90.24285714285715,90.49955834723721,8.617738760127532
7,2.1252225609496236,0.3183289228930389,0.3124841595829528,90.24285714285715,90.49955834723721,8.617738760127532
8,2.4242646358907223,0.31815913794240525,0.31229773347989315,90.24285714285715,90.49955834723721,8.617738760127532
9,2.0973588027991354,0.31798986221369124,0.3121112682062114,90.24285714285715,90.49955834723721,8.617738760127532
10,1.8160650990903378,0.3178210904490659,0.31192568912454627,90.24285714285715,90.49955834723721,8.617738760127532
11,1.6926164482720196,0.3176528201283639,0.3117407876831887,90.24285714285715,90.49955834723721,8.617738760127532
12,2.1469057351350784,0.317485047252168,0.3115562108502349,90.24285714285715,90.49955834723721,8.617738760127532
13,2.1326088081113994,0.3173177656633469,0.3113717408723493,90.24285714285715,90.49955834723721,8.617738760127532
14,2.4415151868015528,0.3171509776305866,0.31118863667554464,90.24285714285715,90.49955834723721,8.617738760127532
15,2.4084212728776038,0.31698467197569247,0.3110052964678167,90.24285714285715,90.49955834723721,8.617738760127532
16,2.5733798653818667,0.31681884790166526,0.3108215637880885,90.24285714285715,90.49955834723721,8.617738760127532
17,2.264571445994079,0.3166535032104314,0.31063948699230337,90.24285714285715,90.49955834723721,8.617738760127532
18,1.8502964996732771,0.3164886354803052,0.3104582414843512,90.24285714285715,90.49955834723721,8.617738760127532
19,1.8432901352643967,0.31632423924111286,0.310276974765355,90.24285714285715,90.49955834723721,8.617738760127532
