,times,train_loss,test_loss,train_acc,test_acc,eta
0,0.6086210887879133,0.21531466031689045,0.2606815436023375,0.0,0.0,0.04641588833612778
1,0.6221872372552752,0.19983527863175263,0.1940176402819102,0.0,0.0,0.04641588833612778
2,0.616202225908637,0.19979573696693495,0.1914129441166437,0.0,0.0,0.04641588833612778
3,0.6033300068229437,0.19979497909744415,0.1912837991600384,0.0,0.0,0.04641588833612778
4,0.6036355551332235,0.19979431861612523,0.19127685614096726,0.0,0.0,0.04641588833612778
5,0.610116686206311,0.1997936583897292,0.191276033849495,0.0,0.0,0.04641588833612778
6,0.6098888982087374,0.19979299817454235,0.19127551067264062,0.0,0.0,0.04641588833612778
7,0.6138254068791866,0.19979233796974155,0.19127501189032714,0.0,0.0,0.04641588833612778
8,0.6064757541753352,0.19979167777534598,0.19127451242983154,0.0,0.0,0.04641588833612778
9,0.6037557530216873,0.1997910175915557,0.19127400234204417,0.0,0.0,0.04641588833612778
10,0.6039207009598613,0.19979035741831164,0.19127349603968744,0.0,0.0,0.04641588833612778
11,0.6128756860271096,0.19978969725540946,0.19127299567631678,0.0,0.0,0.04641588833612778
12,0.611029096879065,0.19978903710306217,0.19127249609469657,0.0,0.0,0.04641588833612778
13,0.6024457993917167,0.19978837696122057,0.19127199697221495,0.0,0.0,0.04641588833612778
14,0.6346532166935503,0.19978771682977012,0.19127149503550472,0.0,0.0,0.04641588833612778
15,0.6171394637785852,0.19978705670903868,0.19127099491886881,0.0,0.0,0.04641588833612778
16,0.6729725538752973,0.1997863965984004,0.19127049268058716,0.0,0.0,0.04641588833612778
17,0.6143678538501263,0.19978573649840267,0.191269986500113,0.0,0.0,0.04641588833612778
18,0.6067288313060999,0.1997850764088859,0.19126948635027213,0.0,0.0,0.04641588833612778
19,0.606717674061656,0.19978441632977925,0.19126897278818705,0.0,0.0,0.04641588833612778
