,times,train_loss,test_loss,train_acc,test_acc,eta
0,4.240689979866147,0.4984001773040582,0.5087008510408197,0.0,0.0,0.003593813663804627
1,4.268906897865236,0.49685635357328495,0.5071198683422681,0.0,0.0,0.003593813663804627
2,4.263422063086182,0.49535979656458823,0.5055872928905633,0.0,0.0,0.003593813663804627
3,4.2760072336532176,0.4939084885304959,0.5041007373406226,0.0,0.0,0.003593813663804627
4,4.253226100932807,0.49250056142812865,0.5026586333758016,0.0,0.0,0.003593813663804627
5,4.290150442160666,0.4911341010951993,0.5012586766605759,0.0,0.0,0.003593813663804627
6,4.278357141185552,0.48980738090649156,0.49989913584550844,0.0,0.0,0.003593813663804627
7,4.283973140176386,0.48851872785466516,0.4985784997518062,0.0,0.0,0.003593813663804627
8,4.27092812070623,0.4872665637083473,0.49729511673781557,0.0,0.0,0.003593813663804627
9,4.2790063680149615,0.48604945093872626,0.49604741023524107,0.0,0.0,0.003593813663804627
10,4.2497912109829485,0.4848658705821941,0.494833938498021,0.0,0.0,0.003593813663804627
11,4.289213459938765,0.48371452761661754,0.49365341718367994,0.0,0.0,0.003593813663804627
12,4.194258677307516,0.48259408274523563,0.49250436561687716,0.0,0.0,0.003593813663804627
13,4.2799467369914055,0.48150330685004405,0.4913856308129234,0.0,0.0,0.003593813663804627
14,4.058280440978706,0.48044101946098555,0.49029590600184714,0.0,0.0,0.003593813663804627
15,4.0491205980069935,0.47940610911672177,0.48923421444248916,0.0,0.0,0.003593813663804627
16,4.004775790031999,0.478397561449421,0.4881994549359364,0.0,0.0,0.003593813663804627
17,4.032419795170426,0.47741426128759523,0.4871903733914285,0.0,0.0,0.003593813663804627
18,4.000547923147678,0.4764552853977676,0.4862062442517694,0.0,0.0,0.003593813663804627
19,4.019088251050562,0.47551969607864764,0.48524595284456096,0.0,0.0,0.003593813663804627
