,times,train_loss,test_loss,train_acc,test_acc,eta
0,27.183486271183938,13743.864824357046,13380.369995971803,0.0,0.0,0.003593813663804627
1,24.829983988776803,3855.00241006713,3679.782063086869,0.0,0.0,0.003593813663804627
2,25.999214271083474,3748.474623222748,3590.359135708886,0.0,0.0,0.003593813663804627
3,25.14499191613868,3692.3630759370785,3538.0917553643876,0.0,0.0,0.003593813663804627
4,23.80905733210966,3638.0108621226054,3486.5508357131903,0.0,0.0,0.003593813663804627
5,30.8060758439824,3585.0700235374775,3436.2711260825963,0.0,0.0,0.003593813663804627
6,26.132597678806633,3533.4500138496433,3387.220890353302,0.0,0.0,0.003593813663804627
7,26.405116283800453,3483.0704977645346,3339.332835224166,0.0,0.0,0.003593813663804627
8,23.243707015179098,3433.865237299617,3292.5411686692655,0.0,0.0,0.003593813663804627
9,23.36962036602199,3385.7715519477265,3246.7901989996103,0.0,0.0,0.003593813663804627
10,23.40038094110787,3338.736224528601,3202.032222629687,0.0,0.0,0.003593813663804627
11,23.1880488130264,3292.7101774094913,3158.2217584554996,0.0,0.0,0.003593813663804627
12,23.950537990778685,3247.650934465905,3115.315253362684,0.0,0.0,0.003593813663804627
13,24.186306686140597,3203.5195096419434,3073.277902658517,0.0,0.0,0.003593813663804627
14,23.039011486340314,3160.279633767441,3032.078177233253,0.0,0.0,0.003593813663804627
15,25.27135011786595,3117.8989122898747,2991.686596605845,0.0,0.0,0.003593813663804627
16,24.718373153358698,3076.3476986683986,2952.074441536538,0.0,0.0,0.003593813663804627
17,24.458708143327385,3035.597319145684,2913.21472488115,0.0,0.0,0.003593813663804627
18,23.18970539793372,2995.6236174902147,2875.0822662074947,0.0,0.0,0.003593813663804627
19,23.376659377943724,2956.40167668899,2837.6595357387923,0.0,0.0,0.003593813663804627
