,times,train_loss,test_loss,train_acc,test_acc,eta
0,0.2708034892566502,0.09524859870975733,0.10499670744401353,97.41386761629816,96.75010372009405,0.6666666666666666
1,0.2520906920544803,0.07577257309902262,0.0903814839419769,98.09843207080748,97.1511547503803,0.6666666666666666
2,0.2532393028959632,0.06541683081200526,0.08345152264512663,98.38712465642125,97.24104549854792,0.6666666666666666
3,0.2740130741149187,0.04561416648690139,0.07100700641618803,98.83658616695766,97.37242428433134,0.6666666666666666
4,0.2720164591446519,0.03925658376072584,0.06893933526629656,99.04748733728628,97.38625363020329,0.6666666666666666
5,0.28991825226694345,0.03438327912143752,0.06832526088613534,99.22381454526597,97.43465634075508,0.6666666666666666
6,0.2734865406528115,0.03232350213141036,0.06829354972534006,99.32062163984304,97.43465634075508,0.6666666666666666
7,0.3326862729154527,0.030412713386385848,0.06841851177813417,99.43471571559459,97.42082699488314,0.6666666666666666
8,0.25439510494470596,0.029903518528427618,0.06842949233256752,99.44854530053416,97.45540035956299,0.6666666666666666
9,0.2710431688465178,0.028904432620115203,0.06851607068051965,99.48139056476568,97.4277416678191,0.6666666666666666
10,0.25320248398929834,0.02853564184752022,0.06857547559187924,99.49349145158781,97.43465634075508,0.6666666666666666
11,0.25148280803114176,0.028198442645209695,0.06862154744681191,99.50732103652739,97.4277416678191,0.6666666666666666
12,0.25353725580498576,0.02788864763213223,0.06866710356269114,99.51769322523208,97.43465634075508,0.6666666666666666
13,0.25534486304968596,0.027603164699111525,0.06871478748449261,99.52806541393676,97.43465634075508,0.6666666666666666
14,0.2568550971336663,0.027339506520175756,0.0687948972247589,99.54362369699379,97.44157101369105,0.6666666666666666
15,0.25569742592051625,0.027095331207242987,0.0688660607341178,99.55053848946359,97.44848568662702,0.6666666666666666
16,0.25225727865472436,0.026868436548276302,0.06891111984415957,99.55745328193338,97.44848568662702,0.6666666666666666
17,0.2553782621398568,0.026657653304345174,0.06893759901717354,99.55918198005082,97.44157101369105,0.6666666666666666
18,0.3016548822633922,0.024987791222906643,0.06999883621190375,99.62487250851383,97.40008297607523,0.6666666666666666
19,0.2948627439327538,0.024507630801133905,0.0703446714930285,99.64907428215811,97.38625363020329,0.6666666666666666
