,times,train_loss,test_loss,train_acc,test_acc,eta
0,0.3137376341037452,0.16669993322901608,0.1699519199730578,95.38437602641451,95.15972894482091,0.6666666666666666
1,0.2589166322723031,0.14425532885883005,0.1490717370962325,96.23143810396391,95.81662287373807,0.6666666666666666
2,0.2748534670099616,0.1138902106963741,0.12107906941442588,96.94539042646983,96.32830867099986,0.6666666666666666
3,0.28667080914601684,0.09983566976569885,0.10867426832622523,97.29458744619427,96.5979809155027,0.6666666666666666
4,0.31435315823182464,0.08797962173164048,0.0987194980338623,97.58328003180804,96.85382381413359,0.6666666666666666
5,0.28132130531594157,0.08375096546568592,0.09552516386151291,97.71984718308642,96.97137325404509,0.6666666666666666
6,0.2768830778077245,0.07922182474952004,0.09222112927309326,97.87197261742182,97.01977596459687,0.6666666666666666
7,0.31780929071828723,0.0736663735237419,0.08831231293394856,98.07595899528066,97.12349605863642,0.6666666666666666
8,0.30025633703917265,0.07100462694693198,0.08651929470623941,98.15202171244836,97.17881344212418,0.6666666666666666
9,0.2755422117188573,0.06852135132775684,0.08488974344493466,98.25228620326033,97.22721615267598,0.6666666666666666
10,0.2899898150935769,0.06610922239777128,0.08334227158629666,98.33180631666292,97.28253353616374,0.6666666666666666
11,0.2854441311210394,0.06415044716031379,0.08211725470154278,98.39403944889104,97.26178951735582,0.6666666666666666
12,0.2964944369159639,0.061764722782454116,0.08066000886960453,98.47701695852854,97.31019222790762,0.6666666666666666
13,0.2998768649995327,0.05975506039346897,0.07946842738432444,98.55135097757879,97.32402157377956,0.6666666666666666
14,0.29775526793673635,0.058497995998693646,0.07874065929832332,98.59802582674988,97.35168026552344,0.6666666666666666
15,0.280750238802284,0.05715234319771445,0.07797797361256145,98.63259978909883,97.36550961139538,0.6666666666666666
16,0.27554968232288957,0.05600286546767453,0.07733851378575372,98.67581724203502,97.38625363020329,0.6666666666666666
17,0.26030253199860454,0.055349690077915535,0.07698162237075824,98.70174771379673,97.39316830313926,0.6666666666666666
18,0.2499320455826819,0.05472079374067142,0.07664207771037887,98.72076339308866,97.4069976490112,0.6666666666666666
19,0.25407916493713856,0.05411471235772895,0.07631783670326323,98.75533735543762,97.38625363020329,0.6666666666666666
