,times,train_loss,test_loss,train_acc,test_acc,eta
0,4.370959912892431,,,0.0,0.0,27.82559402207123
1,4.391152164898813,,,0.0,0.0,27.82559402207123
2,4.33967818133533,,,0.0,0.0,27.82559402207123
3,4.350767634809017,,,0.0,0.0,27.82559402207123
4,4.344271298032254,,,0.0,0.0,27.82559402207123
5,4.381121622864157,,,0.0,0.0,27.82559402207123
6,4.364223519805819,,,0.0,0.0,27.82559402207123
7,4.346015309914947,,,0.0,0.0,27.82559402207123
8,4.403336683753878,,,0.0,0.0,27.82559402207123
9,4.377291857730597,,,0.0,0.0,27.82559402207123
10,4.36999785900116,,,0.0,0.0,27.82559402207123
11,4.37394326319918,,,0.0,0.0,27.82559402207123
12,4.343729909975082,,,0.0,0.0,27.82559402207123
13,4.359738888218999,,,0.0,0.0,27.82559402207123
14,4.3613701784051955,,,0.0,0.0,27.82559402207123
15,4.380504158791155,,,0.0,0.0,27.82559402207123
16,4.340724254958332,,,0.0,0.0,27.82559402207123
17,4.450420888140798,,,0.0,0.0,27.82559402207123
18,4.36946359788999,,,0.0,0.0,27.82559402207123
19,4.418181939981878,,,0.0,0.0,27.82559402207123
