,times,train_loss,test_loss,train_acc,test_acc,eta
0,4.26969606988132,0.4214973232917081,0.42726094011846644,0.0,0.0,2.154434690031883
1,4.28027456626296,0.38231232760822104,0.3883224416601639,0.0,0.0,2.154434690031883
2,4.255952906329185,0.3777144023006013,0.3833936900159584,0.0,0.0,2.154434690031883
3,4.285763133317232,0.3752971221635975,0.3807715665282513,0.0,0.0,2.154434690031883
4,4.268413647077978,0.37382325502372993,0.3792054940881413,0.0,0.0,2.154434690031883
5,4.279908173251897,0.3727771272184284,0.3780914441731262,0.0,0.0,2.154434690031883
6,4.273915727157146,0.3719406257438028,0.3771829359410318,0.0,0.0,2.154434690031883
7,4.263215184677392,0.37128616603557957,0.37647899682532066,0.0,0.0,2.154434690031883
8,4.269154022913426,0.3707126735878247,0.37590259953907657,0.0,0.0,2.154434690031883
9,4.245112633798271,0.37022331684597637,0.3754113512186671,0.0,0.0,2.154434690031883
10,4.256076782941818,0.36978905740895335,0.37496019111483486,0.0,0.0,2.154434690031883
11,4.385926679242402,0.36940324019261017,0.3745799019784234,0.0,0.0,2.154434690031883
12,4.70157152460888,0.36905175518056316,0.37422010714435405,0.0,0.0,2.154434690031883
13,4.723720021080226,0.3687332219896679,0.3739001540714514,0.0,0.0,2.154434690031883
14,4.303804741241038,0.36844243679210587,0.3736151597451785,0.0,0.0,2.154434690031883
15,4.267059973906726,0.36817429097591015,0.3733388449396803,0.0,0.0,2.154434690031883
16,4.278807437047362,0.36792604959413994,0.37310483140586087,0.0,0.0,2.154434690031883
17,4.301037825178355,0.36769532652675774,0.37287317820046534,0.0,0.0,2.154434690031883
18,4.64022476086393,0.36748106089707333,0.37266605084084364,0.0,0.0,2.154434690031883
19,4.523642600048333,0.3672831281713679,0.37246449247102736,0.0,0.0,2.154434690031883
