,times,train_loss,test_loss,train_acc,test_acc,eta
0,26.991286570206285,1530.3282849355944,1471.7197376960187,0.0,0.0,0.27825594022071226
1,26.989085570909083,338.88378390260397,324.53325954670464,0.0,0.0,0.27825594022071226
2,27.122290899977088,71.7150660388661,69.05619417631391,0.0,0.0,0.27825594022071226
3,27.110432067885995,,,0.0,0.0,0.27825594022071226
4,27.17894493881613,,,0.0,0.0,0.27825594022071226
5,27.16947657521814,,,0.0,0.0,0.27825594022071226
6,27.30609495891258,,,0.0,0.0,0.27825594022071226
7,27.341829126235098,,,0.0,0.0,0.27825594022071226
8,27.44517628196627,,,0.0,0.0,0.27825594022071226
9,27.405093499924988,,,0.0,0.0,0.27825594022071226
10,27.660143022891134,,,0.0,0.0,0.27825594022071226
11,27.429863916244358,,,0.0,0.0,0.27825594022071226
12,27.579061513766646,,,0.0,0.0,0.27825594022071226
13,27.538031846750528,,,0.0,0.0,0.27825594022071226
14,27.773941092658788,,,0.0,0.0,0.27825594022071226
15,27.53923547687009,,,0.0,0.0,0.27825594022071226
16,27.270320613868535,,,0.0,0.0,0.27825594022071226
17,26.78063456574455,,,0.0,0.0,0.27825594022071226
18,27.818298996891826,,,0.0,0.0,0.27825594022071226
19,27.032386714126915,,,0.0,0.0,0.27825594022071226
