,times,train_loss,test_loss,train_acc,test_acc,eta
0,0.392409595195204,0.1998236709554911,0.18799817491039778,0.0,0.0,1.8949207063585727
1,0.3988595646806061,0.19973287173276102,0.19100764589230135,0.0,0.0,1.8949207063585727
2,1.2827050420455635,0.1995951262089341,0.18935585622615125,0.0,0.0,1.8949207063585727
3,0.41069498797878623,0.19954590796990546,0.19110760322424114,0.0,0.0,1.8949207063585727
4,0.7191946557722986,0.1994461812473273,0.19104087715735504,0.0,0.0,1.8949207063585727
5,0.7447138992138207,0.19933387966523478,0.19092460263389724,0.0,0.0,1.8949207063585727
6,1.0272395960055292,0.1992188327956701,0.19079106069232843,0.0,0.0,1.8949207063585727
7,0.7400448508560658,0.19904139422272152,0.19067469379784494,0.0,0.0,1.8949207063585727
8,0.7221800573170185,0.19895261759692062,0.19063150744602006,0.0,0.0,1.8949207063585727
9,0.6666426341980696,0.19881088020101995,0.19053337329299294,0.0,0.0,1.8949207063585727
10,1.2147394008934498,0.19860773195804457,0.19037384055281142,0.0,0.0,1.8949207063585727
11,0.74312703916803,0.19852003874734436,0.19030893827382953,0.0,0.0,1.8949207063585727
12,0.4007253567688167,0.19848851237602996,0.19027893435161186,0.0,0.0,1.8949207063585727
13,0.4043259681202471,0.19845701908453717,0.19024553334334857,0.0,0.0,1.8949207063585727
14,0.7398910601623356,0.19831285240564692,0.19016269169346076,0.0,0.0,1.8949207063585727
15,0.7098781350068748,0.19817839900412268,0.19003491498964828,0.0,0.0,1.8949207063585727
16,0.9979955572634935,0.19796377992834363,0.1898902362526866,0.0,0.0,1.8949207063585727
17,1.009252259042114,0.19778900161523774,0.18975778423014028,0.0,0.0,1.8949207063585727
18,0.4036224540323019,0.19775779886710784,0.18972561976145383,0.0,0.0,1.8949207063585727
19,0.6800409681163728,0.19763952280294428,0.1896594817462779,0.0,0.0,1.8949207063585727
