,times,train_loss,test_loss,train_acc,test_acc,eta
0,0.9999368321150541,0.1997679826249541,0.19125789042714653,0.0,0.0,2.4473842035271822
1,0.5072076329961419,0.19974726964689188,0.19124087791618952,0.0,0.0,2.4473842035271822
2,0.4097036668099463,0.1997265713272229,0.19122599491743553,0.0,0.0,2.4473842035271822
3,1.0798115907236934,0.19961844322050826,0.19114033798340263,0.0,0.0,2.4473842035271822
4,1.4454331626184285,0.1994777047631331,0.19103597013693144,0.0,0.0,2.4473842035271822
5,0.8658966259099543,0.1994179930907546,0.19098558601279045,0.0,0.0,2.4473842035271822
6,1.2342882100492716,0.19926905015420388,0.19087388383745038,0.0,0.0,2.4473842035271822
7,0.6568338288925588,0.1992074819086709,0.1908320534845909,0.0,0.0,2.4473842035271822
8,0.6856848900206387,0.19914592249825325,0.1907793890794789,0.0,0.0,2.4473842035271822
9,0.7052234299480915,0.1990690584259099,0.1907204130873242,0.0,0.0,2.4473842035271822
10,1.3151237568818033,0.19891599468686724,0.19060650655915115,0.0,0.0,2.4473842035271822
11,0.46553897205740213,0.19889570929222786,0.19058454976774347,0.0,0.0,2.4473842035271822
12,0.7438652766868472,0.19881326332746924,0.19052367208488455,0.0,0.0,2.4473842035271822
13,0.996355595998466,0.19867371728640562,0.1904223375247071,0.0,0.0,2.4473842035271822
14,0.6495521538890898,0.1986051173710508,0.1903738499884792,0.0,0.0,2.4473842035271822
15,0.4152987808920443,0.1985849872129466,0.1903531540575801,0.0,0.0,2.4473842035271822
16,0.7412436469458044,0.19849000262080108,0.19028213563936952,0.0,0.0,2.4473842035271822
17,1.0169697203673422,0.19834626088986396,0.1901705678925027,0.0,0.0,2.4473842035271822
18,0.42459155479446054,0.1983262581192619,0.1901624039505218,0.0,0.0,2.4473842035271822
19,1.0488864430226386,0.19822890039581587,0.19007613841975693,0.0,0.0,2.4473842035271822
