,times,train_loss,test_loss,train_acc,test_acc,eta
0,0.42402502289041877,0.19978969434781368,0.19128724292702126,0.0,0.0,4.0824829046386295
1,0.44607036374509335,0.19978152427906165,0.19130581228349797,0.0,0.0,4.0824829046386295
2,0.4426316600292921,0.19977335591081544,0.1912686483663246,0.0,0.0,4.0824829046386295
3,0.37441821303218603,0.1997652275326264,0.19127817926737137,0.0,0.0,4.0824829046386295
4,0.6765473331324756,0.19972633740098347,0.19122336120611316,0.0,0.0,4.0824829046386295
5,0.465930154081434,0.1997182055583159,0.19122020986983207,0.0,0.0,4.0824829046386295
6,0.3820165921933949,0.199710076383041,0.19121279388656723,0.0,0.0,4.0824829046386295
7,0.4528519781306386,0.19970194999812374,0.19120559447998567,0.0,0.0,4.0824829046386295
8,0.40642169024795294,0.19969382628295948,0.19119826786523897,0.0,0.0,4.0824829046386295
9,1.010736299213022,0.19956948963932913,0.191103444397545,0.0,0.0,4.0824829046386295
10,0.39117937022820115,0.1995613899682268,0.19109650136692075,0.0,0.0,4.0824829046386295
11,1.1992529090493917,0.19939673404977085,0.1909725496561892,0.0,0.0,4.0824829046386295
12,0.660258324816823,0.19934505048434473,0.19093301700607768,0.0,0.0,4.0824829046386295
13,1.0088247819803655,0.19925154825418237,0.1908626018898222,0.0,0.0,4.0824829046386295
14,0.45536800287663937,0.1992435092709561,0.19085297614145935,0.0,0.0,4.0824829046386295
15,0.7435852400958538,0.19919142095588607,0.19081404810328637,0.0,0.0,4.0824829046386295
16,0.4834957937709987,0.19918339600053106,0.19080794348730407,0.0,0.0,4.0824829046386295
17,0.48755003279075027,0.1991753737200197,0.19079966717222432,0.0,0.0,4.0824829046386295
18,1.2758817900903523,0.19900677189727478,0.1906737851184069,0.0,0.0,4.0824829046386295
19,0.38797283405438066,0.1989987818541995,0.19067138599076547,0.0,0.0,4.0824829046386295
