,times,train_loss,test_loss,train_acc,test_acc,eta
0,23.412818716838956,887.973689099278,869.9321529099794,0.0,0.0,4.08248290463863
1,62.769183973781765,603.4981549803399,595.8486582395561,0.0,0.0,4.08248290463863
2,9.422573956195265,192.39032087318154,189.07020218935315,0.0,0.0,4.08248290463863
3,9.676067804452032,109.61305138689983,106.58724945177563,0.0,0.0,4.08248290463863
4,22.768471641931683,554.5516620820318,531.8707236451188,0.0,0.0,4.08248290463863
5,23.417992348317057,387.61393438628687,373.0397935036395,0.0,0.0,4.08248290463863
6,36.38221244933084,145.75597830276521,141.5252219777375,0.0,0.0,4.08248290463863
7,37.10718886414543,78.3153291328253,76.9608774815881,0.0,0.0,4.08248290463863
8,23.241729652043432,75.72683145633317,74.39054228964471,0.0,0.0,4.08248290463863
9,23.210646586026996,70.7415352234717,69.50983932891852,0.0,0.0,4.08248290463863
10,9.681852505076677,66.3239841229615,65.05598659953604,0.0,0.0,4.08248290463863
11,9.621684889309108,64.5881205691844,63.29393116006765,0.0,0.0,4.08248290463863
12,23.430055634118617,61.94166275530935,60.73651844453717,0.0,0.0,4.08248290463863
13,23.565225893165916,61.03078126590729,59.953112030950706,0.0,0.0,4.08248290463863
14,25.284127954859287,60.210154810291115,59.20970635662301,0.0,0.0,4.08248290463863
15,40.99734703684226,60.52677258011635,59.613813671446046,0.0,0.0,4.08248290463863
16,24.3149198400788,59.62502608362939,58.7271273936115,0.0,0.0,4.08248290463863
17,24.41238114098087,58.453371397909976,57.57392067001557,0.0,0.0,4.08248290463863
18,25.132958905771375,57.441099415404274,56.581908869306076,0.0,0.0,4.08248290463863
19,37.8658503848128,56.459431005287776,55.63471571499237,0.0,0.0,4.08248290463863
