,times,train_loss,test_loss,train_acc,test_acc,eta
0,0.22660313686355948,0.6509919774665608,0.6511162221027788,79.31612702473767,79.68469091411976,0.18566355334451112
1,0.2242499920539558,0.6158996711586642,0.6160939738284053,80.52794440506854,80.90858802378648,0.18566355334451112
2,0.22387229092419147,0.5863191320651265,0.5865513786665328,81.62221031341296,81.90430092656618,0.18566355334451112
3,0.21659224620088935,0.5610379088991082,0.5612908172164939,82.57645167424413,82.88618448347393,0.18566355334451112
4,0.2171612987294793,0.5391477868688013,0.5394137921804045,83.45463031790759,83.79892131102199,0.18566355334451112
5,0.21135693276301026,0.5199620046025055,0.5202389417109718,84.30687848980932,84.53187664223482,0.18566355334451112
6,0.2197914719581604,0.5029608046969405,0.5032494395279784,85.07096305772123,85.13345318766423,0.18566355334451112
7,0.21157505409792066,0.48774522628485006,0.4880477486669669,85.70020917247221,85.76960309777347,0.18566355334451112
8,0.22316963598132133,0.47401064049630576,0.4743298053480449,86.25166387193805,86.26745954916332,0.18566355334451112
9,0.2169314599595964,0.4615244292669902,0.4618630347789313,86.71668366553149,86.70999861706541,0.18566355334451112
10,0.22194207459688187,0.45009761073016175,0.4504583389832236,87.18170345912493,87.06956160973586,0.18566355334451112
11,0.21784664737060666,0.4395816120054403,0.4399668569389623,87.6328936677788,87.45678329415018,0.18566355334451112
12,0.21995533863082528,0.4298574382085296,0.4302690794378916,87.9699898006811,87.84400497856451,0.18566355334451112
13,0.217514059972018,0.4208267316335532,0.42126634759960313,88.29498504676128,88.2173973171069,0.18566355334451112
14,0.22010248200967908,0.4124074991308103,0.4128763556917308,88.59232112296229,88.4732402157378,0.18566355334451112
15,0.21704006614163518,0.4045316868342988,0.40503076967761575,88.86199802928415,88.78440049785645,0.18566355334451112
16,0.22443465376272798,0.3971425905410262,0.3976726013870029,89.10747316196172,89.06790208823122,0.18566355334451112
17,0.2216162676922977,0.390190575594445,0.39075209088487367,89.3529482946393,89.351403678606,0.18566355334451112
18,0.22231605183333158,0.38363292395257464,0.38422623205006384,89.60015212543433,89.6072465772369,0.18566355334451112
19,0.21816597320139408,0.377433810008633,0.3780591139232006,89.79722371082337,89.73171069008436,0.18566355334451112
