,times,train_loss,test_loss,train_acc,test_acc,eta
0,0.8191146301105618,0.6371401809395455,0.6369390676913897,79.7949764032707,80.12722998202184,0.0861773876012753
1,1.1102930777706206,0.11274492149920246,0.11905982605827202,96.74313274672843,96.19001521228046,0.0861773876012753
2,1.1975246309302747,0.03545657064782879,0.07052702825529271,99.14832806080408,97.2894482090997,0.0861773876012753
3,1.2952600470744073,0.019674334288411154,0.0778288393996614,99.61911018145568,97.4069976490112,0.0861773876012753
4,1.3727968130260706,0.01651326559626856,0.0839880608799012,99.73723788614794,97.35168026552344,0.0861773876012753
5,1.4855670700781047,0.01503881752075471,0.08621173719852095,99.77584547743761,97.26178951735582,0.0861773876012753
6,1.5791990011930466,0.015182579576886263,0.08402889846337001,99.75913472896895,97.32402157377956,0.0861773876012753
7,1.6890761191025376,0.013610434135935847,0.08877560273207478,99.83116381719594,97.06817867514866,0.0861773876012753
8,1.769424572121352,0.013141880038521883,0.08692248957565638,99.83980730778318,97.19264278799612,0.0861773876012753
9,1.8645944530144334,0.01289989751281314,0.08852381278075108,99.85651805625184,97.12349605863642,0.0861773876012753
10,1.961517980787903,0.012751668759828003,0.08820991531683592,99.86804271036816,97.1304107315724,0.0861773876012753
11,1.9589402480050921,0.012663201823987365,0.08798832801761894,99.8697714084856,97.1304107315724,0.0861773876012753
12,1.9647897300310433,0.012612906884848278,0.0879644343469086,99.87899113177866,97.11658138570046,0.0861773876012753
13,1.955207553692162,0.012589972863477359,0.08774555891871108,99.88244852801355,97.12349605863642,0.0861773876012753
14,1.9739328250288963,0.0125668894316197,0.08754711462320522,99.88244852801355,97.09583736689254,0.0861773876012753
15,1.9710913309827447,0.03211452020540531,0.14266507361100153,99.61104292357426,96.98520259991702,0.0861773876012753
16,1.9492278471589088,0.020169439731442612,0.11469121916523109,99.74184774779447,96.90222652468539,0.0861773876012753
17,1.9539476595818996,0.014884619008504501,0.09563392965603508,99.82597772284359,97.07509334808464,0.0861773876012753
18,1.9870055951178074,0.013015294111551157,0.08897510379585838,99.85017949648787,97.11658138570046,0.0861773876012753
19,1.9366779271513224,0.012676036559203218,0.08872620131110219,99.87899113177866,97.08892269395658,0.0861773876012753
