,times,train_loss,test_loss,train_acc,test_acc,eta
0,0.8171767606399953,0.6760851239239727,0.6760269798867964,78.61197065823062,78.75812474069977,0.023979370012757645
1,1.1438615270890296,0.17111005405642787,0.17328328070149351,95.11527535279848,94.92463006499793,0.023979370012757645
2,1.263241510372609,0.07105360249993217,0.08604721981670539,97.94227300753136,96.92988521642927,0.023979370012757645
3,1.2997128921560943,0.04152849283338856,0.07232154435872074,98.82563774554716,97.17189876918822,0.023979370012757645
4,1.3929091971367598,0.028758832253287646,0.07646784073141756,99.22611947608922,97.22030147974,0.023979370012757645
5,1.4763341448269784,0.02326073867106488,0.08093164698922989,99.45315516218069,97.2894482090997,0.023979370012757645
6,1.5497117340564728,0.019651230879615983,0.08564364115082262,99.6058568292219,97.26178951735582,0.023979370012757645
7,1.6571846189908683,0.017893408405692042,0.0873481255124105,99.68076708097799,97.2687041902918,0.023979370012757645
8,1.6600230350159109,0.01636045895626511,0.08784027350242661,99.74415267861774,97.24796017148388,0.023979370012757645
9,1.7641654429025948,0.015565212927441625,0.08847405280284622,99.77411677932017,97.2687041902918,0.023979370012757645
10,1.8929976229555905,0.014919372776626885,0.0888987220606089,99.78909882967137,97.2687041902918,0.023979370012757645
11,1.88208017218858,0.014391677143878089,0.08822703255958929,99.79831855296443,97.25487484441986,0.023979370012757645
12,1.915075810160488,0.013966649322337706,0.08644608126477824,99.81330060331564,97.22030147974,0.023979370012757645
13,1.9031754191964865,0.013683991456497267,0.08744187230693101,99.82597772284359,97.17189876918822,0.023979370012757645
14,1.9068335252813995,0.01341861507744707,0.0878503720904144,99.82943511907848,97.13732540450837,0.023979370012757645
15,1.928457594010979,0.01328792978696032,0.08813417684719416,99.84268847131226,97.16498409625224,0.023979370012757645
16,1.9429970919154584,0.01316465607026774,0.08790670109541142,99.84845079837041,97.14424007744434,0.023979370012757645
17,1.946499994955957,0.012974300704865934,0.08767489349256137,99.85133196189949,97.17189876918822,0.023979370012757645
18,1.9205415956676006,0.012895721997635768,0.08802289188045528,99.85997545248674,97.12349605863642,0.023979370012757645
19,1.9484076178632677,0.01282173185279817,0.08805528568180523,99.86458531413327,97.08892269395658,0.023979370012757645
