,times,train_loss,test_loss,train_acc,test_acc,eta
0,0.8315082518383861,0.250936391367352,0.25166577990452854,93.92938844422932,94.0741252938736,3.9999999999999996
1,1.101156703196466,0.2128210344516583,0.3702651439860512,97.3280089431316,95.78204950905823,3.9999999999999996
2,1.1956424051895738,0.7693663211127041,0.8321486328502797,93.84871586541509,92.82948416539898,3.9999999999999996
3,1.294736336916685,,,0.013253352233761007,0.01382934587194029,3.9999999999999996
4,1.3759602447971702,,,0.013253352233761007,0.01382934587194029,3.9999999999999996
5,1.4477537767961621,,,0.013253352233761007,0.01382934587194029,3.9999999999999996
6,1.5384632819332182,,,0.013253352233761007,0.01382934587194029,3.9999999999999996
7,1.6167531399987638,,,0.013253352233761007,0.01382934587194029,3.9999999999999996
8,1.707389485090971,,,0.013253352233761007,0.01382934587194029,3.9999999999999996
9,1.7944058920256793,,,0.013253352233761007,0.01382934587194029,3.9999999999999996
10,1.8807494840584695,,,0.013253352233761007,0.01382934587194029,3.9999999999999996
11,1.9003705880604684,,,0.013253352233761007,0.01382934587194029,3.9999999999999996
12,1.877285597845912,,,0.013253352233761007,0.01382934587194029,3.9999999999999996
13,1.8855815902352333,,,0.013253352233761007,0.01382934587194029,3.9999999999999996
14,1.8689452121034265,,,0.013253352233761007,0.01382934587194029,3.9999999999999996
15,1.848360592033714,,,0.013253352233761007,0.01382934587194029,3.9999999999999996
16,1.8625436476431787,,,0.013253352233761007,0.01382934587194029,3.9999999999999996
17,1.8855876429006457,,,0.013253352233761007,0.01382934587194029,3.9999999999999996
18,1.865252714138478,,,0.013253352233761007,0.01382934587194029,3.9999999999999996
19,1.8710993197746575,,,0.013253352233761007,0.01382934587194029,3.9999999999999996
