,times,train_loss,test_loss,train_acc,test_acc,eta
0,6.0495226718485355,,,0.0,0.0,0.6666666666666666
1,19.6917235981673,,,0.0,0.0,0.6666666666666666
2,5.946662967093289,,,0.0,0.0,0.6666666666666666
3,5.824827164411545,,,0.0,0.0,0.6666666666666666
4,5.963507549837232,,,0.0,0.0,0.6666666666666666
5,5.863616976886988,,,0.0,0.0,0.6666666666666666
6,33.65304365660995,,,0.0,0.0,0.6666666666666666
7,5.913993079215288,,,0.0,0.0,0.6666666666666666
8,12.971710162237287,,,0.0,0.0,0.6666666666666666
9,5.89130362868309,,,0.0,0.0,0.6666666666666666
10,12.896274454891682,,,0.0,0.0,0.6666666666666666
11,5.904223701916635,,,0.0,0.0,0.6666666666666666
12,6.057101625017822,,,0.0,0.0,0.6666666666666666
13,12.838386707939208,,,0.0,0.0,0.6666666666666666
14,6.034204841591418,,,0.0,0.0,0.6666666666666666
15,25.641179639846087,,,0.0,0.0,0.6666666666666666
16,25.96977628301829,,,0.0,0.0,0.6666666666666666
17,19.838569551706314,,,0.0,0.0,0.6666666666666666
18,13.00961557496339,,,0.0,0.0,0.6666666666666666
19,5.913942697457969,,,0.0,0.0,0.6666666666666666
