,times,train_loss,test_loss,train_acc,test_acc,eta
0,5.906466644257307,0.3761787924506937,0.38140504715553664,0.0,0.0,1.8949207063585727
1,5.773164488375187,0.3720468915358949,0.3770770423041181,0.0,0.0,1.8949207063585727
2,26.387935031205416,0.3852168062890424,0.38938600342752533,0.0,0.0,1.8949207063585727
3,5.848869767971337,0.36774570707850507,0.37311071469962864,0.0,0.0,1.8949207063585727
4,12.836155747063458,0.36563930510706166,0.37157846100207653,0.0,0.0,1.8949207063585727
5,32.75820573884994,0.3640766925065589,0.3705635358670911,0.0,0.0,1.8949207063585727
6,12.445987883023918,0.3635075619981765,0.3701360630577643,0.0,0.0,1.8949207063585727
7,19.333836806938052,0.36317799364511144,0.3699596663968522,0.0,0.0,1.8949207063585727
8,19.423745836131275,0.362878472519841,0.36983839074033675,0.0,0.0,1.8949207063585727
9,12.65496803727001,0.3627581923088342,0.3697874527053034,0.0,0.0,1.8949207063585727
10,12.859189281240106,0.3626397572795586,0.36975128136715874,0.0,0.0,1.8949207063585727
11,5.81585503090173,0.362609169899454,0.3697369904192635,0.0,0.0,1.8949207063585727
12,12.703065775334835,0.36250049683129976,0.3697069337091565,0.0,0.0,1.8949207063585727
13,5.8625857243314385,0.3624772478302643,0.3697020733005756,0.0,0.0,1.8949207063585727
14,5.971702748909593,0.3624545062017754,0.3696895173421385,0.0,0.0,1.8949207063585727
15,19.520808123983443,0.3622694061295036,0.36966955785400496,0.0,0.0,1.8949207063585727
16,5.86838658247143,0.3622551472889238,0.36966929661447967,0.0,0.0,1.8949207063585727
17,39.90446279384196,0.36207314378496136,0.3697128233765225,0.0,0.0,1.8949207063585727
18,5.97132121771574,0.36206555857981604,0.3697147663918133,0.0,0.0,1.8949207063585727
19,5.806591331958771,0.3620582969442972,0.3697175832065096,0.0,0.0,1.8949207063585727
