,times,train_loss,test_loss,train_acc,test_acc,eta
0,12.8214743565768,0.39407733632534614,0.400591139523252,0.0,0.0,4.0824829046386295
1,19.551144446246326,0.3778094413450954,0.3817063296247241,0.0,0.0,4.0824829046386295
2,19.584627132862806,0.3780258415233715,0.3818546927140598,0.0,0.0,4.0824829046386295
3,12.66509060561657,0.37233358921086723,0.3769222938602943,0.0,0.0,4.0824829046386295
4,5.994085665792227,0.37050932661378416,0.37527068446441275,0.0,0.0,4.0824829046386295
5,12.73943374119699,0.3687538213387853,0.3738602849765727,0.0,0.0,4.0824829046386295
6,12.770616183057427,0.36776259265476846,0.3731038596780746,0.0,0.0,4.0824829046386295
7,5.807558762840927,0.36744834443155727,0.37277200007903194,0.0,0.0,4.0824829046386295
8,19.023780426941812,0.3663014994291132,0.37193984116794,0.0,0.0,4.0824829046386295
9,5.8625443717464805,0.3660642812792351,0.3717022105227127,0.0,0.0,4.0824829046386295
10,6.002102327533066,0.36591101868855813,0.3715557464775729,0.0,0.0,4.0824829046386295
11,19.55304076615721,0.36500958013512835,0.3709349560549086,0.0,0.0,4.0824829046386295
12,6.009478135034442,0.36491440036315953,0.3708651255380968,0.0,0.0,4.0824829046386295
13,12.709838935174048,0.364557438885015,0.3706629843837147,0.0,0.0,4.0824829046386295
14,12.904367781244218,0.36424994759040724,0.3705089583604611,0.0,0.0,4.0824829046386295
15,19.560740287415683,0.3637944136527813,0.3703140518554905,0.0,0.0,4.0824829046386295
16,6.015102525241673,0.36375165739863063,0.3702765695856318,0.0,0.0,4.0824829046386295
17,12.680454460904002,0.36353233963957915,0.3701739665684111,0.0,0.0,4.0824829046386295
18,19.761106870137155,0.36325700463034344,0.37008731696770114,0.0,0.0,4.0824829046386295
19,19.593201029114425,0.36307567089335935,0.37005700213801146,0.0,0.0,4.0824829046386295
