,times,train_loss,test_loss,train_acc,test_acc,eta
0,0.8015901227481663,0.6902131763108397,0.6902033971494501,78.25413014791894,78.41239109390126,0.004
1,0.7867523930035532,0.6873150956343103,0.6872955684918182,78.33653142485062,78.46770847738902,0.004
2,0.7813745769672096,0.6844523504882941,0.6844231096107015,78.4120179093125,78.51611118794081,0.004
3,0.7443367186933756,0.6816244380509981,0.6815855191969499,78.47943713589297,78.5645138984926,0.004
4,0.8157751620747149,0.6788308026857505,0.6787822430025647,78.54455143165015,78.64057530078827,0.004
5,0.7331931642256677,0.6760709816414104,0.6760128206575372,78.61369935634806,78.75812474069977,0.004
6,0.7392340758815408,0.6733444052045598,0.6732766843390394,78.68227104834017,78.86875950767529,0.004
7,0.7371105290949345,0.6706506046452466,0.6705733660103141,78.75948623091949,79.0277969852026,0.004
8,0.7537883496843278,0.6679890562989652,0.6679023443591039,78.84361620596862,79.11077306043424,0.004
9,0.7366799870505929,0.665359240318507,0.6652631016700121,78.91737399231306,79.2352371732817,0.004
10,0.7379018133506179,0.6627606878145399,0.6626551702322384,78.98594568430515,79.29746922970543,0.004
11,0.7355599268339574,0.6601929204586385,0.6600780732675084,79.06085593606122,79.41501866961693,0.004
12,0.7386116590350866,0.6576554410597677,0.6575313146072311,79.13691865322892,79.50490941778455,0.004
13,0.7674888782203197,0.6551478085815079,0.6550144553680651,79.20549034522102,79.60862951182409,0.004
14,0.7669012900441885,0.6526695408775043,0.6525270147570739,79.28846785485851,79.66394689531185,0.004
15,0.770022259093821,0.6502201754334793,0.6500685318903703,79.37086913179019,79.70543493292767,0.004
16,0.7669586427509785,0.6477992512258001,0.6476385476589881,79.44462691813462,79.8160696999032,0.004
17,0.7338588028214872,0.6454063387178003,0.645236633705322,79.51780847177324,79.8852164292629,0.004
18,0.7978200609795749,0.6430410065922246,0.6428623594776944,79.58926132729442,79.9059604480708,0.004
19,0.736494543030858,0.6407028099140663,0.6405152815883697,79.66993390610864,79.98202185036648,0.004
