,times,train_loss,test_loss,train_acc,test_acc,eta
0,0.7447294238954782,0.5874416971104006,0.5870444712029994,81.60549956494431,81.8282395242705,0.18566355334451112
1,0.7643099050037563,0.5214303897828506,0.5207942166954861,84.24695028840446,84.51804729636288,0.18566355334451112
2,0.7419911948964,0.475614457490344,0.47487472349756976,86.21881860770654,86.19831281980362,0.18566355334451112
3,0.7399377441033721,0.4412377096620925,0.440481200968392,87.58506635319607,87.40146591066242,0.18566355334451112
4,0.7778331730514765,0.4140785551493225,0.41335571138238664,88.53585031779234,88.39717881344212,0.18566355334451112
5,0.7411073138937354,0.3918552711821041,0.3911942866872492,89.3310514518183,89.28917162218227,0.18566355334451112
6,0.7437745840288699,0.3732078808743445,0.37262463872843726,89.93955318915991,89.87691882173974,0.18566355334451112
7,1.6155470120720565,0.3572615276944831,0.3567645118271957,90.49619398297808,90.58221546120869,0.18566355334451112
8,0.8435009648092091,0.3434193415106854,0.34301270060827643,90.96121377657153,91.05932789379062,0.18566355334451112
9,0.768265912309289,0.3312546472870787,0.3309401094221933,91.34095112970422,91.5986723827963,0.18566355334451112
10,0.7331984592601657,0.3204542167063472,0.3202321700187522,91.69360554566356,91.95132070253077,0.18566355334451112
11,0.7389930668286979,0.3107803843387218,0.31065060882385276,92.02551558421352,92.24173696584151,0.18566355334451112
12,0.723380483686924,0.30204945305390357,0.3020110716715413,92.28770146535977,92.50449453740838,0.18566355334451112
13,0.7894112812355161,0.2941168276925225,0.29416869367666504,92.55103981191765,92.78108145484718,0.18566355334451112
14,0.7238786867819726,0.28686757598364754,0.2870084748612554,92.8138019257697,93.06458304522197,0.18566355334451112
15,0.7205364303663373,0.28020803083058243,0.28043678571397807,93.0379564483321,93.25819388742913,0.18566355334451112
16,0.7235344536602497,0.2740616260147992,0.2743769570656492,93.23502803372114,93.44489005670032,0.18566355334451112
17,0.7594346730038524,0.2683650004889814,0.2687656238121481,93.40962654358336,93.56935416954778,0.18566355334451112
18,0.7249028380028903,0.26306541741276684,0.26355011604343853,93.57154793391763,93.749135665883,0.18566355334451112
19,0.7188967443071306,0.25811833096864356,0.2586859014286043,93.72424960095886,93.85977043285853,0.18566355334451112
