,times,train_loss,test_loss,train_acc,test_acc,eta
0,0.7486960859969258,0.682768849470378,0.6827338602965717,78.44601563895563,78.52994053381275,0.014375254655218508
1,0.7345390859991312,0.6728361545125403,0.6727666463174209,78.69667686598555,78.88258885354722,0.014375254655218508
2,0.7407804080285132,0.6633253508863934,0.6632218784159493,78.97211609936556,79.29055455676946,0.014375254655218508
3,0.7359610460698605,0.6542136064859557,0.6540767984705774,79.2371831440409,79.61554418476007,0.014375254655218508
4,0.7421647631563246,0.6454788556641798,0.6453094235367021,79.51435107553834,79.8852164292629,0.014375254655218508
5,0.7440823530778289,0.6371008023567234,0.636899509672967,79.79670510138814,80.12031530908588,0.014375254655218508
6,0.7594497837126255,0.6290589838719599,0.628826653148817,80.08712638511936,80.45221961001245,0.014375254655218508
7,0.8176757879555225,0.6213353707012004,0.6210728834390866,80.35853198955866,80.7426358733232,0.014375254655218508
8,0.7674183459021151,0.6139116204492646,0.6136199064529024,80.60400712223624,80.9708200802102,0.014375254655218508
9,0.7735805693082511,0.6067713402428984,0.6064513418701117,80.85121095303127,81.15060157654543,0.014375254655218508
10,0.7791038481518626,0.5998986175122042,0.5995513171531863,81.11397306688333,81.35804176462453,0.014375254655218508
11,1.1394050549715757,0.5932790178997078,0.5929054180917543,81.37327778450049,81.6000553173835,0.014375254655218508
12,0.7907643020153046,0.5868980140633611,0.5864991189235201,81.62048161529552,81.84898354307842,0.014375254655218508
13,0.7288781511597335,0.5807434553262792,0.5803202926187457,81.84866976679862,82.19471718987691,0.014375254655218508
14,0.7238017898052931,0.5748024755105892,0.5743560631236901,82.06994312583194,82.41598672382796,0.014375254655218508
15,0.7213770458474755,0.5690638514558634,0.5685952046143653,82.27796313263148,82.60959756603512,0.014375254655218508
16,0.7486694669350982,0.5635167204619377,0.5630268620883377,82.4963553281357,82.80320840824228,0.014375254655218508
17,0.7212090343236923,0.5581510438720136,0.5576409701842671,82.73549190104931,82.97607523164154,0.014375254655218508
18,0.7232154225930572,0.5529574304273744,0.552428131083728,82.91873390149878,83.17660074678467,0.014375254655218508
19,0.720949268899858,0.5479271077979692,0.5473795516714826,83.1186866504169,83.39787028073572,0.014375254655218508
