,times,train_loss,test_loss,train_acc,test_acc,eta
0,0.7986628520302474,0.07175825488717626,0.08796962421572106,98.14798808350764,97.09583736689254,111.30237608828492
1,0.752173142042011,0.052100319253321224,0.07575380089170566,98.82448528013553,97.34476559258746,111.30237608828492
2,0.7466680691577494,0.04309104647795905,0.07159326225762222,99.11202540033767,97.4069976490112,111.30237608828492
3,0.748155209235847,0.03747658468288296,0.06968275036014639,99.26818446361379,97.4069976490112,111.30237608828492
4,0.7792722531594336,0.03355816021747606,0.06867492657425431,99.37075388524902,97.4069976490112,111.30237608828492
5,0.7413650201633573,0.030635220486859016,0.06817832595765108,99.44508790429927,97.4069976490112,111.30237608828492
6,0.7475608200766146,0.02836160496310293,0.06795949738714577,99.49867754594015,97.4277416678191,111.30237608828492
7,0.7477230280637741,0.026535642030849627,0.06795817627037741,99.53901383534726,97.42082699488314,111.30237608828492
8,0.7525340421125293,0.02503556321757367,0.06804340917294015,99.56897793604969,97.42082699488314,111.30237608828492
9,0.7733588637784123,0.023779648960250796,0.0682215305798913,99.60816176004518,97.43465634075508,111.30237608828492
10,0.8867056351155043,0.022713990576998813,0.06845366123981655,99.63005860286619,97.44848568662702,111.30237608828492
11,0.8976664217188954,0.02179904565387711,0.06870711320354062,99.65022674756973,97.46231503249896,111.30237608828492
12,0.7611737428233027,0.021005483544951645,0.06899111823639534,99.66636126333259,97.45540035956299,111.30237608828492
13,0.7814482892863452,0.02031137774842987,0.06928521218169562,99.6773096847431,97.43465634075508,111.30237608828492
14,0.7698367862030864,0.019700099495782882,0.06958252942211247,99.6957491313292,97.4069976490112,111.30237608828492
15,0.8136577191762626,0.019157980776600504,0.06991250954952027,99.70842625085714,97.40008297607523,111.30237608828492
16,0.7490010727196932,0.01867475375384206,0.07022503757103471,99.71995090497346,97.38625363020329,111.30237608828492
17,0.7526020887307823,0.018241515409368785,0.07054592848297452,99.73378048991304,97.38625363020329,111.30237608828492
18,0.7593758357688785,0.017851554624822397,0.07086851880040763,99.73896658426538,97.39316830313926,111.30237608828492
19,0.7916867798194289,0.01749911714271462,0.07118707826332275,99.74472891132355,97.40008297607523,111.30237608828492
