,times,train_loss,test_loss,train_acc,test_acc,eta
0,2.1585100768134,0.319659905227588,0.31394673446487004,90.24285714285715,90.49955834723721,2.0676782191121315
1,0.9990629642270505,0.31962022262649753,0.31390321297165785,90.24285714285715,90.49955834723721,2.0676782191121315
2,2.989418833050877,0.3194527382394961,0.31371921107262374,90.24285714285715,90.49955834723721,2.0676782191121315
3,2.2919867332093418,0.3193400218283899,0.31359549795791414,90.24285714285715,90.49955834723721,2.0676782191121315
4,2.149295943789184,0.31920655653110097,0.31344877242938596,90.24285714285715,90.49955834723721,2.0676782191121315
5,1.1233071610331535,0.31916721074599036,0.3134056474779295,90.24285714285715,90.49955834723721,2.0676782191121315
6,1.9174352660775185,0.3189985124243142,0.31322043128259636,90.24285714285715,90.49955834723721,2.0676782191121315
7,1.903124681673944,0.3188457789997939,0.3130525525937004,90.24285714285715,90.49955834723721,2.0676782191121315
8,1.9041436295956373,0.3186993956723364,0.31289155750646974,90.24285714285715,90.49955834723721,2.0676782191121315
9,1.8256561979651451,0.3185402400703776,0.3127165566564931,90.24285714285715,90.49955834723721,2.0676782191121315
10,1.8737993938848376,0.3183761727182925,0.3125363820018407,90.24285714285715,90.49955834723721,2.0676782191121315
11,0.9607511190697551,0.3183374171027814,0.31249369813525074,90.24285714285715,90.49955834723721,2.0676782191121315
12,3.6264382512308657,0.31793408795660294,0.31204984369509964,90.24285714285715,90.49955834723721,2.0676782191121315
13,1.8022826020605862,0.31779140214941204,0.311892901882875,90.24285714285715,90.49955834723721,2.0676782191121315
14,2.7380581512115896,0.31759073269545407,0.3116718896136417,90.24285714285715,90.49955834723721,2.0676782191121315
15,2.599328392185271,0.3174015355376192,0.3114636213558505,90.24285714285715,90.49955834723721,2.0676782191121315
16,2.627072600647807,0.31723290311897373,0.3112778602030866,90.24285714285715,90.49955834723721,2.0676782191121315
17,0.7682695873081684,0.31719491042913633,0.31123604695833984,90.24285714285715,90.49955834723721,2.0676782191121315
18,1.6940581109374762,0.3170476014076836,0.31107364785732805,90.24285714285715,90.49955834723721,2.0676782191121315
19,1.7635134258307517,0.3169022381371696,0.31091357196295216,90.24285714285715,90.49955834723721,2.0676782191121315
