,times,train_loss,test_loss,train_acc,test_acc,eta
0,0.9741981071420014,1.3989691813649574,1.3618348326530754,90.24285714285715,90.49955834723721,0.6666666666666666
1,2.0476963752880692,1.218182016204525,1.1852390244393916,90.24285714285715,90.49955834723721,0.6666666666666666
2,2.9823895040899515,1.551318667878643,1.5566499797853421,9.757142857142853,9.500441652762788,0.6666666666666666
3,3.264292874839157,0.3128597009517247,0.3051355861959982,90.24285714285715,90.49955834723721,0.6666666666666666
4,2.2944688727147877,5.49002311438135,5.342864421069291,90.24285714285715,90.49955834723721,0.6666666666666666
5,2.253908101003617,2.297778360690293,2.2343255554079127,90.24285714285715,90.49955834723721,0.6666666666666666
6,1.1832407261244953,6.359834630322933,6.1887891621232995,90.24285714285715,90.49955834723721,0.6666666666666666
7,2.1678315359167755,4.815956748121286,4.68490789319857,90.24285714285715,90.49955834723721,0.6666666666666666
8,3.0318652600981295,1.6283549427730466,1.5805349568531095,90.24285714285715,90.49955834723721,0.6666666666666666
9,2.181793324649334,6.38271036559677,6.208836300162197,90.24285714285715,90.49955834723721,0.6666666666666666
10,2.265275517012924,1.4550921020241587,1.410917209797428,90.24285714285715,90.49955834723721,0.6666666666666666
11,2.2697978857904673,4.37832293972018,4.256601114614211,90.24285714285715,90.49955834723721,0.6666666666666666
12,1.2945102946832776,1.547010800615415,1.499749816045766,90.24285714285715,90.49955834723721,0.6666666666666666
13,1.3787694750353694,0.47298574079628,0.47225770188934224,90.09904761904762,90.62278492055702,0.6666666666666666
14,1.3292259778827429,3.816534160398343,3.7088972730018335,90.24285714285715,90.49955834723721,0.6666666666666666
15,2.254274341277778,0.6553039815434262,0.657609774023083,65.48666666666666,61.97533287532306,0.6666666666666666
16,2.1047747801057994,6.160099593853405,5.9887701304774605,90.24285714285715,90.49955834723721,0.6666666666666666
17,2.1152558238245547,0.7751990015198744,0.7794370266637466,31.784761904761908,30.270117010719616,0.6666666666666666
18,1.9108277522027493,0.28029610025668067,0.26800376650034147,90.24285714285715,90.50282984918375,0.6666666666666666
19,0.9094151030294597,1.451111072630521,1.4025592600277221,90.24285714285715,90.49955834723721,0.6666666666666666
