,times,train_loss,test_loss,train_acc,test_acc,eta
0,1.163228171877563,0.31948778228069735,0.3137579454923478,90.24285714285715,90.49955834723721,0.7335841422469557
1,1.1378682618960738,0.3192704501134722,0.3135184814108894,90.24285714285715,90.49955834723721,0.7335841422469557
2,1.1638207510113716,0.3190539158853516,0.3132805059008455,90.24285714285715,90.49955834723721,0.7335841422469557
3,1.1928654229268432,0.3188384953719721,0.31304511334702423,90.24285714285715,90.49955834723721,0.7335841422469557
4,2.0736070717684925,0.31816953942283965,0.31230754867707816,90.24285714285715,90.49955834723721,0.7335841422469557
5,2.1577293039299548,0.3176021874921578,0.31168376500287726,90.24285714285715,90.49955834723721,0.7335841422469557
6,2.031759399920702,0.31706688750196427,0.31109451244091313,90.24285714285715,90.49955834723721,0.7335841422469557
7,2.02265288727358,0.31654644243503677,0.31051926474075897,90.24285714285715,90.49955834723721,0.7335841422469557
8,3.0185433798469603,0.31596839299252255,0.30988288847749823,90.24285714285715,90.49955834723721,0.7335841422469557
9,2.0267911283299327,0.3155779021921632,0.3094508811080826,90.24285714285715,90.49955834723721,0.7335841422469557
10,4.091508459765464,0.3149958582145678,0.3088085840386977,90.24285714285715,90.49955834723721,0.7335841422469557
11,3.0794779299758375,0.3145824208268891,0.30835149452766836,90.24285714285715,90.49955834723721,0.7335841422469557
12,2.0829235073179007,0.31429202839843795,0.3080317202385766,90.24285714285715,90.49955834723721,0.7335841422469557
13,3.2346560820005834,0.31374846389028194,0.30742959588691543,90.24285714285715,90.49955834723721,0.7335841422469557
14,1.9088895050808787,0.3134697170932534,0.30712128024550067,90.24285714285715,90.49955834723721,0.7335841422469557
15,1.916850888170302,0.313136545238726,0.3067546104145078,90.24285714285715,90.49955834723721,0.7335841422469557
16,1.9386819167993963,0.31272854274797224,0.30630258018884776,90.24285714285715,90.49955834723721,0.7335841422469557
17,2.05470210313797,0.31229143278650484,0.305816706515817,90.24285714285715,90.49955834723721,0.7335841422469557
18,1.0328883230686188,0.31209976793779187,0.3056038999883232,90.24285714285715,90.49955834723721,0.7335841422469557
19,4.2285822639241815,0.3113191687029141,0.30474033739485107,90.24285714285715,90.49955834723721,0.7335841422469557
