,times,train_loss,test_loss,train_acc,test_acc,eta
0,2.8547117090784013,0.3195244166834735,0.31379790875750574,90.24285714285715,90.49955834723721,1.2236921017635911
1,2.605342967901379,0.3193094055669908,0.31356171245,90.24285714285715,90.49955834723721,1.2236921017635911
2,2.7918348098173738,0.3190505311687298,0.31327769189971305,90.24285714285715,90.49955834723721,1.2236921017635911
3,1.0933162388391793,0.3189546549751717,0.3131722767518634,90.24285714285715,90.49955834723721,1.2236921017635911
4,3.7936117127537727,0.3185439559149091,0.3127206345320673,90.24285714285715,90.49955834723721,1.2236921017635911
5,1.855277616996318,0.31832957859967603,0.3124854754008447,90.24285714285715,90.49955834723721,1.2236921017635911
6,2.016554418951273,0.3181361080233614,0.3122725161727222,90.24285714285715,90.49955834723721,1.2236921017635911
7,2.0085571869276464,0.31789140648047665,0.3120029815434116,90.24285714285715,90.49955834723721,1.2236921017635911
8,1.9801903390325606,0.3176310826885005,0.31171649720266986,90.24285714285715,90.49955834723721,1.2236921017635911
9,2.8871296350844204,0.31723782110722715,0.31128317480680756,90.24285714285715,90.49955834723721,1.2236921017635911
10,4.017928828019649,0.31691634664196644,0.3109291193453875,90.24285714285715,90.49955834723721,1.2236921017635911
11,1.185616231057793,0.31682402899470713,0.31082752425484256,90.24285714285715,90.49955834723721,1.2236921017635911
12,2.2393999020569026,0.3165999392297146,0.310580541510646,90.24285714285715,90.49955834723721,1.2236921017635911
13,3.3665121463127434,0.3162446093853681,0.31018881716196195,90.24285714285715,90.49955834723721,1.2236921017635911
14,1.315878486726433,0.3161533883169562,0.31008803852638434,90.24285714285715,90.49955834723721,1.2236921017635911
15,3.2051693596877158,0.3157538176090791,0.30964700937459205,90.24285714285715,90.49955834723721,1.2236921017635911
16,1.233017398044467,0.3156633778871655,0.3095476672743349,90.24285714285715,90.49955834723721,1.2236921017635911
17,1.226443094201386,0.3155731096093831,0.3094470921260309,90.24285714285715,90.49955834723721,1.2236921017635911
18,3.5199680710211396,0.3150610306199139,0.3088820602761319,90.24285714285715,90.49955834723721,1.2236921017635911
19,1.2790603218600154,0.3149716829306181,0.3087831538688506,90.24285714285715,90.49955834723721,1.2236921017635911
