,times,train_loss,test_loss,train_acc,test_acc,eta
0,23.681575047783554,2149.518784939655,2064.858278953556,0.0,0.0,0.16681005372000585
1,23.505662528797984,1302.8236946369495,1253.0932022056259,0.0,0.0,0.16681005372000585
2,33.586163957137614,849.8794581164648,817.0935218482184,0.0,0.0,0.16681005372000585
3,25.46432590484619,586.6658221059872,563.2848673073091,0.0,0.0,0.16681005372000585
4,32.66747168125585,426.1873454974026,408.4537092608905,0.0,0.0,0.16681005372000585
5,28.342012115288526,325.0204690080699,310.7975533256363,0.0,0.0,0.16681005372000585
6,23.271585024893284,259.4786033030151,247.58297647798403,0.0,0.0,0.16681005372000585
7,25.01202287012711,215.92508368111942,205.6184022469942,0.0,0.0,0.16681005372000585
8,23.869393023196608,186.27373203558574,177.10182476466744,0.0,0.0,0.16681005372000585
9,23.414271734189242,165.5662208197391,157.23701522850456,0.0,0.0,0.16681005372000585
10,24.329140581656247,150.70043478535314,143.00931471210143,0.0,0.0,0.16681005372000585
11,23.962517568841577,139.73138547130327,132.54436873489314,0.0,0.0,0.16681005372000585
12,24.093605841044337,131.4002457035816,124.62133262031216,0.0,0.0,0.16681005372000585
13,23.814907466061413,124.89022188066151,118.44871551650935,0.0,0.0,0.16681005372000585
14,24.092823938000947,119.66411839517939,113.50332404882175,0.0,0.0,0.16681005372000585
15,24.060315654613078,115.36478832217568,109.44605584044231,0.0,0.0,0.16681005372000585
16,27.69702802505344,111.74911582210876,106.03956335829267,0.0,0.0,0.16681005372000585
17,24.600640750024468,108.65015389393143,103.12302852652596,0.0,0.0,0.16681005372000585
18,30.002751989290118,105.95085637528283,100.58684191220074,0.0,0.0,0.16681005372000585
19,33.41566014708951,103.56824358572854,98.34868424713,0.0,0.0,0.16681005372000585
