,times,train_loss,test_loss,train_acc,test_acc,eta
0,53.42658733204007,0.5856615323806406,0.5856629154916505,75.91093333333333,75.9438,1.5804591241141248
1,69.61122426902875,0.5302473570638105,0.5300090764726267,77.47597777777779,77.4806,1.5804591241141248
2,52.07697242125869,0.5010424173090993,0.5005615248395578,77.98724444444444,77.9736,1.5804591241141248
3,19.340225181076676,0.49630864940918473,0.49578118150919,78.02597777777778,78.0176,1.5804591241141248
4,35.10667062876746,0.4847777969431718,0.48409136598359365,78.17546666666667,78.1868,1.5804591241141248
5,54.683617564383894,0.4744606516272299,0.47356413886977883,78.29986666666667,78.2824,1.5804591241141248
6,54.0179276461713,0.4695851612375507,0.46852211306277763,78.38428888888889,78.3822,1.5804591241141248
7,20.21412788424641,0.46912135507334835,0.4680391915967203,78.40553333333334,78.394,1.5804591241141248
8,19.632010226137936,0.4686897810813048,0.46759401810364104,78.42522222222222,78.41120000000001,1.5804591241141248
9,35.69250809215009,0.4668381537876137,0.46565170983014903,78.48515555555555,78.4828,1.5804591241141248
10,19.427637619897723,0.46654817698574275,0.4653466042951619,78.50562222222223,78.5012,1.5804591241141248
11,52.3420156207867,0.46444977950027916,0.46312635571548855,78.59093333333334,78.5908,1.5804591241141248
12,19.489499227143824,0.46426783571555025,0.46294016795849124,78.60171111111111,78.6054,1.5804591241141248
13,19.654587103053927,0.4640925428575426,0.46276216309109336,78.61213333333333,78.6078,1.5804591241141248
14,18.93201269302517,0.46392370632137075,0.46259049199831026,78.62391111111111,78.61619999999999,1.5804591241141248
15,18.982689252123237,0.4637555669095329,0.46241460247870275,78.63673333333332,78.6312,1.5804591241141248
16,52.34547815192491,0.46204278509021585,0.4606078774129622,78.73444444444445,78.718,1.5804591241141248
17,35.994698808994144,0.46150703900563667,0.4600431974223686,78.76286666666667,78.7578,1.5804591241141248
18,19.748237112071365,0.46140336336539267,0.45993956539306485,78.76817777777778,78.767,1.5804591241141248
19,67.25290461303666,0.4604128487434226,0.45890449640894104,78.83635555555556,78.8302,1.5804591241141248
