,times,train_loss,test_loss,train_acc,test_acc,eta
0,36.29103439906612,1.5420952647099861,1.5447942220031299,56.60717777777778,56.501,0.6666666666666666
1,36.5401095347479,0.899819559453582,0.8969047488697733,58.2494,58.4108,0.6666666666666666
2,36.38895109901205,0.5690660472561243,0.5666074824406451,73.72931111111112,73.76,0.6666666666666666
3,52.648509494028986,0.5256382945636311,0.5228630559919567,76.0318,76.0928,0.6666666666666666
4,19.876990748103708,0.601666073619241,0.5998710880808419,75.52617777777778,75.5444,0.6666666666666666
5,20.144470549654216,0.6131773576401861,0.6099542421202414,70.55097777777777,70.7016,0.6666666666666666
6,51.79165649507195,0.7702809618748422,0.7691248433490832,71.2902,71.2644,0.6666666666666666
7,19.455995315220207,0.5322479883601533,0.5294347570150042,74.82577777777777,74.9242,0.6666666666666666
8,19.360705469734967,0.6308580982893282,0.62757193023422,69.34153333333333,69.49459999999999,0.6666666666666666
9,35.877757320180535,0.7535413059836709,0.7497592279551052,63.98393333333333,64.1618,0.6666666666666666
10,35.36628971993923,0.582581702754592,0.580756082221566,75.85568888888889,75.867,0.6666666666666666
11,51.656237692106515,0.6045648918455163,0.6013253672605081,70.77797777777778,70.95779999999999,0.6666666666666666
12,34.52734691509977,0.6588665094098752,0.6571656543505573,73.98204444444444,73.9486,0.6666666666666666
13,38.03193146502599,0.8994889927845867,0.8983758024669193,69.49113333333334,69.4226,0.6666666666666666
14,36.59637741185725,0.5710471821794835,0.5678994845223893,72.58655555555555,72.7388,0.6666666666666666
15,19.538319474086165,0.5925332765604987,0.5906094407415391,75.61548888888889,75.613,0.6666666666666666
16,19.732429989613593,0.6010900156633046,0.5977966131255861,70.92177777777778,71.09440000000001,0.6666666666666666
17,19.38769314205274,0.60030875988457,0.5983847317939199,75.42877777777778,75.4132,0.6666666666666666
18,19.29755849717185,0.739067815498404,0.7352136690564302,64.47437777777778,64.64320000000001,0.6666666666666666
19,35.82658690819517,0.6580676114369237,0.656241333041113,74.03455555555556,74.0012,0.6666666666666666
