,times,train_loss,test_loss,train_acc,test_acc,eta
0,20.021129572298378,3.70503164117695,3.7137231325731523,54.257822222222224,54.1142,0.6666666666666666
1,36.6198770320043,2.035079456882122,2.0354994289305837,63.11288888888889,63.0498,0.6666666666666666
2,36.355386602692306,1.5042785866053265,1.5013577830625742,69.80688888888889,69.753,0.6666666666666666
3,20.862020859029144,0.8787308918428448,0.8732646305915053,69.35726666666667,69.4996,0.6666666666666666
4,70.4991436721757,0.9855390010199276,0.9782340050605349,66.9558888888889,67.1302,0.6666666666666666
5,19.689977079164237,0.755598660244515,0.7495448779863921,72.74268888888889,72.9382,0.6666666666666666
6,37.68395021185279,0.6506770971347168,0.6453670265275975,75.95184444444445,76.0084,0.6666666666666666
7,20.55671917507425,1.0691305370601571,1.0650834178475155,73.1776,73.1484,0.6666666666666666
8,69.38979773689061,1.022445808546122,1.0183167708467478,73.59977777777777,73.5642,0.6666666666666666
9,53.757570654153824,1.0937728577860664,1.0896380771937897,72.88451111111111,72.8628,0.6666666666666666
10,37.395432187244296,1.2932065284342893,1.2894568896040104,70.9562,70.918,0.6666666666666666
11,20.26906029228121,0.9123024883949749,0.905848729427221,67.97182222222222,68.1336,0.6666666666666666
12,19.8805936537683,1.210719829015928,1.2066614028026674,71.76526666666666,71.7286,0.6666666666666666
13,52.90630134008825,0.8279447178090248,0.8216575553639923,70.23784444444445,70.4348,0.6666666666666666
14,19.74957322375849,1.2250826072513616,1.2209023917140678,71.63406666666667,71.6092,0.6666666666666666
15,20.125496834982187,1.2053051361591274,1.197515709022945,61.47906666666667,61.6148,0.6666666666666666
16,19.20963682187721,0.7009221635414349,0.6951148917099584,74.07557777777778,74.209,0.6666666666666666
17,19.997952949721366,0.8682577556400436,0.8617459008764046,69.05199999999999,69.2388,0.6666666666666666
18,36.45730408933014,0.9758945002126762,0.970977158583546,74.30722222222222,74.2684,0.6666666666666666
19,52.150357174221426,1.4397444719976802,1.4358911394719687,69.75526666666667,69.69460000000001,0.6666666666666666
