,times,train_loss,test_loss,train_acc,test_acc,eta
0,0.6473296680487692,0.19978901138020919,0.19132341205875036,0.0,0.0,0.5994842503189413
1,0.6475638700649142,0.19978047234362242,0.19126600923950668,0.0,0.0,0.5994842503189413
2,0.6247739549726248,0.19977194889212704,0.1912596794060154,0.0,0.0,0.5994842503189413
3,0.6946040997281671,0.19976342717210027,0.19125300013999103,0.0,0.0,0.5994842503189413
4,0.6667268672026694,0.19975490718838237,0.1912468259321547,0.0,0.0,0.5994842503189413
5,0.6240388606674969,0.19974638897325417,0.19124018517857289,0.0,0.0,0.5994842503189413
6,0.5726724751293659,0.1997378725144872,0.1912336288978018,0.0,0.0,0.5994842503189413
7,0.5799733488820493,0.19972935775193734,0.19122755528623947,0.0,0.0,0.5994842503189413
8,0.5741925188340247,0.19972084475272975,0.19122049735462224,0.0,0.0,0.5994842503189413
9,0.7934899115934968,0.19971233348384945,0.19121408057348444,0.0,0.0,0.5994842503189413
10,0.5609165667556226,0.1997038239754786,0.19120850415521362,0.0,0.0,0.5994842503189413
11,0.6306484332308173,0.1996953162252817,0.19120184956484568,0.0,0.0,0.5994842503189413
12,0.7244430179707706,0.19968681019949505,0.19119459733162358,0.0,0.0,0.5994842503189413
13,0.7411724850535393,0.19967830591700633,0.19118866587322267,0.0,0.0,0.5994842503189413
14,0.6398912738077343,0.19966980336756893,0.19118178039679576,0.0,0.0,0.5994842503189413
15,0.6996318167075515,0.19966130256309722,0.1911750636884308,0.0,0.0,0.5994842503189413
16,0.5530544756911695,0.1996528035099802,0.19116873693008543,0.0,0.0,0.5994842503189413
17,0.5601354059763253,0.1996443061947298,0.1911627796848668,0.0,0.0,0.5994842503189413
18,0.5444500539451838,0.19963581060230046,0.19115593954874943,0.0,0.0,0.5994842503189413
19,0.5435060360468924,0.199627316739896,0.19114998126835592,0.0,0.0,0.5994842503189413
