,times,train_loss,test_loss,train_acc,test_acc,eta
0,0.6302014430984855,1.5990158053984366e+105,1.5991151648644142e+105,0.0,0.0,7.742636826811272
1,0.6598074962384999,4.1411490181367136e+209,4.1414080741584396e+209,0.0,0.0,7.742636826811272
2,0.7748266840353608,inf,inf,0.0,0.0,7.742636826811272
3,0.7978985579684377,inf,inf,0.0,0.0,7.742636826811272
4,0.8055814187973738,inf,inf,0.0,0.0,7.742636826811272
5,0.8469451740384102,,,0.0,0.0,7.742636826811272
6,0.6221762401983142,,,0.0,0.0,7.742636826811272
7,0.6094415551051497,,,0.0,0.0,7.742636826811272
8,0.5415590587072074,,,0.0,0.0,7.742636826811272
9,0.5553611340001225,,,0.0,0.0,7.742636826811272
10,0.5966374953277409,,,0.0,0.0,7.742636826811272
11,0.5902163712307811,,,0.0,0.0,7.742636826811272
12,0.5751755968667567,,,0.0,0.0,7.742636826811272
13,0.6173398508690298,,,0.0,0.0,7.742636826811272
14,0.5414491016417742,,,0.0,0.0,7.742636826811272
15,0.5430405079387128,,,0.0,0.0,7.742636826811272
16,0.5448621548712254,,,0.0,0.0,7.742636826811272
17,0.5493490053340793,,,0.0,0.0,7.742636826811272
18,0.6245120149105787,,,0.0,0.0,7.742636826811272
19,0.5460827508941293,,,0.0,0.0,7.742636826811272
