,times,train_loss,test_loss,train_acc,test_acc,eta
0,0.7094608820043504,0.31970690342546815,0.3139933896227482,90.24285714285715,90.49955834723721,1.113023760882849
1,0.677450065035373,0.31962341585128967,0.31389999226305193,90.24285714285715,90.49955834723721,1.113023760882849
2,0.709282964002341,0.3189377808522401,0.3131120902846047,90.24285714285715,90.49955834723721,1.113023760882849
3,0.7140777758322656,0.2794962633778858,0.24984348055179922,90.34857142857143,90.54535937448883,1.113023760882849
4,0.7196704740636051,0.27847300891996934,0.24975733545412218,90.35428571428571,90.55408337967961,1.113023760882849
5,0.7183243152685463,0.27301101846030945,0.2441148130679683,90.39142857142858,90.77109300880034,1.113023760882849
6,0.73106340598315,0.27276159539075695,0.24270422342032008,90.41714285714286,90.78308851593766,1.113023760882849
7,0.7321303761564195,0.27236965537164115,0.2411526127987462,90.43428571428572,90.80380802826578,1.113023760882849
8,0.7320833969861269,0.2721554640846498,0.24091056475373493,90.44,90.80926053151002,1.113023760882849
9,0.7321244310587645,0.2721517086510203,0.2408940532300647,90.43142857142857,90.80053652631923,1.113023760882849
10,0.7387774819508195,0.27215152185074987,0.24084991177685094,90.43428571428572,90.79617452372383,1.113023760882849
11,0.7384324679151177,0.27215151831823187,0.24085313057695693,90.43428571428572,90.79617452372383,1.113023760882849
12,0.7624536198563874,inf,inf,90.24571428571429,90.52682086345841,1.113023760882849
13,0.7695577214471996,inf,inf,90.24285714285715,90.49955834723721,1.113023760882849
14,0.7689693197607994,,,0.0,0.0,1.113023760882849
15,0.7642364581115544,,,0.0,0.0,1.113023760882849
16,0.766265322919935,,,0.0,0.0,1.113023760882849
17,0.7734575690701604,,,0.0,0.0,1.113023760882849
18,0.7630127128213644,,,0.0,0.0,1.113023760882849
19,0.7627317989245057,,,0.0,0.0,1.113023760882849
