,times,train_loss,test_loss,train_acc,test_acc,eta
0,0.20084845134988427,0.3686665517582612,0.369338679473992,90.0911023907895,90.05670031807496,3.9999999999999996
1,0.2895431756041944,0.11113454247937536,0.15302704449623364,96.43542448182274,95.1873876365648,3.9999999999999996
2,0.3151380461640656,0.29091228015392023,0.3131530779019066,98.24018531643819,96.79850643064583,3.9999999999999996
3,0.34195955703034997,inf,inf,1.3034383805556047,2.8419305766837226,3.9999999999999996
4,0.3670704481191933,,,0.03976005670129723,0.01382934587194029,3.9999999999999996
5,0.3864302849397063,,,0.03976005670129723,0.01382934587194029,3.9999999999999996
6,0.4160268842242658,,,0.03976005670129723,0.01382934587194029,3.9999999999999996
7,0.4429295682348311,,,0.03976005670129723,0.01382934587194029,3.9999999999999996
8,0.47015119018033147,,,0.03976005670129723,0.01382934587194029,3.9999999999999996
9,0.4946479080244899,,,0.03976005670129723,0.01382934587194029,3.9999999999999996
10,0.5238187410868704,,,0.03976005670129723,0.01382934587194029,3.9999999999999996
11,0.5249890638515353,,,0.03976005670129723,0.01382934587194029,3.9999999999999996
12,0.52369933295995,,,0.03976005670129723,0.01382934587194029,3.9999999999999996
13,0.5228600930422544,,,0.03976005670129723,0.01382934587194029,3.9999999999999996
14,0.5266570807434618,,,0.03976005670129723,0.01382934587194029,3.9999999999999996
15,0.5319138369522989,,,0.03976005670129723,0.01382934587194029,3.9999999999999996
16,0.5274199941195548,,,0.03976005670129723,0.01382934587194029,3.9999999999999996
17,0.5286879800260067,,,0.03976005670129723,0.01382934587194029,3.9999999999999996
18,0.5313566471450031,,,0.03976005670129723,0.01382934587194029,3.9999999999999996
19,0.5292866341769695,,,0.03976005670129723,0.01382934587194029,3.9999999999999996
