,times,train_loss,test_loss,train_acc,test_acc,eta
0,1.0665933447889984,2.3417883965465034,2.27982051031739,90.24285714285715,90.49955834723721,0.6666666666666666
1,0.3999213529750705,0.3257918488137055,0.3187948108387482,90.24285714285715,90.49955834723721,0.6666666666666666
2,0.7330102692358196,3.680267039684345,3.582674296637764,90.24285714285715,90.49955834723721,0.6666666666666666
3,0.39630559692159295,3.1266977558590576,3.043703433157208,90.24285714285715,90.49955834723721,0.6666666666666666
4,0.39305494586005807,4.030803315542617,3.923833225808522,90.24285714285715,90.49955834723721,0.6666666666666666
5,0.377924419939518,1.6280586565823931,1.5844339160473127,90.24285714285715,90.49955834723721,0.6666666666666666
6,0.6930103758350015,1.0524021646857926,1.0236443761486307,90.24285714285715,90.49955834723721,0.6666666666666666
7,0.3744170838035643,2.240899107594784,2.247325064220078,9.757142857142853,9.500441652762788,0.6666666666666666
8,1.0137301390059292,1.6188914243718946,1.574662089032078,90.24285714285715,90.49955834723721,0.6666666666666666
9,1.1096350811421871,4.682693551838424,4.557242084984417,90.24285714285715,90.49955834723721,0.6666666666666666
10,0.382303761318326,2.833889027004249,2.7572309869741147,90.24285714285715,90.49955834723721,0.6666666666666666
11,1.656573656015098,3.1424937809827718,3.0573626762719766,90.24285714285715,90.49955834723721,0.6666666666666666
12,0.3278372809290886,1.591557481024831,1.547299784205757,90.24285714285715,90.49955834723721,0.6666666666666666
13,0.6895856601186097,1.0129286489742106,1.0131030722737755,9.757142857142853,9.500441652762788,0.6666666666666666
14,0.6908888327889144,0.4175622246712778,0.41348014024792223,90.24285714285715,90.49955834723721,0.6666666666666666
15,0.42573115695267916,3.134112089977485,3.0486103632555754,90.24285714285715,90.49955834723721,0.6666666666666666
16,0.4305714429356158,0.8197226008733933,0.7952236404365955,90.24285714285715,90.49955834723721,0.6666666666666666
17,0.7137764766812325,1.6931569946529323,1.6452632317379268,90.24285714285715,90.49955834723721,0.6666666666666666
18,0.7141958479769528,3.4661234167432906,3.3711930149380915,90.24285714285715,90.49955834723721,0.6666666666666666
19,0.3861010642722249,1.8087600206966872,1.757517622113534,90.24285714285715,90.49955834723721,0.6666666666666666
