,times,train_loss,test_loss,train_acc,test_acc,eta
0,6.757864887826145,,,0.0,0.0,0.8795442791215593
1,9.32818791968748,,,0.0,0.0,0.8795442791215593
2,4.47550333570689,,,0.0,0.0,0.8795442791215593
3,6.905191408935934,,,0.0,0.0,0.8795442791215593
4,4.427975700702518,,,0.0,0.0,0.8795442791215593
5,4.435289981774986,,,0.0,0.0,0.8795442791215593
6,1.9694287506863475,,,0.0,0.0,0.8795442791215593
7,4.425075246952474,,,0.0,0.0,0.8795442791215593
8,6.883497355971485,,,0.0,0.0,0.8795442791215593
9,1.967223182786256,,,0.0,0.0,0.8795442791215593
10,4.409274385776371,,,0.0,0.0,0.8795442791215593
11,6.163250343874097,,,0.0,0.0,0.8795442791215593
12,1.9126024236902595,,,0.0,0.0,0.8795442791215593
13,3.958902475889772,,,0.0,0.0,0.8795442791215593
14,1.8210184080526233,,,0.0,0.0,0.8795442791215593
15,3.9279545680619776,,,0.0,0.0,0.8795442791215593
16,3.9683062033727765,,,0.0,0.0,0.8795442791215593
17,1.8289353619329631,,,0.0,0.0,0.8795442791215593
18,1.8295202236622572,,,0.0,0.0,0.8795442791215593
19,6.0895698689855635,,,0.0,0.0,0.8795442791215593
