,times,train_loss,test_loss,train_acc,test_acc,eta
0,4.450012510176748,0.39436927497910435,0.40110538790064615,0.0,0.0,2.4473842035271822
1,6.810746314935386,0.38379341233743597,0.38803196160788717,0.0,0.0,2.4473842035271822
2,6.991937490180135,0.376813427116752,0.3810904712657761,0.0,0.0,2.4473842035271822
3,2.059262936003506,0.3736917768459817,0.3783559721125972,0.0,0.0,2.4473842035271822
4,4.481792189180851,0.371362543751452,0.37653247798256007,0.0,0.0,2.4473842035271822
5,4.501599085051566,0.3699504106795,0.37516352898277705,0.0,0.0,2.4473842035271822
6,7.022347346879542,0.3682794935272143,0.373440091291163,0.0,0.0,2.4473842035271822
7,6.628926605917513,0.36733141897054294,0.37244678576621654,0.0,0.0,2.4473842035271822
8,1.8924369872547686,0.36711556887016233,0.37223358289868974,0.0,0.0,2.4473842035271822
9,1.907259713858366,0.36695596667095465,0.3720782853290046,0.0,0.0,2.4473842035271822
10,4.2968114372342825,0.36633563865258556,0.3714532395231995,0.0,0.0,2.4473842035271822
11,4.273541294038296,0.365887315544178,0.37104005803523454,0.0,0.0,2.4473842035271822
12,4.292022556066513,0.3654927575160537,0.37069920509263105,0.0,0.0,2.4473842035271822
13,1.9446232779882848,0.3654207198625462,0.3706501151275375,0.0,0.0,2.4473842035271822
14,1.9198254309594631,0.36535656533772776,0.3705964418610925,0.0,0.0,2.4473842035271822
15,1.9403779818676412,0.3652967864450379,0.37055163852834244,0.0,0.0,2.4473842035271822
16,4.313847288955003,0.36487999091914,0.37021457524878515,0.0,0.0,2.4473842035271822
17,4.313928083050996,0.3645595425942169,0.3699562063853688,0.0,0.0,2.4473842035271822
18,4.3288964461535215,0.3642767517379202,0.36972497733094584,0.0,0.0,2.4473842035271822
19,1.9443644802086055,0.36424237902556306,0.3696942399656428,0.0,0.0,2.4473842035271822
