,times,train_loss,test_loss,train_acc,test_acc,eta
0,0.6004383168183267,4.123008065129439,4.971515495252377,0.0,0.0,0.003593813663804627
1,0.564816134981811,2.6926138217986275,3.3672092913431797,0.0,0.0,0.003593813663804627
2,0.5529346689581871,1.7837382627122151,2.3197192313140826,0.0,0.0,0.003593813663804627
3,0.7119346470572054,1.2062370366576156,1.6317346637617063,0.0,0.0,0.003593813663804627
4,0.5569950719363987,0.8392914046229171,1.176726228061199,0.0,0.0,0.003593813663804627
5,0.5566498087719083,0.6061334699670595,0.8733753211947028,0.0,0.0,0.003593813663804627
6,0.7777414727024734,0.4579841723407017,0.669275999339571,0.0,0.0,0.003593813663804627
7,0.596224192995578,0.363849743359042,0.5305441079485909,0.0,0.0,0.003593813663804627
8,0.7258155336603522,0.3040365035413664,0.43518223958462193,0.0,0.0,0.003593813663804627
9,0.7510710977949202,0.26603102143571244,0.3688407995116884,0.0,0.0,0.003593813663804627
10,0.6299913278780878,0.24188223144201482,0.3221051992477081,0.0,0.0,0.003593813663804627
11,0.5695539531297982,0.22653802120745856,0.2887568133021457,0.0,0.0,0.003593813663804627
12,0.5769321583211422,0.21678825114195482,0.2646556800583506,0.0,0.0,0.003593813663804627
13,0.5847434899769723,0.21059322086245652,0.24702100061175358,0.0,0.0,0.003593813663804627
14,0.8074247292242944,0.20665686259818075,0.23396591414155174,0.0,0.0,0.003593813663804627
15,0.5609048279002309,0.20415567060240344,0.2241960255393707,0.0,0.0,0.003593813663804627
16,0.5539142698980868,0.20256639081574723,0.21681274785282556,0.0,0.0,0.003593813663804627
17,0.7464921898208559,0.20155654142529034,0.2111844050065259,0.0,0.0,0.003593813663804627
18,0.623656528070569,0.20091486093336763,0.2068612316794254,0.0,0.0,0.003593813663804627
19,0.7271348689682782,0.20050711703959212,0.20351890070256434,0.0,0.0,0.003593813663804627
