,times,train_loss,test_loss,train_acc,test_acc,eta
0,0.6191034922376275,0.19978914857868707,0.19131649805412795,0.0,0.0,0.5994842503189413
1,0.6475346069782972,0.1997806129498436,0.19126639765825865,0.0,0.0,0.5994842503189413
2,0.7143862899392843,0.19977208936306767,0.19125971903382133,0.0,0.0,0.5994842503189413
3,0.6480053937993944,0.19976356753249008,0.19125299504841667,0.0,0.0,0.5994842503189413
4,0.6862986818887293,0.19975504744601072,0.19124678722018745,0.0,0.0,0.5994842503189413
5,0.5540733402594924,0.1997465290944582,0.1912401978585136,0.0,0.0,0.5994842503189413
6,0.7431672848761082,0.1997380125006651,0.19123332026929105,0.0,0.0,0.5994842503189413
7,0.6183879398740828,0.19972949763302109,0.19122729858939008,0.0,0.0,0.5994842503189413
8,0.7604828299954534,0.19972098452433215,0.1912208018801527,0.0,0.0,0.5994842503189413
9,0.640533871948719,0.1997124731492871,0.19121409550172647,0.0,0.0,0.5994842503189413
10,0.612303989008069,0.19970396350651243,0.19120769232734822,0.0,0.0,0.5994842503189413
11,0.5943811791948974,0.19969545560872823,0.1912011946034971,0.0,0.0,0.5994842503189413
12,0.5539375441148877,0.19968694948096746,0.19119439062922033,0.0,0.0,0.5994842503189413
13,0.5581843350082636,0.1996784450837535,0.19118838886589457,0.0,0.0,0.5994842503189413
14,0.6577363670803607,0.19966994243966274,0.19118154643445884,0.0,0.0,0.5994842503189413
15,0.7347470982931554,0.19966144149918524,0.19117597748060428,0.0,0.0,0.5994842503189413
16,0.5829398538917303,0.19965294233327896,0.19116903468879592,0.0,0.0,0.5994842503189413
17,0.6452903230674565,0.19964444491364808,0.19116219000303927,0.0,0.0,0.5994842503189413
18,0.598473000805825,0.19963594920230088,0.19115628860178144,0.0,0.0,0.5994842503189413
19,0.647427162155509,0.19962745524361636,0.19114963166596732,0.0,0.0,0.5994842503189413
