,times,train_loss,test_loss,train_acc,test_acc,eta
0,0.61927186883986,3.094895785474792,3.822562939160956,0.0,0.0,0.005994842503189411
1,0.7512901308946311,1.556875933203427,2.0523505042110073,0.0,0.0,0.005994842503189411
2,0.7976694540120661,0.8359996731927675,1.1725428218384588,0.0,0.0,0.005994842503189411
3,0.9845063779503107,0.4980317860798746,0.725758168567183,0.0,0.0,0.005994842503189411
4,0.897497730795294,0.33961047327136507,0.49284309078814204,0.0,0.0,0.005994842503189411
5,0.8722802419215441,0.26534169115626627,0.3675710140572029,0.0,0.0,0.005994842503189411
6,0.9302577432245016,0.2305238421210412,0.2978322585122404,0.0,0.0,0.005994842503189411
7,0.9883981794118881,0.21420168569100037,0.2576015334951986,0.0,0.0,0.005994842503189411
8,1.0515300389379263,0.2065493091628978,0.23357861825168885,0.0,0.0,0.005994842503189411
9,1.1017500460147858,0.20296165663925078,0.2187819016257593,0.0,0.0,0.005994842503189411
10,1.1439859829843044,0.20127952928587792,0.20942413940514232,0.0,0.0,0.005994842503189411
11,1.155325154773891,0.200490994620686,0.20338078116181724,0.0,0.0,0.005994842503189411
12,1.1687307320535183,0.20012123022689818,0.1994127385339685,0.0,0.0,0.005994842503189411
13,1.1908454070799053,0.19994780964631648,0.19677556236864766,0.0,0.0,0.005994842503189411
14,1.1873376318253577,0.19986640254484675,0.195006559123204,0.0,0.0,0.005994842503189411
15,1.1671796920709312,0.19982813929004425,0.19381204859593681,0.0,0.0,0.005994842503189411
16,1.1523941638879478,0.1998100963967037,0.19300099740370633,0.0,0.0,0.005994842503189411
17,1.1543712010607123,0.19980153475939294,0.1924476607217302,0.0,0.0,0.005994842503189411
18,1.1506879520602524,0.19979741542746599,0.1920677203899214,0.0,0.0,0.005994842503189411
19,1.1675978559069335,0.1997953783136995,0.19180434755559667,0.0,0.0,0.005994842503189411
