,times,train_loss,test_loss,train_acc,test_acc,eta
0,0.5843384466134012,5.203190123037014,6.162551486549497,0.0,0.0,0.0016681005372000581
1,0.6982651939615607,4.254090537923275,5.1168018360500875,0.0,0.0,0.0016681005372000581
2,0.7352757276967168,3.4850097600845387,4.2607226932545235,0.0,0.0,0.0016681005372000581
3,0.7740555871278048,2.8618279081584506,3.559232927020738,0.0,0.0,0.0016681005372000581
4,0.8323503909632564,2.3568555155754107,2.983772931063792,0.0,0.0,0.0016681005372000581
5,0.8740384359844029,1.9476608127221775,2.51112820645028,0.0,0.0,0.0016681005372000581
6,0.9292142731137574,1.6160837228711629,2.122436589737863,0.0,0.0,0.0016681005372000581
7,1.196883947122842,1.347415542761071,1.8023593121048842,0.0,0.0,0.0016681005372000581
8,1.1966364881955087,1.1297081702543827,1.5383755151463305,0.0,0.0,0.0016681005372000581
9,1.1965956250205636,0.953314003672521,1.3203294885229246,0.0,0.0,0.0016681005372000581
10,1.1356423920951784,0.8103640394022815,1.13988228831793,0.0,0.0,0.0016681005372000581
11,1.1535903899930418,0.6945469628777142,0.9903167336179542,0.0,0.0,0.0016681005372000581
12,1.2602389180101454,0.6006933366189076,0.8660824010503697,0.0,0.0,0.0016681005372000581
13,1.4197648190893233,0.5246425029367385,0.762683959381216,0.0,0.0,0.0016681005372000581
14,1.3308451347984374,0.4630217363983918,0.6764475793842913,0.0,0.0,0.0016681005372000581
15,1.1421090993098915,0.4130890987337801,0.6043566537566982,0.0,0.0,0.0016681005372000581
16,1.1289690053090453,0.3726266024612886,0.5439473153352709,0.0,0.0,0.0016681005372000581
17,1.1674921442754567,0.33983736629680683,0.493201382398607,0.0,0.0,0.0016681005372000581
18,1.1647486430592835,0.31327028941137586,0.4504716036892417,0.0,0.0,0.0016681005372000581
19,1.181367577984929,0.2917454786670315,0.41439954808216195,0.0,0.0,0.0016681005372000581
