,times,train_loss,test_loss,train_acc,test_acc,eta
0,0.615866981446743,0.5971134318784427,0.8612770813366856,0.0,0.0,0.021544346900318825
1,0.7114472188986838,0.22534300832846935,0.28596325238370457,0.0,0.0,0.021544346900318825
2,0.7398909931071103,0.20143600183408467,0.2104320673757397,0.0,0.0,0.021544346900318825
3,0.819190576672554,0.19990163889792986,0.19582446535705011,0.0,0.0,0.021544346900318825
4,0.829722065012902,0.1998026464723901,0.1924096548700664,0.0,0.0,0.021544346900318825
5,0.8814218691550195,0.1997959552498467,0.1915594893345025,0.0,0.0,0.021544346900318825
6,0.9291253848932683,0.19979519563516057,0.19133470745043873,0.0,0.0,0.021544346900318825
7,0.9820709419436753,0.19979475992477466,0.19123726077841924,0.0,0.0,0.021544346900318825
8,1.045436151791364,0.19979368492232263,0.1910747098546445,0.0,0.0,0.021544346900318825
9,1.1331916842609644,0.19979009142413232,0.1907617645083071,0.0,0.0,0.021544346900318825
10,1.15523600904271,0.19978021581700553,0.19024571192491696,0.0,0.0,0.021544346900318825
11,1.163368638139218,0.1997528627967524,0.1893818401352959,0.0,0.0,0.021544346900318825
12,1.1627682140097022,0.19967644607810792,0.18792240311132266,0.0,0.0,0.021544346900318825
13,1.1848887279629707,0.19946457812441243,0.1854818900393589,0.0,0.0,0.021544346900318825
14,1.4406261900439858,0.19887123900607245,0.18119255749676513,0.0,0.0,0.021544346900318825
15,1.2084352211095393,0.19732204765452857,0.17439116352727455,0.0,0.0,0.021544346900318825
16,1.2166685899719596,0.19336987050136983,0.16348044075881363,0.0,0.0,0.021544346900318825
17,1.2104524839669466,0.18495886361498026,0.1485858796480916,0.0,0.0,0.021544346900318825
18,1.2899903627112508,0.17317267761431146,0.13588021594600497,0.0,0.0,0.021544346900318825
19,1.181420168839395,0.1633001363677128,0.13394695423958242,0.0,0.0,0.021544346900318825
