,times,train_loss,test_loss,train_acc,test_acc,eta
0,38.107989742886275,0.6905025453962373,0.6906194497726809,54.257822222222224,54.1142,0.0001437525465521851
1,38.76549341715872,0.689497663392067,0.6897327639645402,54.257822222222224,54.1142,0.0001437525465521851
2,39.26664707902819,0.6894772388221588,0.6897222703762689,54.257822222222224,54.1142,0.0001437525465521851
3,39.69824198074639,0.6894618044383524,0.6897096145882443,54.257822222222224,54.1142,0.0001437525465521851
4,40.00710694026202,0.6892689368698272,0.6895368529961308,54.257822222222224,54.1142,0.0001437525465521851
5,39.561837046872824,0.688268594338057,0.6885794301680495,54.257822222222224,54.1142,0.0001437525465521851
6,40.2317675719969,0.6835596374907468,0.6839540578601517,54.257822222222224,54.1142,0.0001437525465521851
7,40.44465965498239,0.6626434666517823,0.66315683999112,54.34664444444444,54.2052,0.0001437525465521851
8,40.73580815223977,0.5977457697830794,0.5982309952894431,66.34806666666667,66.29220000000001,0.0001437525465521851
9,40.99071543291211,0.5221299456796311,0.5222744835164286,74.69431111111112,74.6964,0.0001437525465521851
10,41.07721685664728,0.4927532059972356,0.49255529568848155,76.60602222222222,76.5766,0.0001437525465521851
11,40.31616924703121,0.4888736259067966,0.4885357189713838,76.74717777777778,76.7114,0.0001437525465521851
12,40.15578871406615,0.48842039007067384,0.48804054905416916,76.73453333333333,76.6916,0.0001437525465521851
13,38.84604121558368,0.4882483238068774,0.48786436585583365,76.74566666666666,76.703,0.0001437525465521851
14,40.76537656085566,0.4867612860421035,0.486318860542415,76.83282222222222,76.7804,0.0001437525465521851
15,40.053275076672435,0.4821910706203518,0.4816051561374149,77.20882222222222,77.1702,0.0001437525465521851
16,39.93099811114371,0.47723652356114027,0.4764792887036361,77.68231111111112,77.664,0.0001437525465521851
17,38.83812124514952,0.47551460242424254,0.4746798321963095,77.88742222222223,77.9108,0.0001437525465521851
18,39.699725225102156,0.4753409015019796,0.474502164026066,77.93817777777778,77.93860000000001,0.0001437525465521851
19,40.6610799850896,0.47505482928920917,0.4742039209908947,77.9826,77.9628,0.0001437525465521851
