,times,train_loss,test_loss,train_acc,test_acc,eta
0,36.90452479105443,0.6889438325075354,0.689188079533506,54.257822222222224,54.1142,0.023979370012757645
1,37.733956010080874,0.6821005128501938,0.682341095933331,54.257822222222224,54.1142,0.023979370012757645
2,37.82760271197185,0.489786924702802,0.48945950558376256,76.64442222222222,76.5998,0.023979370012757645
3,39.748941672965884,0.46073596493453284,0.459271959542173,78.81086666666667,78.8104,0.023979370012757645
4,37.25172198563814,0.45852139539698156,0.4568568735471372,78.95348888888888,78.9528,0.023979370012757645
5,36.20288940612227,0.4560958663539096,0.45435352887811575,79.10626666666667,79.1288,0.023979370012757645
6,37.51046690531075,0.4536393225552334,0.45167506160959525,79.19275555555555,79.2316,0.023979370012757645
7,38.47044053114951,0.4530318306806025,0.45088358278214696,79.21713333333334,79.2514,0.023979370012757645
8,38.42311129486188,0.4529034882193248,0.4507174015550113,79.22813333333333,79.257,0.023979370012757645
9,40.19996330700815,0.45286058357475995,0.45065883787902666,79.22664444444445,79.25280000000001,0.023979370012757645
10,40.105547660030425,0.4524634246611074,0.45012278138465533,79.26255555555555,79.298,0.023979370012757645
11,38.503523957915604,8.277980136141965,8.042915641337732,73.07897777777778,73.05799999999999,0.023979370012757645
12,39.04011006699875,0.4556906345914467,0.4531513691564448,78.9828,79.0174,0.023979370012757645
13,41.57164836395532,0.4538002551339149,0.4514894845800507,79.1570888888889,79.214,0.023979370012757645
14,40.21088766399771,0.45331588511471704,0.45098967404777524,79.22031111111112,79.2906,0.023979370012757645
15,40.83412846317515,13.698743491804718,12.352139006724682,78.23782222222222,78.2756,0.023979370012757645
16,40.1971394456923,2.2287352516169383,2.155877735314784,77.8866,77.9174,0.023979370012757645
17,38.29808641131967,0.4584077128602795,0.45619519899545985,78.94264444444444,78.9746,0.023979370012757645
18,40.16798610286787,0.4523165979209684,0.44977804814575967,79.2821111111111,79.3152,0.023979370012757645
19,40.17819337779656,0.4521701918257447,0.4494773806500353,79.29166666666667,79.3232,0.023979370012757645
