,times,train_loss,test_loss,train_acc,test_acc,eta
0,0.21815791819244623,0.6926846370132073,0.6926862382040124,78.16654277663491,78.39856174802932,0.0018566355334451114
1,0.29882062692195177,0.5293606518728609,0.5301168200187177,88.0132072536173,87.72645553865303,0.0018566355334451114
2,0.3162214979529381,0.406927594292652,0.4079764843510804,90.38152367452072,90.45775134836123,0.0018566355334451114
3,0.3434527930803597,0.325426285894771,0.32690514903008694,91.93216588587136,91.98589406721062,0.0018566355334451114
4,0.3722733058966696,0.26178778645127265,0.2635696882275635,93.26153473818867,93.45871940257226,0.0018566355334451114
5,0.4016675059683621,0.20938580523994538,0.2117404033468735,94.29529621242243,94.29539482782465,0.0018566355334451114
6,0.42967117903754115,0.16949190498126698,0.1727325615135172,95.13198610126713,94.95228875674181,0.0018566355334451114
7,0.4561618031002581,0.1410097134826541,0.14519771801466583,95.6592390270887,95.43631586225972,0.0018566355334451114
8,0.48532686522230506,0.12049918670271605,0.1257401134234225,96.04992480163189,95.67832941501867,0.0018566355334451114
9,0.5206479192711413,0.1056438221408224,0.11205873197434744,96.4198661987657,95.92725764071359,0.0018566355334451114
10,0.5510921133682132,0.09587317726447356,0.10337811203381747,96.68262831261777,96.1346978287927,0.0018566355334451114
11,0.5517763388343155,0.08884831618125355,0.09748376424517852,96.8900720867115,96.28682063338404,0.0018566355334451114
12,0.5533990142866969,0.08422786207716483,0.09389507862788299,97.03009663422476,96.4112847462315,0.0018566355334451114
13,0.5535440458916128,0.08112025774081102,0.09169102701894447,97.18567946479506,96.49426082146314,0.0018566355334451114
14,0.5565443327650428,0.07803678079038852,0.08977239617922209,97.33261880477812,96.61181026137464,0.0018566355334451114
15,0.5526879169046879,0.07516459488126466,0.08822738827428431,97.48301554099608,96.65329829899046,0.0018566355334451114
16,0.5572116859257221,0.07267096021705001,0.0869713741946574,97.61093920168722,96.75010372009405,0.0018566355334451114
17,0.5547116501256824,0.06958134879084918,0.08553751011670391,97.71984718308642,96.85382381413359,0.0018566355334451114
18,0.5543516571633518,0.06579393293004851,0.08431012766353331,97.92210486282781,96.90222652468539,0.0018566355334451114
19,0.5535479532554746,0.0633816619772309,0.0834027876479529,98.03447024046191,96.88148250587747,0.0018566355334451114
