,times,train_loss,test_loss,train_acc,test_acc,eta
0,0.20650462387129664,0.6872412257858079,0.6872612809490684,78.31866821097032,78.46770847738902,0.023979370012757645
1,0.29174284683540463,0.2426920639895699,0.24395541483542635,92.71180873684028,92.83639883833494,0.023979370012757645
2,0.3167750998400152,0.1271698850537219,0.1316975459400576,95.92545853717566,95.602268012723,0.023979370012757645
3,0.3452606601640582,0.08735646304148986,0.09640782318248331,97.06985669092606,96.48734614852718,0.023979370012757645
4,0.37451932299882174,0.06833659783330545,0.08281317769073629,97.81492557954604,96.95754390817315,0.023979370012757645
5,0.40165579598397017,0.05445971089685056,0.07612444752341317,98.34217850536761,97.10275203982852,0.023979370012757645
6,0.43408832512795925,0.04503526868236858,0.07384639735707975,98.70347641191418,97.16498409625224,0.023979370012757645
7,0.4615356558933854,0.04045248503767225,0.07442892073495704,98.9143775822428,97.16498409625224,0.023979370012757645
8,0.49302499601617455,0.037455736087988314,0.07520156469352665,99.02847165799436,97.21338680680404,0.023979370012757645
9,0.5216183820739388,0.03485305883650982,0.07510227576634247,99.15466662056805,97.31710690084358,0.023979370012757645
10,0.5520699378103018,0.03168589192636134,0.07563563521742672,99.30506335678601,97.26178951735582,0.023979370012757645
11,0.5512354588136077,0.030393000631935306,0.07540635357794638,99.3880408664235,97.22721615267598,0.023979370012757645
12,0.5502767972648144,0.02866691683855833,0.07500572523521987,99.47966186664823,97.31710690084358,0.023979370012757645
13,0.5619670641608536,0.027501445725675068,0.0756461854226585,99.51250713087974,97.3585949384594,0.023979370012757645
14,0.559203835669905,0.026951180926943978,0.07573174348623152,99.56263937628572,97.35168026552344,0.023979370012757645
15,0.5594460368156433,0.025982761605540656,0.07584158674395017,99.59029854616489,97.39316830313926,0.023979370012757645
16,0.5509497071616352,0.025569949001991086,0.07576300622139492,99.61968641416149,97.36550961139538,0.023979370012757645
17,0.544503471814096,0.02495585797006597,0.07571635654896669,99.64907428215811,97.34476559258746,0.023979370012757645
18,0.5515189180150628,0.02470610843601926,0.07558076597505393,99.66463256521514,97.3378509196515,0.023979370012757645
19,0.5509886043146253,0.024277252070776693,0.07550870232032617,99.67327605580238,97.31019222790762,0.023979370012757645
