,times,train_loss,test_loss,train_acc,test_acc,eta
0,0.21139089576900005,0.6930183855219263,0.6930188318893742,78.15444188981279,78.39856174802932,0.0005166198660059535
1,0.294294873252511,0.6300451903555722,0.6303533228966233,87.60350579978218,87.43603927534228,0.0005166198660059535
2,0.32376057794317603,0.5727248928111083,0.5733280677285569,89.53791899320622,89.42746508090167,0.0005166198660059535
3,0.34896106319501996,0.5181934508562801,0.519076407560413,90.47141597662801,90.56147144240077,0.0005166198660059535
4,0.3804499371908605,0.4681332459432002,0.4691671819624026,91.32539284664719,91.74388051445166,0.0005166198660059535
5,0.40970851201564074,0.4227187671176663,0.4239585178003487,92.17072622607914,92.35237173281703,0.0005166198660059535
6,0.43744215508922935,0.38704837163538575,0.3884258108702503,92.79132885024288,92.91246024063062,0.0005166198660059535
7,0.4645714941434562,0.35092787925881075,0.35253543921655794,93.32549656853423,93.50712211312405,0.0005166198660059535
8,0.49017952010035515,0.3187379110339924,0.3205989263427731,93.8199042301243,93.8666851057945,0.0005166198660059535
9,0.5183965051546693,0.2926163238488389,0.2946995828474659,94.1604577592615,94.22624809846494,0.0005166198660059535
10,0.550116391852498,0.2688565212296974,0.2712229749102161,94.59608968485833,94.45443230535196,0.0005166198660059535
11,0.5556698362343013,0.24566868277104692,0.24836692393585816,94.9314571196432,94.77942193334255,0.0005166198660059535
12,0.5552650750614703,0.22468893040504057,0.2277509809157746,95.20977751655228,95.02835015903747,0.0005166198660059535
13,0.5552162528038025,0.20545672749899027,0.20881717580938713,95.44833785676008,95.16664361775688,0.0005166198660059535
14,0.5548930461518466,0.18905837942918644,0.19273838035258029,95.63503725344444,95.26344903886046,0.0005166198660059535
15,0.5541251422837377,0.17259874417269494,0.17677522252088282,95.81655055577644,95.3948278246439,0.0005166198660059535
16,0.5586949442513287,0.1587716942839466,0.16349160219905615,96.02918042422252,95.58152399391508,0.0005166198660059535
17,0.5562737258151174,0.14630598020175556,0.15163439828429337,96.21760851902432,95.6921587608906,0.0005166198660059535
18,0.5556961288675666,0.13510425296429696,0.1410268253183782,96.36109046277248,95.87194025722583,0.0005166198660059535
19,0.5514483097940683,0.12432625519648159,0.13100317501585712,96.52531678393002,95.98948969713733,0.0005166198660059535
