,times,train_loss,test_loss,train_acc,test_acc,eta
0,0.23218605667352676,0.6725840810188571,0.6726501945558508,78.67478002316456,78.89641819941917,0.0861773876012753
1,0.29727931367233396,0.16130037562408794,0.16445809822550822,95.3048559130119,95.08366754252523,0.0861773876012753
2,0.3233847888186574,0.07428811756473282,0.08739233076012892,97.75269244731793,96.95062923523717,0.0861773876012753
3,0.34670555405318737,0.04766756249535538,0.07245525746739807,98.67063114768268,97.19264278799612,0.0861773876012753
4,0.37550267204642296,0.036444946957384275,0.07207977712035749,99.09934828080972,97.28253353616374,0.0861773876012753
5,0.40373059641569853,0.030603207567438447,0.07271125782512348,99.36556779089668,97.3585949384594,0.0861773876012753
6,0.43313480680808425,0.027744783784282766,0.07268509944629553,99.48830535723546,97.46231503249896,0.0861773876012753
7,0.4612545012496412,0.026143165662719063,0.07451452856836627,99.58338375369509,97.36550961139538,0.0861773876012753
8,0.49184030620381236,0.025214168349231326,0.07391926788497569,99.62832990474874,97.37933895726732,0.0861773876012753
9,0.5185472741723061,0.024568629844806282,0.0748973355674731,99.6559890746279,97.3378509196515,0.0861773876012753
10,0.5527678760699928,0.024174008397656183,0.07476716476721121,99.66636126333259,97.3585949384594,0.0861773876012753
11,0.5438340953551233,0.023580693356510418,0.07458248596101494,99.68883433885941,97.37933895726732,0.0861773876012753
12,0.546268031001091,0.023288210179839928,0.07478050999435275,99.6922917350943,97.37242428433134,0.0861773876012753
13,0.5466537778265774,0.022975493481173732,0.07487010281535433,99.71476481062112,97.35168026552344,0.0861773876012753
14,0.5438321041874588,0.02282089763184375,0.07457780018896232,99.71303611250367,97.35168026552344,0.0861773876012753
15,0.5417810208164155,0.022701582399514586,0.07501819625400957,99.71822220685601,97.33093624671552,0.0861773876012753
16,0.5452200886793435,0.022569372241867627,0.07474597763162655,99.71649350873857,97.36550961139538,0.0861773876012753
17,0.5516269211657345,0.02252346599401598,0.0749929649481335,99.71649350873857,97.35168026552344,0.0861773876012753
18,0.5489405221305788,0.022465484473650578,0.07496693083365612,99.71995090497346,97.32402157377956,0.0861773876012753
19,0.5342902089469135,0.022427958764500287,0.0751186349787273,99.72340830120837,97.33093624671552,0.0861773876012753
