,times,train_loss,test_loss,train_acc,test_acc,eta
0,0.21867750398814678,0.6268597136218718,0.6270348754929698,80.12861513993812,80.52136633937215,0.3097054730724509
1,0.2959679174236953,0.10541098881644313,0.11348321989089159,97.0421975210469,96.35596736274374,0.3097054730724509
2,0.3190982649102807,0.04453646777590242,0.07295510116139843,98.78645392155168,97.20647213386806,0.3097054730724509
3,0.35154413897544146,0.029632691096833502,0.07161327320123266,99.39668435701074,97.31710690084358,0.3097054730724509
4,0.3777943258173764,0.02601256557966735,0.0740512184636226,99.60239943298701,97.36550961139538,0.3097054730724509
5,0.39951302018016577,0.024932216329065292,0.07348809630916853,99.60931422545681,97.37933895726732,0.3097054730724509
6,0.4314850987866521,0.023952491419899826,0.0782480753296559,99.6957491313292,97.2894482090997,0.3097054730724509
7,0.4584898119792342,0.023573250055423607,0.07527144604451713,99.69056303697685,97.31710690084358,0.3097054730724509
8,0.4892173227854073,0.023458184482981294,0.07481743034369831,99.69056303697685,97.34476559258746,0.3097054730724509
9,0.5249807960353792,0.026336744093960966,0.07794841729638603,99.5799263574602,97.28253353616374,0.3097054730724509
10,0.5574239622801542,0.031224372916795758,0.09453611075633957,99.55053848946359,96.68787166367031,0.3097054730724509
11,0.5510239233262837,0.04439856158922688,0.10471476819870303,99.11836396010165,96.5979809155027,0.3097054730724509
12,0.5512987347319722,0.05445672643226139,0.10099114976086472,98.54616488322644,96.63255428018255,0.3097054730724509
13,0.5575731028802693,0.25007576947636373,0.22911486401421263,93.84410600376856,93.38265800027659,0.3097054730724509
14,0.5532014858908951,0.6609657083547147,0.6564760781058736,94.23479177831176,92.93320425943853,0.3097054730724509
15,0.5442184740677476,inf,inf,47.59278787145401,49.03194578896418,0.3097054730724509
16,0.5434986348263919,,,0.03976005670129723,0.01382934587194029,0.3097054730724509
17,0.5376473278738558,,,0.03976005670129723,0.01382934587194029,0.3097054730724509
18,0.5310979052446783,,,0.03976005670129723,0.01382934587194029,0.3097054730724509
19,0.5233233100734651,,,0.03976005670129723,0.01382934587194029,0.3097054730724509
