,times,train_loss,test_loss,train_acc,test_acc,eta
0,4.286390235181898,0.45697142913594585,0.4662140340241412,0.0,0.0,0.16681005372000585
1,4.336074355058372,0.4387008176249362,0.44738601032015796,0.0,0.0,0.16681005372000585
2,4.379191276151687,0.4277080279782644,0.4360427838227293,0.0,0.0,0.16681005372000585
3,4.408900397829711,0.4201004796358547,0.42817144932112355,0.0,0.0,0.16681005372000585
4,4.407288030721247,0.41442914713102363,0.4222765012581703,0.0,0.0,0.16681005372000585
5,4.46268451679498,0.4099914761160437,0.41765020659543955,0.0,0.0,0.16681005372000585
6,4.422204263973981,0.40639191835336463,0.41388189403717446,0.0,0.0,0.16681005372000585
7,4.455179957207292,0.40339140229427656,0.4107298684815036,0.0,0.0,0.16681005372000585
8,4.43687630398199,0.40083664979438693,0.4080383251306687,0.0,0.0,0.16681005372000585
9,4.423061411827803,0.3986258591549861,0.4057031649119644,0.0,0.0,0.16681005372000585
10,4.470758100040257,0.3966873009836653,0.4036527615753539,0.0,0.0,0.16681005372000585
11,4.485345393884927,0.3949697155000683,0.4018319807054071,0.0,0.0,0.16681005372000585
12,4.421693476848304,0.3934346558611004,0.4002025030508329,0.0,0.0,0.16681005372000585
13,4.429944560863078,0.3920532942009829,0.3987338521743296,0.0,0.0,0.16681005372000585
14,4.403342618141323,0.39080271049286475,0.3974044209524955,0.0,0.0,0.16681005372000585
15,4.420806046109647,0.3896648325112591,0.39619194408691555,0.0,0.0,0.16681005372000585
16,4.458199081942439,0.3886252022831492,0.3950819195316013,0.0,0.0,0.16681005372000585
17,4.4514967617578804,0.38767168104994915,0.3940653501747701,0.0,0.0,0.16681005372000585
18,4.417695282027125,0.3867942987101539,0.39312731649788646,0.0,0.0,0.16681005372000585
19,4.436491576954722,0.38598460015443203,0.39226216449256407,0.0,0.0,0.16681005372000585
