,times,train_loss,test_loss,train_acc,test_acc,eta
0,0.7169074639678001,0.19977754458000474,0.19295994945349612,0.0,0.0,1.8949207063585727
1,0.7096025520004332,0.199765145707096,0.19485380319736398,0.0,0.0,1.8949207063585727
2,1.4688411997631192,0.19956700792875992,0.1910848312285419,0.0,0.0,1.8949207063585727
3,0.7529082549735904,0.19945428048549402,0.1910206442668612,0.0,0.0,1.8949207063585727
4,1.279979086946696,0.1992991020857308,0.19090407323391087,0.0,0.0,1.8949207063585727
5,0.7307296730577946,0.19923634658132214,0.19084837664434734,0.0,0.0,1.8949207063585727
6,1.2221515318378806,0.19907753403421447,0.19073623816926738,0.0,0.0,1.8949207063585727
7,0.6701791021041572,0.19899717862805374,0.19070150612212095,0.0,0.0,1.8949207063585727
8,0.7291554952971637,0.19891466411832004,0.19062028114213828,0.0,0.0,1.8949207063585727
9,0.9119744240306318,0.19876794579972604,0.19049702199464794,0.0,0.0,1.8949207063585727
10,0.3643158571794629,0.19873622288367052,0.19046514381945834,0.0,0.0,1.8949207063585727
11,0.6899833818897605,0.19861514703881955,0.19041392688954037,0.0,0.0,1.8949207063585727
12,0.3721636370755732,0.19858354497893804,0.19037720490723378,0.0,0.0,1.8949207063585727
13,0.430493354331702,0.19855198495492649,0.19029698436700773,0.0,0.0,1.8949207063585727
14,1.2135287332348526,0.1982866470668031,0.19013832766736746,0.0,0.0,1.8949207063585727
15,0.6508387341164052,0.19816872060532909,0.19004640769350048,0.0,0.0,1.8949207063585727
16,0.8889831150881946,0.19797469213604926,0.18989383896486245,0.0,0.0,1.8949207063585727
17,0.37474192399531603,0.19794357578484298,0.18986847122882608,0.0,0.0,1.8949207063585727
18,0.6542389742098749,0.19780916029810372,0.1897523790688907,0.0,0.0,1.8949207063585727
19,0.940206344705075,0.19762348242111444,0.18962769722636466,0.0,0.0,1.8949207063585727
