,times,train_loss,test_loss,train_acc,test_acc,eta
0,24.2287358189933,124.75672274514663,119.92253696106829,0.0,0.0,1.8949207063585727
1,24.31505124317482,99.33911440496921,96.85628152080734,0.0,0.0,1.8949207063585727
2,10.459025283809751,76.89174595622757,73.87793977807331,0.0,0.0,1.8949207063585727
3,23.540393225848675,70.93207308708271,68.98643343836339,0.0,0.0,1.8949207063585727
4,35.60489733191207,68.08706794637918,66.85604655176408,0.0,0.0,1.8949207063585727
5,22.703071525786072,62.3968379135221,61.25502755203815,0.0,0.0,1.8949207063585727
6,9.872956671286374,60.631252249775045,59.46284924875464,0.0,0.0,1.8949207063585727
7,22.742975048255175,58.37747012135725,57.260860842742645,0.0,0.0,1.8949207063585727
8,22.995083135087043,57.526650543094995,56.46343155061518,0.0,0.0,1.8949207063585727
9,9.37126461416483,57.1036988682351,56.057069309248256,0.0,0.0,1.8949207063585727
10,9.419280905742198,56.82804706163451,55.79499622497724,0.0,0.0,1.8949207063585727
11,22.522804490756243,55.94040638845682,54.98882407745122,0.0,0.0,1.8949207063585727
12,50.46130037494004,54.990033790734174,54.198310350189814,0.0,0.0,1.8949207063585727
13,9.828399842139333,54.83556221485699,54.06635675721211,0.0,0.0,1.8949207063585727
14,23.07377218781039,54.44209858596089,53.748270759297405,0.0,0.0,1.8949207063585727
15,9.83130902191624,54.35528854774828,53.67055437796616,0.0,0.0,1.8949207063585727
16,23.85760248824954,54.00282985251917,53.382050086392674,0.0,0.0,1.8949207063585727
17,36.29248209996149,53.598486320518624,53.05179756008784,0.0,0.0,1.8949207063585727
18,37.51116930320859,53.3568407865975,52.847265312485355,0.0,0.0,1.8949207063585727
19,10.268133122939616,53.31506915143724,52.80741412677769,0.0,0.0,1.8949207063585727
