,times,train_loss,test_loss,train_acc,test_acc,eta
0,25.339330322109163,,,0.0,0.0,0.8795442791215591
1,22.696673122234643,,,0.0,0.0,0.8795442791215591
2,23.82102996809408,,,0.0,0.0,0.8795442791215591
3,9.80149261886254,,,0.0,0.0,0.8795442791215591
4,23.250418296083808,,,0.0,0.0,0.8795442791215591
5,50.11697478592396,,,0.0,0.0,0.8795442791215591
6,37.94403282273561,,,0.0,0.0,0.8795442791215591
7,38.76978336228058,,,0.0,0.0,0.8795442791215591
8,50.21220354689285,,,0.0,0.0,0.8795442791215591
9,23.095220289193094,,,0.0,0.0,0.8795442791215591
10,36.156296879053116,,,0.0,0.0,0.8795442791215591
11,10.14215914113447,,,0.0,0.0,0.8795442791215591
12,10.120840961113572,,,0.0,0.0,0.8795442791215591
13,52.25266923988238,,,0.0,0.0,0.8795442791215591
14,23.112300134729594,,,0.0,0.0,0.8795442791215591
15,37.890263699926436,,,0.0,0.0,0.8795442791215591
16,23.60099417064339,,,0.0,0.0,0.8795442791215591
17,37.10686897998676,,,0.0,0.0,0.8795442791215591
18,9.366779508069158,,,0.0,0.0,0.8795442791215591
19,9.827072695828974,,,0.0,0.0,0.8795442791215591
