,times,train_loss,test_loss,train_acc,test_acc,eta
0,0.2303218706510961,0.692151768943719,0.6921552082725363,78.18555845592684,78.41239109390126,0.004
1,0.23424940509721637,0.6911605069153914,0.6911673476572934,78.20284543710132,78.41239109390126,0.004
2,0.2242313241586089,0.6901733531621767,0.6901835576305184,78.23050460698047,78.40547642096529,0.004
3,0.228438685182482,0.6891902978903203,0.6892038285896892,78.26507856932943,78.43313511270917,0.004
4,0.22422652132809162,0.6882113134413166,0.6882281333563187,78.2927377392086,78.44004978564514,0.004
5,0.22818155074492097,0.6872363837966804,0.6872564562335247,78.31866821097032,78.46770847738902,0.004
6,0.22377391112968326,0.6862654912160527,0.6862887795114666,78.33941258837969,78.47462315032499,0.004
7,0.23849880788475275,0.685298606858925,0.685325074965458,78.36015696578906,78.47462315032499,0.004
8,0.23136647092178464,0.6843357225338673,0.684365334424109,78.37744394696354,78.4953671691329,0.004
9,0.23230593372136354,0.6833768077718828,0.6834095281719544,78.4085605130776,78.52994053381275,0.004
10,0.22821449488401413,0.6824218518415752,0.6824576453513351,78.42930489048697,78.55759922555663,0.004
11,0.23187386570498347,0.681470827987234,0.6815096597961271,78.45523536224869,78.59217259023649,0.004
12,0.22986322222277522,0.680523709309389,0.6805655447459517,78.48116583401041,78.61291660904439,0.004
13,0.23201953526586294,0.6795804848310865,0.6796252895269801,78.50191021141978,78.62674595491633,0.004
14,0.23788285814225674,0.6786411298134413,0.6786888697822171,78.53129807941639,78.68206333840409,0.004
15,0.2377908513881266,0.6777056293467649,0.6777562708396266,78.55549985306067,78.70972203014797,0.004
16,0.237741740886122,0.6767739551801984,0.6768274647909759,78.57624423047002,78.74429539482782,0.004
17,0.23845588229596615,0.6758460951422337,0.6759024397710623,78.6004460041143,78.78578343244365,0.004
18,0.23095332877710462,0.6749220293227719,0.6749811759981365,78.61254689093644,78.81344212418753,0.004
19,0.229742466006428,0.6740017348344473,0.6740636511724429,78.6436634570505,78.84110081593141,0.004
