,times,train_loss,test_loss,train_acc,test_acc,eta
0,0.22799572721123695,0.0748638074964997,0.09205989689433078,97.97396580635123,96.99903194578897,400.0
1,0.23761882493272424,0.04985121421007883,0.07464016281147376,98.89536190295088,97.39316830313926,400.0
2,0.2371443249285221,0.04165876869430659,0.07090710689833424,99.16676750739019,97.48305905130687,400.0
3,0.2375319479033351,0.03694275911485187,0.06935338197071018,99.3085207530209,97.4761443783709,400.0
4,0.23853526171296835,0.03382091565031234,0.06860091249745733,99.38112607395371,97.4069976490112,400.0
5,0.234443754889071,0.0315945878573629,0.06828611549325019,99.44681660241672,97.4069976490112,400.0
6,0.2315077786333859,0.029938811419521268,0.06817210095817526,99.48311926288312,97.42082699488314,400.0
7,0.23169737914577127,0.028664450422683514,0.06821038015987028,99.52287931958442,97.43465634075508,400.0
8,0.23191106412559748,0.02766201305060927,0.06834234628652447,99.55226718758104,97.44157101369105,400.0
9,0.23789856303483248,0.026858433841809477,0.0685046271165477,99.57474026310786,97.44848568662702,400.0
10,0.23627398302778602,0.026204992357676805,0.06870128781888715,99.58684114992998,97.46231503249896,400.0
11,0.24028162518516183,0.02566768074846479,0.06892421011936316,99.60239943298701,97.44848568662702,400.0
12,0.23615066893398762,0.02522078460490571,0.06911585388876827,99.6162290179266,97.46231503249896,400.0
13,0.23128094617277384,0.024846302348960278,0.06935697465761348,99.62487250851383,97.44157101369105,400.0
14,0.2336592497304082,0.024529779566885613,0.06958238738086006,99.63870209345342,97.44157101369105,400.0
15,0.24080949742347002,0.0242608931341371,0.06982015807695573,99.64734558404066,97.44848568662702,400.0
16,0.250329758040607,0.024030614398980975,0.07003576937609177,99.6559890746279,97.43465634075508,400.0
17,0.2381133632734418,0.023832919997093648,0.07025138199974254,99.66463256521514,97.43465634075508,400.0
18,0.23516313498839736,0.02366236018432178,0.07045861915025171,99.66636126333259,97.4277416678191,400.0
19,0.2315019709058106,0.023514251961567492,0.07066192089538285,99.67327605580238,97.42082699488314,400.0
