,times,train_loss,test_loss,train_acc,test_acc,eta
0,36.11716268397868,0.572259854569392,0.5722393521305499,76.0322,76.074,1.2236921017635911
1,36.21237193001434,0.5174728721035002,0.5171030880483105,77.87437777777778,77.8498,1.2236921017635911
2,68.87563383718953,0.48205007525265864,0.4813639573671372,78.1305111111111,78.1332,1.2236921017635911
3,35.70993159711361,0.4766361464289401,0.4758079475269353,78.23875555555556,78.23519999999999,1.2236921017635911
4,19.663041372783482,0.47498093776265893,0.47409915402649705,78.28313333333332,78.2674,1.2236921017635911
5,36.0135834030807,0.4700503556746541,0.46898802664101824,78.38775555555556,78.3814,1.2236921017635911
6,52.638649156782776,0.46665032148281044,0.46542679256839437,78.47304444444444,78.4654,1.2236921017635911
7,53.08676766324788,0.46491842510466247,0.4636049632631746,78.55622222222222,78.5468,1.2236921017635911
8,19.480566415935755,0.46461747160782885,0.46329889051846507,78.57688888888889,78.5724,1.2236921017635911
9,35.69363916898146,0.46378094462864733,0.4624282559331395,78.62848888888888,78.6216,1.2236921017635911
10,52.39968264615163,0.4626472470564437,0.4612484138960023,78.69926666666666,78.6844,1.2236921017635911
11,35.8102773190476,0.4621500137543997,0.46073361771444543,78.73215555555555,78.7206,1.2236921017635911
12,35.95866466360167,0.46163257681379366,0.4602024045828514,78.76155555555556,78.756,1.2236921017635911
13,35.27027871599421,0.46115967413422043,0.4597161169380959,78.79253333333334,78.7858,1.2236921017635911
14,52.39727368904278,0.46058356431852426,0.4591248592196069,78.83131111111112,78.8276,1.2236921017635911
15,35.934722025413066,0.4602587763128919,0.4587920954496098,78.84973333333333,78.8512,1.2236921017635911
16,19.587444353848696,0.4601402466615199,0.4586707947599265,78.85864444444445,78.8664,1.2236921017635911
17,36.05188182974234,0.45974818226579844,0.4582711425193627,78.88513333333333,78.8826,1.2236921017635911
18,36.04783269530162,0.4594599540112772,0.4579751092676235,78.90066666666667,78.89320000000001,1.2236921017635911
19,35.65302740689367,0.4591913731378386,0.45769966353928154,78.91904444444444,78.905,1.2236921017635911
