,times,train_loss,test_loss,train_acc,test_acc,eta
0,37.45816613500938,0.5642629194185722,0.5641894214832718,76.40806666666667,76.44,0.9474603531792863
1,20.497284546028823,0.5285609376740993,0.5281234865990484,77.90717777777778,77.9114,0.9474603531792863
2,19.816089497879148,0.5088690225475773,0.5082825924679901,77.99617777777777,77.9956,0.9474603531792863
3,36.8844213783741,0.4748330819163095,0.4739740133589709,78.2576,78.2644,0.9474603531792863
4,19.762981608044356,0.47298083976910815,0.47208338921755205,78.28088888888888,78.279,0.9474603531792863
5,19.270013716071844,0.47213314066964956,0.47121154839520785,78.23368888888889,78.2678,0.9474603531792863
6,85.24285409972072,0.4676579486118527,0.46597013677862303,78.49473333333333,78.4706,0.9474603531792863
7,35.83893387392163,0.46604036573571167,0.4643052574328792,78.54202222222222,78.5308,0.9474603531792863
8,36.470272114966065,0.46465096957908397,0.46290458579057786,78.59568888888889,78.5914,0.9474603531792863
9,35.836962771136314,0.4631321000873592,0.46140417092946345,78.66437777777777,78.6614,0.9474603531792863
10,19.779140966944396,0.4625420010977994,0.46083019236576717,78.69453333333334,78.6928,0.9474603531792863
11,54.35441773664206,0.460700439990965,0.45904456917999825,78.79711111111111,78.7958,0.9474603531792863
12,20.083105912897736,0.46040513138846095,0.4587659018245346,78.8168,78.816,0.9474603531792863
13,54.52015954023227,0.4593165901210896,0.4577318816689158,78.89651111111111,78.8748,0.9474603531792863
14,20.495873522013426,0.45915393755431066,0.45757152342759966,78.90746666666666,78.8874,0.9474603531792863
15,20.375641910824925,0.4590160804898041,0.4574473038133913,78.91853333333333,78.9094,0.9474603531792863
16,39.279103620909154,0.4585238885026582,0.4569675132277078,78.95346666666667,78.9452,0.9474603531792863
17,20.193585896398872,0.4584088837880818,0.4568490176706388,78.96000000000001,78.9508,0.9474603531792863
18,18.61237830063328,0.4583017706906743,0.4567441005983749,78.9644,78.9558,0.9474603531792863
19,35.92627713363618,0.4578747772102843,0.4563211206321245,79.0022,78.9702,0.9474603531792863
