,times,train_loss,test_loss,train_acc,test_acc,eta
0,36.772856885101646,0.6905025453896634,0.6906194497633666,54.257822222222224,54.1142,0.0001437525465521851
1,36.53345812018961,0.6894976658105509,0.6897327654036753,54.257822222222224,54.1142,0.0001437525465521851
2,36.4896302530542,0.6894772410509631,0.6897222720250398,54.257822222222224,54.1142,0.0001437525465521851
3,37.75122185982764,0.6894618062121763,0.6897096166175779,54.257822222222224,54.1142,0.0001437525465521851
4,38.71671259729192,0.6892689583476892,0.6895368884306002,54.257822222222224,54.1142,0.0001437525465521851
5,38.486447711940855,0.6882697606855313,0.688580569486808,54.257822222222224,54.1142,0.0001437525465521851
6,38.43466348014772,0.6835652572914127,0.6839591434133698,54.257822222222224,54.1142,0.0001437525465521851
7,39.621692314278334,0.6625448055292799,0.6630593519680662,54.35031111111111,54.207,0.0001437525465521851
8,36.984188340138644,0.5981264278077033,0.5986128091849588,66.2876,66.2304,0.0001437525465521851
9,37.34989182418212,0.5218103570772111,0.5219531907010744,74.71533333333333,74.7142,0.0001437525465521851
10,38.63833478372544,0.4911444385955124,0.4909172775001784,76.74437777777777,76.709,0.0001437525465521851
11,38.881762807723135,0.4868823520244028,0.4865037674840888,76.91435555555556,76.8714,0.0001437525465521851
12,38.519844769034535,0.48606749432786084,0.4856288445201335,76.92922222222222,76.8862,0.0001437525465521851
13,38.9672582577914,0.4856983947284475,0.4852493854293128,76.95564444444445,76.9156,0.0001437525465521851
14,37.84467709995806,0.4825796186902441,0.48201654640858854,77.17795555555556,77.1378,0.0001437525465521851
15,38.856890839058906,0.47760714831139156,0.4768671559978426,77.62777777777778,77.59700000000001,0.0001437525465521851
16,39.8232462182641,0.475839789040123,0.47502157874205964,77.86086666666667,77.8836,0.0001437525465521851
17,38.94569939002395,0.47569685586393823,0.474876357634828,77.91411111111111,77.9288,0.0001437525465521851
18,39.72715037409216,0.4756904537094458,0.4748727101621527,77.92186666666666,77.93,0.0001437525465521851
19,39.36190532706678,0.4756885211899729,0.47487172021479385,77.92291111111112,77.9316,0.0001437525465521851
