,times,train_loss,test_loss,train_acc,test_acc,eta
0,0.6050520408898592,4.123008749818833,4.971516255563571,0.0,0.0,0.003593813663804627
1,0.6215114519000053,2.6926152128299994,3.3672108736835167,0.0,0.0,0.003593813663804627
2,0.56521918438375,1.783739770952459,2.3197209989338177,0.0,0.0,0.003593813663804627
3,0.5644055819138885,1.2062382236238645,1.6317361060389144,0.0,0.0,0.003593813663804627
4,0.6277638101018965,0.8392922978857211,1.1767273623848433,0.0,0.0,0.003593813663804627
5,0.569642529822886,0.6061340964121368,0.873376159856498,0.0,0.0,0.003593813663804627
6,0.611509510781616,0.45798453997729843,0.6692765231498974,0.0,0.0,0.003593813663804627
7,0.588373995386064,0.36385006943550696,0.530544608148365,0.0,0.0,0.003593813663804627
8,0.6048712930642068,0.3040367162932999,0.43518259491629596,0.0,0.0,0.003593813663804627
9,0.565533874090761,0.26603120061576097,0.3688411296781486,0.0,0.0,0.003593813663804627
10,0.5923987929709256,0.24188234038039771,0.3221054237995393,0.0,0.0,0.003593813663804627
11,0.5649436158128083,0.22653810431731095,0.28875700749862393,0.0,0.0,0.003593813663804627
12,0.6534649590030313,0.21678831575310878,0.2646558534757971,0.0,0.0,0.003593813663804627
13,0.6487295543774962,0.21059325550388344,0.247021109428281,0.0,0.0,0.003593813663804627
14,0.5596934678032994,0.2066568812824726,0.2339659842716438,0.0,0.0,0.003593813663804627
15,0.6446129833348095,0.20415568588812985,0.22419609430686638,0.0,0.0,0.003593813663804627
16,0.6905829138122499,0.2025664015277134,0.21681280687523455,0.0,0.0,0.003593813663804627
17,0.6852075830101967,0.20155654688564675,0.2111844439776254,0.0,0.0,0.003593813663804627
18,0.6091460669413209,0.20091486435409803,0.20686126398843854,0.0,0.0,0.003593813663804627
19,0.7731587961316109,0.20050711888806308,0.20351892605251706,0.0,0.0,0.003593813663804627
