,times,train_loss,test_loss,train_acc,test_acc,eta
0,23.881966829299927,,,0.0,0.0,0.6666666666666666
1,23.450229300186038,,,0.0,0.0,0.6666666666666666
2,10.134593016002327,,,0.0,0.0,0.6666666666666666
3,52.36073497496545,,,0.0,0.0,0.6666666666666666
4,10.073763197753578,,,0.0,0.0,0.6666666666666666
5,10.033558215945959,,,0.0,0.0,0.6666666666666666
6,24.074779101181775,,,0.0,0.0,0.6666666666666666
7,10.315788975916803,,,0.0,0.0,0.6666666666666666
8,43.831557324156165,,,0.0,0.0,0.6666666666666666
9,9.90461647696793,,,0.0,0.0,0.6666666666666666
10,10.349218602757901,,,0.0,0.0,0.6666666666666666
11,39.44229348702356,,,0.0,0.0,0.6666666666666666
12,17.89494163217023,,,0.0,0.0,0.6666666666666666
13,23.35118846502155,,,0.0,0.0,0.6666666666666666
14,9.68318607378751,,,0.0,0.0,0.6666666666666666
15,25.16630091611296,,,0.0,0.0,0.6666666666666666
16,24.642027454916388,,,0.0,0.0,0.6666666666666666
17,23.63789123017341,,,0.0,0.0,0.6666666666666666
18,10.155045899562538,,,0.0,0.0,0.6666666666666666
19,23.996093700639904,,,0.0,0.0,0.6666666666666666
