,times,train_loss,test_loss,train_acc,test_acc,eta
0,10.085453362204134,,,0.0,0.0,0.6666666666666666
1,9.68532163510099,,,0.0,0.0,0.6666666666666666
2,23.564923260360956,,,0.0,0.0,0.6666666666666666
3,10.344862452242523,,,0.0,0.0,0.6666666666666666
4,10.52812322974205,,,0.0,0.0,0.6666666666666666
5,73.72089511342347,,,0.0,0.0,0.6666666666666666
6,12.525297299027443,,,0.0,0.0,0.6666666666666666
7,25.3995670536533,,,0.0,0.0,0.6666666666666666
8,25.002689340151846,,,0.0,0.0,0.6666666666666666
9,10.605671786237508,,,0.0,0.0,0.6666666666666666
10,37.62554818158969,,,0.0,0.0,0.6666666666666666
11,23.80977159878239,,,0.0,0.0,0.6666666666666666
12,10.361194247379899,,,0.0,0.0,0.6666666666666666
13,38.864940450992435,,,0.0,0.0,0.6666666666666666
14,24.261744782794267,,,0.0,0.0,0.6666666666666666
15,23.806550153996795,,,0.0,0.0,0.6666666666666666
16,36.184270221274346,,,0.0,0.0,0.6666666666666666
17,10.422234441619366,,,0.0,0.0,0.6666666666666666
18,11.3160061230883,,,0.0,0.0,0.6666666666666666
19,37.94791485881433,,,0.0,0.0,0.6666666666666666
