,times,train_loss,test_loss,train_acc,test_acc,eta
0,27.192278461065143,2893.2943536581415,2778.0742512889756,0.0,0.0,0.07742636826811272
1,27.441788303200155,1558.432926742022,1498.844823005307,0.0,0.0,0.07742636826811272
2,27.519950082991272,307.50555564005805,299.078217046459,0.0,0.0,0.07742636826811272
3,26.940859199967235,63.1397290151083,62.13878786821374,0.0,0.0,0.07742636826811272
4,27.916351513005793,54.96080643104,54.21159234096239,0.0,0.0,0.07742636826811272
5,26.869005384854972,,,0.0,0.0,0.07742636826811272
6,26.980440276209265,,,0.0,0.0,0.07742636826811272
7,27.682613981887698,,,0.0,0.0,0.07742636826811272
8,28.116280087269843,,,0.0,0.0,0.07742636826811272
9,26.83728303387761,,,0.0,0.0,0.07742636826811272
10,26.92901435121894,,,0.0,0.0,0.07742636826811272
11,26.924238860141486,,,0.0,0.0,0.07742636826811272
12,27.028507350943983,,,0.0,0.0,0.07742636826811272
13,27.13143721781671,,,0.0,0.0,0.07742636826811272
14,25.761977922171354,,,0.0,0.0,0.07742636826811272
15,25.4248687941581,,,0.0,0.0,0.07742636826811272
16,27.7424055095762,,,0.0,0.0,0.07742636826811272
17,27.098131786100566,,,0.0,0.0,0.07742636826811272
18,26.998645689804107,,,0.0,0.0,0.07742636826811272
19,27.13346893293783,,,0.0,0.0,0.07742636826811272
