,times,train_loss,test_loss,train_acc,test_acc,eta
0,0.6177420299500227,4.123011059639213,4.971518821770096,0.0,0.0,0.003593813663804627
1,0.6228247405961156,2.692617529720648,3.367213513217944,0.0,0.0,0.003593813663804627
2,0.6486339489929378,1.7837403423125142,2.3197216733199557,0.0,0.0,0.003593813663804627
3,0.6487543322145939,1.206238677065389,1.6317366614939042,0.0,0.0,0.003593813663804627
4,0.6298167509958148,0.8392924963584837,1.1767276179762054,0.0,0.0,0.003593813663804627
5,0.6411162610165775,0.6061339241115717,0.873375932090576,0.0,0.0,0.003593813663804627
6,0.6503587998449802,0.4579844108080046,0.6692763416081021,0.0,0.0,0.003593813663804627
7,0.6568730100989342,0.3638499210270042,0.5305443828458133,0.0,0.0,0.003593813663804627
8,0.6506872358731925,0.3040366374441823,0.43518246548043416,0.0,0.0,0.003593813663804627
9,0.6613376792520285,0.2660311117118323,0.36884096800514166,0.0,0.0,0.003593813663804627
10,0.6548503329977393,0.2418822885973379,0.322105319024671,0.0,0.0,0.003593813663804627
11,0.6473441049456596,0.22653807730999403,0.28875694615785075,0.0,0.0,0.003593813663804627
12,0.6486533861607313,0.21678829865535343,0.26465580914158904,0.0,0.0,0.003593813663804627
13,0.653130036778748,0.21059324810033472,0.24702108756241523,0.0,0.0,0.003593813663804627
14,0.6432217918336391,0.2066568802834366,0.2339659813616517,0.0,0.0,0.003593813663804627
15,0.6397811300121248,0.20415568268534173,0.22419608097380375,0.0,0.0,0.003593813663804627
16,0.6543628037907183,0.20256639869343496,0.21681279251146574,0.0,0.0,0.003593813663804627
17,0.6442231447435915,0.20155654449252747,0.21118442902589107,0.0,0.0,0.003593813663804627
18,0.6400114172138274,0.20091486205917436,0.20686124620290278,0.0,0.0,0.003593813663804627
19,0.646188270766288,0.20050711742219227,0.20351891152213827,0.0,0.0,0.003593813663804627
