,times,train_loss,test_loss,train_acc,test_acc,eta
0,0.21119186002761126,0.626847083671794,0.6270226291983008,80.14244472487769,80.52828101230811,0.3097054730724509
1,0.2913748719729483,0.10823210850192932,0.1156768451265584,96.90908776600342,96.38362605448762,0.3097054730724509
2,0.3136633113026619,0.04523924547406415,0.07429052923256238,98.76398084602486,97.08892269395658,0.3097054730724509
3,0.342170805670321,0.029617867904523962,0.07253194097137855,99.39149826265839,97.37242428433134,0.3097054730724509
4,0.3770171357318759,0.026196224808993814,0.07424592189743053,99.57128286687296,97.38625363020329,0.3097054730724509
5,0.3968906640075147,0.024500936468824334,0.0763471902394507,99.67500475391982,97.25487484441986,0.3097054730724509
6,0.42821692395955324,0.023616444625708027,0.07573105978862989,99.69402043321175,97.27561886322776,0.3097054730724509
7,0.4532908978872001,0.023133731436743504,0.07546044043864106,99.70612132003389,97.28253353616374,0.3097054730724509
8,0.4777209796011448,0.02283604419096283,0.07580981442185991,99.71130741438623,97.33093624671552,0.3097054730724509
9,0.5103698899038136,0.02265765526223594,0.0747749430086726,99.71130741438623,97.31019222790762,0.3097054730724509
10,0.5419646352529526,0.022691915072765738,0.07564713800330645,99.71649350873857,97.34476559258746,0.3097054730724509
11,0.5416373121552169,0.022978931416473097,0.07481739680272884,99.69402043321175,97.37933895726732,0.3097054730724509
12,0.5418899278156459,0.02417013732962635,0.07825660037803742,99.66981865956748,97.35168026552344,0.3097054730724509
13,0.5402282876893878,0.03257826187301597,0.08838031653317749,99.48311926288312,97.08200802102061,0.3097054730724509
14,0.5432071657851338,0.10853954517533831,0.14753777386754163,98.24191401455563,96.88148250587747,0.3097054730724509
15,0.5431059286929667,0.04268905239909031,0.10360417587881848,99.15812401680294,96.79850643064583,0.3097054730724509
16,0.5465768962167203,0.2845027986809235,0.29117159989839286,98.4649160717064,96.7362743742221,0.3097054730724509
17,0.5480173886753619,2.8909057706823598,1.9778267684182862,94.51484087333829,92.44917715392062,0.3097054730724509
18,0.5507792383432388,inf,inf,75.60806956281225,74.11837920066381,0.3097054730724509
19,0.5474107256159186,,,0.03976005670129723,0.01382934587194029,0.3097054730724509
