,times,train_loss,test_loss,train_acc,test_acc,eta
0,0.21167947398498654,0.5199721735006332,0.5202477144504976,84.26020364063824,84.50421795049094,1.113023760882849
1,0.2911869981326163,0.06848621760623928,0.08615595696650247,98.15547910868325,97.11658138570046,1.113023760882849
2,0.3147469353862107,0.06187467791055121,0.10279845174711265,98.30414714678376,96.68787166367031,1.113023760882849
3,0.3444874528795481,0.060370921905059084,0.12053108439564827,98.7726243366121,96.69478633660628,1.113023760882849
4,0.370326837990433,0.5493328004912379,0.4048731710425352,98.32489152419313,96.96445858110911,1.113023760882849
5,0.4039495871402323,22.178594026594318,2.6838246066269424,99.0371151485816,97.08200802102061,1.113023760882849
6,0.42762953508645296,0.0883048985353978,0.14817388633513742,98.74496516673294,96.63946895311852,1.113023760882849
7,0.44639874109998345,0.7731096241689721,0.48730267526145965,99.14602312998082,97.19264278799612,1.113023760882849
8,0.4735124255530536,0.10129003642000795,0.14985683411181147,98.22462703338115,96.58415156963076,1.113023760882849
9,0.5040908241644502,28.983547257548867,23.055101564575143,60.60988469583557,61.132623426911906,1.113023760882849
10,0.5316480929031968,,,0.03976005670129723,0.01382934587194029,1.113023760882849
11,0.5298081422224641,,,0.03976005670129723,0.01382934587194029,1.113023760882849
12,0.5353356818668544,,,0.03976005670129723,0.01382934587194029,1.113023760882849
13,0.5283745122142136,,,0.03976005670129723,0.01382934587194029,1.113023760882849
14,0.5247925431467593,,,0.03976005670129723,0.01382934587194029,1.113023760882849
15,0.5213454011827707,,,0.03976005670129723,0.01382934587194029,1.113023760882849
16,0.5227954969741404,,,0.03976005670129723,0.01382934587194029,1.113023760882849
17,0.5234157699160278,,,0.03976005670129723,0.01382934587194029,1.113023760882849
18,0.5244152802042663,,,0.03976005670129723,0.01382934587194029,1.113023760882849
19,0.5224341163411736,,,0.03976005670129723,0.01382934587194029,1.113023760882849
