,times,train_loss,test_loss,train_acc,test_acc,eta
0,24.279194144997746,,,0.0,0.0,0.6666666666666666
1,24.38025417132303,,,0.0,0.0,0.6666666666666666
2,24.42956793634221,,,0.0,0.0,0.6666666666666666
3,25.699695501942188,,,0.0,0.0,0.6666666666666666
4,22.955085932277143,,,0.0,0.0,0.6666666666666666
5,9.852012068033218,,,0.0,0.0,0.6666666666666666
6,35.46201497223228,,,0.0,0.0,0.6666666666666666
7,23.102600190322846,,,0.0,0.0,0.6666666666666666
8,26.40327847795561,,,0.0,0.0,0.6666666666666666
9,10.095195181202143,,,0.0,0.0,0.6666666666666666
10,24.64234160259366,,,0.0,0.0,0.6666666666666666
11,39.77787666860968,,,0.0,0.0,0.6666666666666666
12,50.76534297084436,,,0.0,0.0,0.6666666666666666
13,9.454264937434345,,,0.0,0.0,0.6666666666666666
14,9.353987507987767,,,0.0,0.0,0.6666666666666666
15,23.719494075048715,,,0.0,0.0,0.6666666666666666
16,9.39848041208461,,,0.0,0.0,0.6666666666666666
17,9.382173188962042,,,0.0,0.0,0.6666666666666666
18,9.35697622783482,,,0.0,0.0,0.6666666666666666
19,80.72059172205627,,,0.0,0.0,0.6666666666666666
