,times,train_loss,test_loss,train_acc,test_acc,eta
0,39.47302924422547,,,0.0,0.0,0.6809991926337756
1,24.876011705957353,,,0.0,0.0,0.6809991926337756
2,9.776836047880352,,,0.0,0.0,0.6809991926337756
3,23.729705441743135,,,0.0,0.0,0.6809991926337756
4,30.366938086692244,,,0.0,0.0,0.6809991926337756
5,10.772234424948692,,,0.0,0.0,0.6809991926337756
6,25.14772881101817,,,0.0,0.0,0.6809991926337756
7,9.694699972867966,,,0.0,0.0,0.6809991926337756
8,37.50734705897048,,,0.0,0.0,0.6809991926337756
9,9.461894972715527,,,0.0,0.0,0.6809991926337756
10,24.588636646047235,,,0.0,0.0,0.6809991926337756
11,9.6757448669523,,,0.0,0.0,0.6809991926337756
12,36.085393940098584,,,0.0,0.0,0.6809991926337756
13,50.75703794602305,,,0.0,0.0,0.6809991926337756
14,22.70136015303433,,,0.0,0.0,0.6809991926337756
15,22.912662649992853,,,0.0,0.0,0.6809991926337756
16,36.612246718257666,,,0.0,0.0,0.6809991926337756
17,10.11320516327396,,,0.0,0.0,0.6809991926337756
18,9.414912594947964,,,0.0,0.0,0.6809991926337756
19,36.42944810865447,,,0.0,0.0,0.6809991926337756
