,times,train_loss,test_loss,train_acc,test_acc,eta
0,4.022636839188635,0.49994018530273715,0.51029408221137,0.0,0.0,0.00012915496650148838
1,4.05753337033093,0.49628992517508924,0.5064780079250665,0.0,0.0,0.00012915496650148838
2,4.086510925088078,0.48866583194769664,0.4985696621077037,0.0,0.0,0.00012915496650148838
3,4.090346557088196,0.48093052872150827,0.49057533990369595,0.0,0.0,0.00012915496650148838
4,4.094766356050968,0.47185489400834046,0.4812402353440551,0.0,0.0,0.00012915496650148838
5,4.133937977720052,0.4637622015510314,0.4729977355692427,0.0,0.0,0.00012915496650148838
6,4.355385200120509,0.4583521346999621,0.4673844689552754,0.0,0.0,0.00012915496650148838
7,4.3307377877645195,0.4546529310641328,0.46352931302588035,0.0,0.0,0.00012915496650148838
8,4.168263908009976,0.450067200067154,0.45876758726187755,0.0,0.0,0.00012915496650148838
9,4.205418459605426,0.44388957264794726,0.4524305281982565,0.0,0.0,0.00012915496650148838
10,4.210515935905278,0.43597154899264107,0.44436047283846475,0.0,0.0,0.00012915496650148838
11,4.220297270920128,0.4284728033981435,0.43655815748347626,0.0,0.0,0.00012915496650148838
12,4.205149322282523,0.4227751280364292,0.4308293601648107,0.0,0.0,0.00012915496650148838
13,4.209867577068508,0.4185055516270072,0.42633414928799834,0.0,0.0,0.00012915496650148838
14,4.192390303127468,0.4153891700026502,0.42298702113863684,0.0,0.0,0.00012915496650148838
15,4.26028687832877,0.4130308574362052,0.42053045993507876,0.0,0.0,0.00012915496650148838
16,4.193772478029132,0.41119910480392274,0.4186397776024925,0.0,0.0,0.00012915496650148838
17,4.2385092712938786,0.4098261194211703,0.4171680448174938,0.0,0.0,0.00012915496650148838
18,4.188446005806327,0.40862235711176864,0.41586639541954346,0.0,0.0,0.00012915496650148838
19,4.209638692904264,0.4076183872985661,0.41480309167881807,0.0,0.0,0.00012915496650148838
