,times,train_loss,test_loss,train_acc,test_acc,eta
0,4.310043631121516,0.4436048006444022,0.45243069302835387,0.0,0.0,0.27825594022071226
1,4.310162290930748,,,0.0,0.0,0.27825594022071226
2,4.325265778228641,,,0.0,0.0,0.27825594022071226
3,4.365427662152797,,,0.0,0.0,0.27825594022071226
4,4.36383170960471,,,0.0,0.0,0.27825594022071226
5,4.391744054853916,,,0.0,0.0,0.27825594022071226
6,4.313814736902714,,,0.0,0.0,0.27825594022071226
7,4.258906826376915,,,0.0,0.0,0.27825594022071226
8,4.15527059789747,,,0.0,0.0,0.27825594022071226
9,4.138870564755052,,,0.0,0.0,0.27825594022071226
10,4.154216677416116,,,0.0,0.0,0.27825594022071226
11,4.163261333014816,,,0.0,0.0,0.27825594022071226
12,4.14406331628561,,,0.0,0.0,0.27825594022071226
13,4.220117861870676,,,0.0,0.0,0.27825594022071226
14,4.186154814902693,,,0.0,0.0,0.27825594022071226
15,4.16608516825363,,,0.0,0.0,0.27825594022071226
16,4.151129695121199,,,0.0,0.0,0.27825594022071226
17,4.162307779304683,,,0.0,0.0,0.27825594022071226
18,4.1579367043450475,,,0.0,0.0,0.27825594022071226
19,4.160162513144314,,,0.0,0.0,0.27825594022071226
