,times,train_loss,test_loss,train_acc,test_acc,eta
0,0.6791095598600805,2.8410638407501554,2.766028091316496,90.24285714285715,90.49955834723721,0.6666666666666666
1,0.7010063789784908,3.077427949587743,2.996068368603581,90.24285714285715,90.49955834723721,0.6666666666666666
2,0.3918510880321264,0.695255924864129,0.676745714438341,90.24285714285715,90.49955834723721,0.6666666666666666
3,1.0346343107521534,3.004369934525287,2.924622477488747,90.24285714285715,90.49955834723721,0.6666666666666666
4,0.7119945571757853,3.104302451312975,3.021881653110269,90.24285714285715,90.49955834723721,0.6666666666666666
5,0.37205599807202816,4.961075112843662,4.829335212294264,90.24285714285715,90.49955834723721,0.6666666666666666
6,0.364177614916116,0.493862074978773,0.48027417854539567,90.24285714285715,90.49955834723721,0.6666666666666666
7,0.29705655900761485,3.082921281944081,3.000782150556468,90.24285714285715,90.49955834723721,0.6666666666666666
8,0.9682624572888017,2.3821184940769995,2.3180025484146447,90.24285714285715,90.49955834723721,0.6666666666666666
9,0.6140137459151447,1.0374687324306293,1.0086627421604535,90.24285714285715,90.49955834723721,0.6666666666666666
10,0.9187705279327929,3.45877122347518,3.3657321459532414,90.24285714285715,90.49955834723721,0.6666666666666666
11,0.8804653128609061,2.233587921536681,2.1727127287527934,90.24285714285715,90.49955834723721,0.6666666666666666
12,0.5731593500822783,4.703273079601716,4.576931437240952,90.24285714285715,90.49955834723721,0.6666666666666666
13,0.27437007520347834,1.7824451423017662,1.733114039207161,90.24285714285715,90.49955834723721,0.6666666666666666
14,0.6075137299485505,3.25657967510877,3.168091968996817,90.24285714285715,90.49955834723721,0.6666666666666666
15,0.8917190227657557,5.242196011028319,5.100838355552413,90.24285714285715,90.49955834723721,0.6666666666666666
16,0.2726887855678797,1.7075521328251515,1.659518514544912,90.24285714285715,90.49955834723721,0.6666666666666666
17,0.30383969098329544,1.5005777597625294,1.5016079030040235,9.757142857142853,9.500441652762788,0.6666666666666666
18,0.9743405538611114,2.3822270319119565,2.3159202372537693,90.24285714285715,90.49955834723721,0.6666666666666666
19,0.6054572826251388,0.6674873991731859,0.6647747466595094,69.46571428571428,69.46598183225919,0.6666666666666666
