,times,train_loss,test_loss,train_acc,test_acc,eta
0,1.0489595420658588,0.31963458020962826,0.31391291290816886,90.24285714285715,90.49955834723721,0.9474603531792863
1,0.4344657538458705,0.31958607397749583,0.313858595400714,90.24285714285715,90.49955834723721,0.9474603531792863
2,1.4457131689414382,0.3194125912601096,0.31366424597683357,90.24285714285715,90.49955834723721,0.9474603531792863
3,1.100356528069824,0.3193067781656222,0.3135456488361277,90.24285714285715,90.49955834723721,0.9474603531792863
4,0.4352923110127449,0.31925866563851113,0.3134917395697655,90.24285714285715,90.49955834723721,0.9474603531792863
5,0.43464450910687447,0.319210629009772,0.31343766245759425,90.24285714285715,90.49955834723721,0.9474603531792863
6,0.43263881281018257,0.31916266851011665,0.31338412426051415,90.24285714285715,90.49955834723721,0.9474603531792863
7,0.4244996649213135,0.3191147831337754,0.31333006653553525,90.24285714285715,90.49955834723721,0.9474603531792863
8,0.7525071068666875,0.31890671523358766,0.3130965596157053,90.24285714285715,90.49955834723721,0.9474603531792863
9,0.4257315411232412,0.31885912318505893,0.3130431188152562,90.24285714285715,90.49955834723721,0.9474603531792863
10,1.300486521795392,0.3185276071024227,0.3126699909699269,90.24285714285715,90.49955834723721,0.9474603531792863
11,0.6614312683232129,0.3184219405133585,0.3125507857242273,90.24285714285715,90.49955834723721,0.9474603531792863
12,0.3564554969780147,0.31837487395518,0.3124979083594892,90.24285714285715,90.49955834723721,0.9474603531792863
13,0.38197272596880794,0.3183278809752256,0.31244472665480016,90.24285714285715,90.49955834723721,0.9474603531792863
14,1.032358843833208,0.3181075542431589,0.312196323801111,90.24285714285715,90.49955834723721,0.9474603531792863
15,1.0656326618045568,0.3179744651893509,0.31204598097271047,90.24285714285715,90.49955834723721,0.9474603531792863
16,0.3992289528250694,0.3179279181658388,0.3119935552643308,90.24285714285715,90.49955834723721,0.9474603531792863
17,1.0008360059000552,0.31774066693074127,0.3117818039473185,90.24285714285715,90.49955834723721,0.9474603531792863
18,1.0025018132291734,0.3176052962661928,0.31162867550681905,90.24285714285715,90.49955834723721,0.9474603531792863
19,1.258140949998051,0.31747638963945807,0.31148278532975476,90.24285714285715,90.49955834723721,0.9474603531792863
