,times,train_loss,test_loss,train_acc,test_acc,eta
0,0.6285762321203947,22.633690504783733,22.02939315205981,90.24285714285715,90.49955834723721,400.0
1,0.656943776179105,0.31943174556873355,0.31213383574198317,90.24285714285715,90.49955834723721,400.0
2,0.6311548766680062,22.619551679389957,22.01426221699349,90.24285714285715,90.49955834723721,400.0
3,0.6443426278419793,7.435155644572317,7.459621494466541,9.757142857142853,9.500441652762788,400.0
4,0.6634084982797503,7.281665318935712,7.086463888274251,90.24285714285715,90.49955834723721,400.0
5,0.6564601389691234,26.60267190264699,25.88829880738842,90.24285714285715,90.49955834723721,400.0
6,0.6560941422358155,34.560191461792726,33.62882425511056,90.24285714285715,90.49955834723721,400.0
7,0.7197062731720507,10.18340588824211,9.909592216763516,90.24285714285715,90.49955834723721,400.0
8,0.7286839690059423,34.49680711765291,33.566275621205925,90.24285714285715,90.49955834723721,400.0
9,0.7477134671062231,1.0431418112600708,1.0108200813062733,90.24285714285715,90.49955834723721,400.0
10,0.7513512638397515,0.35144124721686043,0.34336585742695014,90.24285714285715,90.50064884788607,400.0
11,0.7475326270796359,30.67933378676084,29.85097043217627,90.24285714285715,90.49955834723721,400.0
12,0.74621413461864,0.30926192026941557,0.29922932504908534,90.24285714285715,90.49955834723721,400.0
13,0.718262854963541,30.811189569605908,29.97790938839265,90.24285714285715,90.49955834723721,400.0
14,0.7369935908354819,3.9725434765244683,3.8597820005757475,90.24285714285715,90.49955834723721,400.0
15,0.7325526317581534,0.2919802737116977,0.27828154571179453,90.24285714285715,90.49955834723721,400.0
16,0.7186842709779739,27.675092545608333,26.92484333538808,90.24285714285715,90.49955834723721,400.0
17,0.7250441987998784,27.007299394844622,26.274338658358683,90.24285714285715,90.49955834723721,400.0
18,0.7273157918825746,30.31083140607684,29.487525402393707,90.24285714285715,90.49955834723721,400.0
19,0.7051975829526782,0.28777278941171325,0.2717508699477187,90.24285714285715,90.49955834723721,400.0
