,times,train_loss,test_loss,train_acc,test_acc,eta
0,0.735860793851316,0.3196566254769482,0.3139369173912254,90.24285714285715,90.49955834723721,8.617738760127532
1,0.7469117040745914,0.3195990410054107,0.3138725984830914,90.24285714285715,90.49955834723721,8.617738760127532
2,0.7124688290059566,0.3195415375861871,0.31380823232373395,90.24285714285715,90.49955834723721,8.617738760127532
3,0.7139268661849201,0.31948411480878264,0.313743888632798,90.24285714285715,90.49955834723721,8.617738760127532
4,0.716422688215971,0.31942677238969125,0.3136796334832579,90.24285714285715,90.49955834723721,8.617738760127532
5,0.7190448171459138,0.3193695102148702,0.3136154055326916,90.24285714285715,90.49955834723721,8.617738760127532
6,0.8365622810088098,0.31931232812177457,0.3135512420587874,90.24285714285715,90.49955834723721,8.617738760127532
7,0.8836989440023899,0.3192552258341964,0.31348723082527663,90.24285714285715,90.49955834723721,8.617738760127532
8,0.8399850889109075,0.31919820334343874,0.3134231791903429,90.24285714285715,90.49955834723721,8.617738760127532
9,0.8070271830074489,0.3191412601675083,0.3133593669223733,90.24285714285715,90.49955834723721,8.617738760127532
10,0.7946849791333079,0.319084396355746,0.3132955243502471,90.24285714285715,90.49955834723721,8.617738760127532
11,0.7937371009029448,0.31902761161595755,0.3132317591734897,90.24285714285715,90.49955834723721,8.617738760127532
12,0.7941454397514462,0.31897090606733913,0.31316823189392695,90.24285714285715,90.49955834723721,8.617738760127532
13,0.7290884451940656,0.3189142787704304,0.31310441029312713,90.24285714285715,90.49955834723721,8.617738760127532
14,0.7228142558597028,0.3188577303566458,0.3130408270636821,90.24285714285715,90.49955834723721,8.617738760127532
15,0.7859367970377207,0.3188012602584289,0.31297736064144427,90.24285714285715,90.49955834723721,8.617738760127532
16,0.8415202707983553,0.31874486835387483,0.3129139260491902,90.24285714285715,90.49955834723721,8.617738760127532
17,0.7650231141597033,0.31868855449857836,0.3128505229617858,90.24285714285715,90.49955834723721,8.617738760127532
18,0.7772807399742305,0.31863231846449963,0.3127872740249951,90.24285714285715,90.49955834723721,8.617738760127532
19,0.7596176518127322,0.3185761601680306,0.31272410174976484,90.24285714285715,90.49955834723721,8.617738760127532
