,times,train_loss,test_loss,train_acc,test_acc,eta
0,0.22347935196012259,0.3685279771075428,0.3692293987245881,90.123947655021,90.11201770156272,3.9999999999999996
1,0.3122623600065708,0.10700075283215182,0.13901067277736992,96.66534133144329,95.52620661042732,3.9999999999999996
2,0.3297171127051115,0.19158191344638845,0.225693442241402,97.83048386260307,96.6671276448624,3.9999999999999996
3,0.3660806231200695,inf,inf,1.261949625736861,2.952565343659245,3.9999999999999996
4,0.39249890483915806,,,0.03976005670129723,0.01382934587194029,3.9999999999999996
5,0.4260595007799566,,,0.03976005670129723,0.01382934587194029,3.9999999999999996
6,0.4554794658906758,,,0.03976005670129723,0.01382934587194029,3.9999999999999996
7,0.4673662022687495,,,0.03976005670129723,0.01382934587194029,3.9999999999999996
8,0.4940069089643657,,,0.03976005670129723,0.01382934587194029,3.9999999999999996
9,0.5246163997799158,,,0.03976005670129723,0.01382934587194029,3.9999999999999996
10,0.5557122323662043,,,0.03976005670129723,0.01382934587194029,3.9999999999999996
11,0.5531070348806679,,,0.03976005670129723,0.01382934587194029,3.9999999999999996
12,0.5451419157907367,,,0.03976005670129723,0.01382934587194029,3.9999999999999996
13,0.5409056721255183,,,0.03976005670129723,0.01382934587194029,3.9999999999999996
14,0.5372731518000364,,,0.03976005670129723,0.01382934587194029,3.9999999999999996
15,0.533370666205883,,,0.03976005670129723,0.01382934587194029,3.9999999999999996
16,0.5735312779434025,,,0.03976005670129723,0.01382934587194029,3.9999999999999996
17,0.6194930151104927,,,0.03976005670129723,0.01382934587194029,3.9999999999999996
18,0.6245065219700336,,,0.03976005670129723,0.01382934587194029,3.9999999999999996
19,0.6343189054168761,,,0.03976005670129723,0.01382934587194029,3.9999999999999996
