,times,train_loss,test_loss,train_acc,test_acc,eta
0,0.2142856428399682,0.6914890428132939,0.6914947585768371,78.19938804086642,78.41239109390126,0.006672402148800233
1,0.2910735150799155,0.34268563897822685,0.3432244174153531,90.123947655021,90.2295671414742,0.006672402148800233
2,0.3243321911431849,0.217657290487289,0.21893879922066523,93.43959064428579,93.56243949661182,0.006672402148800233
3,0.34744767425581813,0.14722821070124031,0.1501710394870451,95.26163846007572,95.09749688839717,0.006672402148800233
4,0.38227408891543746,0.11041438562171696,0.1159378152879728,96.24181029266859,95.76822016318629,0.006672402148800233
5,0.40462919790297747,0.09279883143512101,0.1005777978313151,96.75869102978547,96.2522472687042,0.006672402148800233
6,0.438268078956753,0.0824383884617018,0.09264398448169239,97.18222206856016,96.53574885907896,0.006672402148800233
7,0.45888011576607823,0.07401523087877293,0.08688274665273817,97.56080695628123,96.92297054349329,0.006672402148800233
8,0.48769580014050007,0.06613379916658041,0.08262110780824182,97.87370131553926,96.90914119762135,0.006672402148800233
9,0.5203331257216632,0.060249753956991184,0.07993374371292043,98.11053295762962,96.99903194578897,0.006672402148800233
10,0.5461990521289408,0.05550183019559574,0.07790569063478532,98.32316282607569,96.99903194578897,0.006672402148800233
11,0.5484426780603826,0.050835362116276296,0.07583081729902957,98.58938233616263,97.08200802102061,0.006672402148800233
12,0.5503734452649951,0.04577133955120927,0.07533992913092455,98.70347641191418,97.1096667127645,0.006672402148800233
13,0.5550504801794887,0.042968588702475566,0.0761113714955288,98.78991131778658,97.12349605863642,0.006672402148800233
14,0.5572580080479383,0.04131892089520457,0.07675076194563728,98.86078794060194,97.1304107315724,0.006672402148800233
15,0.5539351161569357,0.03979349699789193,0.07685845097247766,98.94203675212198,97.17881344212418,0.006672402148800233
16,0.5634080362506211,0.03820812475065602,0.07631433248049062,99.02501426175947,97.24104549854792,0.006672402148800233
17,0.5608624182641506,0.03561591511255097,0.07561085840256648,99.09934828080972,97.1995574609321,0.006672402148800233
18,0.5602316660806537,0.03441258652003819,0.07534266489204,99.17022490362508,97.23413082561194,0.006672402148800233
19,0.5596460341475904,0.03337590532873249,0.0756532233646202,99.24628762079278,97.23413082561194,0.006672402148800233
