,times,train_loss,test_loss,train_acc,test_acc,eta
0,0.21512631606310606,0.519887299703548,0.5201639896551739,84.27576192369527,84.51804729636288,1.113023760882849
1,0.29463139083236456,0.06576193812639515,0.08376052144469828,98.11399035386451,97.0612640022127,1.113023760882849
2,0.3212404199875891,0.06766043264830543,0.10167140524986927,97.99989627811296,96.54266353201494,1.113023760882849
3,0.3490876639261842,0.14513611354523567,0.17216324545074738,96.24008159455114,95.08366754252523,1.113023760882849
4,0.3847339302301407,inf,inf,1.3656715127837202,3.574885907896558,1.113023760882849
5,0.4048039708286524,,,0.03976005670129723,0.01382934587194029,1.113023760882849
6,0.42663004994392395,,,0.03976005670129723,0.01382934587194029,1.113023760882849
7,0.4554479490034282,,,0.03976005670129723,0.01382934587194029,1.113023760882849
8,0.4812452378682792,,,0.03976005670129723,0.01382934587194029,1.113023760882849
9,0.514035657979548,,,0.03976005670129723,0.01382934587194029,1.113023760882849
10,0.53893879102543,,,0.03976005670129723,0.01382934587194029,1.113023760882849
11,0.5396682377904654,,,0.03976005670129723,0.01382934587194029,1.113023760882849
12,0.5428633480332792,,,0.03976005670129723,0.01382934587194029,1.113023760882849
13,0.5374839096330106,,,0.03976005670129723,0.01382934587194029,1.113023760882849
14,0.5389594859443605,,,0.03976005670129723,0.01382934587194029,1.113023760882849
15,0.5378729430958629,,,0.03976005670129723,0.01382934587194029,1.113023760882849
16,0.537975877057761,,,0.03976005670129723,0.01382934587194029,1.113023760882849
17,0.5277255671098828,,,0.03976005670129723,0.01382934587194029,1.113023760882849
18,0.5391312870196998,,,0.03976005670129723,0.01382934587194029,1.113023760882849
19,0.5371487392112613,,,0.03976005670129723,0.01382934587194029,1.113023760882849
