,times,train_loss,test_loss,train_acc,test_acc,eta
0,0.3311588056385517,0.37420732001227874,0.3745055230786186,88.64072467025083,88.57004563684137,2.0396183152034384
1,0.3112862128764391,0.24481257845713364,0.24580023745448581,92.44904662298822,92.73959341723136,2.0396183152034384
2,0.28801692510023713,0.21540975526447736,0.21689042227527297,93.62283264473525,93.73530632001106,2.0396183152034384
3,0.2633074731566012,0.20723208931665157,0.20906571317817738,94.10168202326828,94.23316277140091,2.0396183152034384
4,0.26944465842098,0.20011457875628907,0.20225443141900212,94.41976247687866,94.4890056700318,2.0396183152034384
5,0.29331695893779397,0.16999615386053527,0.17315706099861727,95.33424378100852,95.09749688839717,2.0396183152034384
6,0.27447219006717205,0.16645142311905467,0.16979399234305598,95.45525264922986,95.22887567418061,2.0396183152034384
7,0.314768536016345,0.1353454867353175,0.14007034433782659,96.10005704703788,95.64375605033882,2.0396183152034384
8,0.26964674703776836,0.13372023940521707,0.1385667052017195,96.16574757550089,95.73364679850643,2.0396183152034384
9,0.2667046608403325,0.13219988244451786,0.13717430455487412,96.23316680208136,95.76822016318629,2.0396183152034384
10,0.26398064801469445,0.13076258276406585,0.1358688845616185,96.32478780230608,95.84428156548195,2.0396183152034384
11,0.26630448922514915,0.12939425529978088,0.13463500470513026,96.3801061420644,95.88576960309777,2.0396183152034384
12,0.29169047297909856,0.11775689778901478,0.1238423359157208,96.67571352014798,96.11395380998479,2.0396183152034384
13,0.2688216310925782,0.1168440677647646,0.1230598983470967,96.70337269002714,96.1346978287927,2.0396183152034384
14,0.3057355680502951,0.10345307046983993,0.11089555554155714,97.02318184175498,96.36288203567972,2.0396183152034384
15,0.2835047380067408,0.09908653629078992,0.10706267990258064,97.11480284197971,96.45277278384732,2.0396183152034384
16,0.326273653190583,0.09214612124313211,0.10107120618464713,97.29977354054661,96.6671276448624,2.0396183152034384
17,0.2890736781992018,0.09044352548398973,0.09968099538739367,97.33953359724791,96.68095699073434,2.0396183152034384
18,0.3096624477766454,0.08796432343352344,0.09769730692054795,97.41732501253306,96.82616512238971,2.0396183152034384
19,0.2876553093083203,0.08686492338338316,0.09684813505643287,97.47610074852628,96.86073848706957,2.0396183152034384
