,times,train_loss,test_loss,train_acc,test_acc,eta
0,0.3030343586578965,0.1517141934604281,0.15596762224754954,96.0067073486957,95.6230120315309,0.6666666666666666
1,0.26836977107450366,0.1173380695540176,0.12436070793073613,96.91600255847321,96.3213939980639,0.6666666666666666
2,0.24504131311550736,0.10608480435605025,0.11465767035231836,97.23062561584871,96.54266353201494,0.6666666666666666
3,0.30468865344300866,0.07860186739707514,0.09134174239258708,97.8131968814286,97.03360531046881,0.6666666666666666
4,0.2694957870990038,0.0730098473224053,0.08739722296328652,98.01545456116999,97.17189876918822,0.6666666666666666
5,0.30624378798529506,0.06710773765053314,0.08350334171118456,98.22808442961606,97.22721615267598,0.6666666666666666
6,0.31141746463254094,0.06334119595308119,0.0812378566435486,98.36465158089443,97.27561886322776,0.6666666666666666
7,0.24333833809942007,0.06178168428907464,0.08033531783867318,98.42342731688765,97.27561886322776,0.6666666666666666
8,0.2646802510134876,0.05852999505945726,0.07850242902933588,98.56172316628347,97.31710690084358,0.6666666666666666
9,0.2477701250463724,0.057309697492068226,0.07783810873313637,98.59975452486732,97.34476559258746,0.6666666666666666
10,0.2613369980826974,0.05476186391349704,0.07648188152345216,98.6965616194444,97.37242428433134,0.6666666666666666
11,0.25141088012605906,0.05377191940799546,0.07597006690687085,98.73459297802825,97.38625363020329,0.6666666666666666
12,0.24388638278469443,0.0528379233555029,0.07549545607470591,98.76225214790742,97.36550961139538,0.6666666666666666
13,0.2613306879065931,0.049631018463878546,0.07393016929140059,98.88671841236365,97.39316830313926,0.6666666666666666
14,0.2788467141799629,0.046950762540277566,0.07270999106239634,98.97661071447094,97.40008297607523,0.6666666666666666
15,0.2598309023305774,0.04578027927239685,0.07220233436121666,99.02674295987691,97.4277416678191,0.6666666666666666
16,0.26415344793349504,0.044752439739109556,0.0717698558099359,99.06823171469566,97.44157101369105,0.6666666666666666
17,0.2630290207453072,0.0436407022730403,0.07131859491428832,99.09416218645738,97.44157101369105,0.6666666666666666
18,0.27080192882567644,0.04273076748431284,0.0709636527752795,99.1200926582191,97.44157101369105,0.6666666666666666
19,0.2421593782491982,0.04229080938440566,0.07079656224294023,99.14083703562846,97.43465634075508,0.6666666666666666
