,times,train_loss,test_loss,train_acc,test_acc,eta
0,0.705427945125848,0.3195846532716926,0.3138561221037903,90.24285714285715,90.49955834723721,0.6666666666666666
1,0.39227892318740487,0.31946996093532115,0.3137273924802977,90.24285714285715,90.49955834723721,0.6666666666666666
2,0.3940889881923795,0.31935566597007703,0.31360039195292244,90.24285714285715,90.49955834723721,0.6666666666666666
3,0.39359460584819317,0.3192417757031731,0.3134733929544284,90.24285714285715,90.49955834723721,0.6666666666666666
4,1.3533399850130081,0.31867844501507725,0.3128391381304873,90.24285714285715,90.49955834723721,0.6666666666666666
5,0.7177947438322008,0.3184903803151916,0.3126271415590176,90.24285714285715,90.49955834723721,0.6666666666666666
6,0.4062425890006125,0.3183787535538004,0.31250064766978636,90.24285714285715,90.49955834723721,0.6666666666666666
7,1.5629709069617093,0.31796265100861293,0.31203180635640865,90.24285714285715,90.49955834723721,0.6666666666666666
8,0.6060643428936601,0.3178177147705981,0.31186824565910576,90.24285714285715,90.49955834723721,0.6666666666666666
9,1.2204057481139898,0.3175206589015445,0.3115321637398592,90.24285714285715,90.49955834723721,0.6666666666666666
10,0.5959933018311858,0.3173816251712538,0.3113746573004915,90.24285714285715,90.49955834723721,0.6666666666666666
11,0.2887937370687723,0.3172730160490174,0.31125199739706283,90.24285714285715,90.49955834723721,0.6666666666666666
12,0.3522765696980059,0.3171647713401884,0.3111289292311644,90.24285714285715,90.49955834723721,0.6666666666666666
13,0.3193551078438759,0.3170569020441593,0.31100779201838386,90.24285714285715,90.49955834723721,0.6666666666666666
14,0.3207621178589761,0.3169493842069735,0.31088337053038767,90.24285714285715,90.49955834723721,0.6666666666666666
15,0.335649527143687,0.31684226093029677,0.31076035941530783,90.24285714285715,90.49955834723721,0.6666666666666666
16,0.32555872667580843,0.31673542427927565,0.3106415642582662,90.24285714285715,90.49955834723721,0.6666666666666666
17,0.9606871730647981,0.31600187762020143,0.3098062678848311,90.24285714285715,90.49955834723721,0.6666666666666666
18,1.276565009728074,0.31563479264194383,0.3093870965940894,90.24285714285715,90.49955834723721,0.6666666666666666
19,0.3135981340892613,0.3155308325545465,0.30926747114006486,90.24285714285715,90.49955834723721,0.6666666666666666
