,times,train_loss,test_loss,train_acc,test_acc,eta
0,0.36561264609918,0.31968220403046216,0.3139659106504634,90.24285714285715,90.49955834723721,1.2236921017635911
1,0.9596248911693692,0.3196030361175603,0.31387744322664013,90.24285714285715,90.49955834723721,1.2236921017635911
2,1.2714248797856271,0.31950420723440753,0.3137667453480701,90.24285714285715,90.49955834723721,1.2236921017635911
3,0.3428984768688679,0.3194722390947955,0.3137309159796133,90.24285714285715,90.49955834723721,1.2236921017635911
4,0.3737849104218185,0.3194403069183526,0.31369513364123325,90.24285714285715,90.49955834723721,1.2236921017635911
5,0.6682108910754323,0.319337933470595,0.3135804608788121,90.24285714285715,90.49955834723721,1.2236921017635911
6,0.6995702050626278,0.31922778472784213,0.3134567934702263,90.24285714285715,90.49955834723721,1.2236921017635911
7,0.3854956226423383,0.3191960479278195,0.3134211217352717,90.24285714285715,90.49955834723721,1.2236921017635911
8,0.6986123030073941,0.31907944125524373,0.3132902884264216,90.24285714285715,90.49955834723721,1.2236921017635911
9,0.7018303661607206,0.31896755532545606,0.3131645864202063,90.24285714285715,90.49955834723721,1.2236921017635911
10,0.9886486977338791,0.31882825707217705,0.31300812065197303,90.24285714285715,90.49955834723721,1.2236921017635911
11,0.36506090220063925,0.31879682243776214,0.3129727376653362,90.24285714285715,90.49955834723721,1.2236921017635911
12,0.7003748449496925,0.318688506390215,0.312850850541127,90.24285714285715,90.49955834723721,1.2236921017635911
13,0.7383947791531682,0.3185902999581135,0.31274039807238474,90.24285714285715,90.49955834723721,1.2236921017635911
14,0.3652427322231233,0.31855905430880394,0.3127052689522177,90.24285714285715,90.49955834723721,1.2236921017635911
15,0.992367465980351,0.3183981556122972,0.3125239357929224,90.24285714285715,90.49955834723721,1.2236921017635911
16,0.6801675651222467,0.31831794817733755,0.31243345844780185,90.24285714285715,90.49955834723721,1.2236921017635911
17,0.6815523346886039,0.31824107670005397,0.3123468186286269,90.24285714285715,90.49955834723721,1.2236921017635911
18,0.9913146062754095,0.3181074678326373,0.3121961693144613,90.24285714285715,90.49955834723721,1.2236921017635911
19,0.681895752903074,0.3180304210938924,0.3121090917430356,90.24285714285715,90.49955834723721,1.2236921017635911
