,times,train_loss,test_loss,train_acc,test_acc,eta
0,0.4266864862293005,1.0518268670318527,1.0240525218217336,90.24285714285715,90.49955834723721,0.6666666666666666
1,0.3873092979192734,0.6011246040002594,0.6004655422305216,90.24285714285715,90.49955834723721,0.6666666666666666
2,1.033107534982264,0.39304576799369667,0.38305170704514624,90.24285714285715,90.49955834723721,0.6666666666666666
3,0.39518376206979156,0.34446398332110995,0.3403127030210943,90.24285714285715,90.49955834723721,0.6666666666666666
4,1.0579000837169588,0.4710492089708445,0.4584752004056122,90.24285714285715,90.49955834723721,0.6666666666666666
5,0.4043956440873444,0.3170207316342196,0.3107086023370696,90.24285714285715,90.49955834723721,0.6666666666666666
6,0.7467894130386412,1.2491770889958584,1.215646736972599,90.24285714285715,90.49955834723721,0.6666666666666666
7,1.7028856771066785,0.32438693776287564,0.3167977874837969,90.24285714285715,90.49955834723721,0.6666666666666666
8,0.3765887748450041,1.4667740005714862,1.4273134139851669,90.24285714285715,90.49955834723721,0.6666666666666666
9,0.36166801676154137,0.656550502709936,0.6384482764537001,90.24285714285715,90.49955834723721,0.6666666666666666
10,0.3782723778858781,0.33739608897987505,0.33264330032637723,90.24285714285715,90.49955834723721,0.6666666666666666
11,0.44461837597191334,0.3153366962653144,0.30928380480893075,90.24285714285715,90.49955834723721,0.6666666666666666
12,1.0279093207791448,0.394371069457827,0.38331198815086065,90.24285714285715,90.49955834723721,0.6666666666666666
13,0.3787786872126162,0.9151503889832365,0.8897899603731722,90.24285714285715,90.49955834723721,0.6666666666666666
14,0.4457736541517079,0.45641938026656587,0.4433651844474215,90.24285714285715,90.49955834723721,0.6666666666666666
15,0.6883207648061216,0.5867618003896642,0.5847671635612899,90.35714285714286,90.54535937448883,0.6666666666666666
16,0.355374613776803,0.3310438584160923,0.32212940755107605,90.24285714285715,90.49955834723721,0.6666666666666666
17,0.3801888800226152,0.3511377343175823,0.34630234956202766,90.24285714285715,90.49955834723721,0.6666666666666666
18,0.3791055679321289,0.8351379616182406,0.8115542776608689,90.24285714285715,90.49955834723721,0.6666666666666666
19,1.0624546501785517,0.3694253283495137,0.3584748967439049,90.24285714285715,90.49955834723721,0.6666666666666666
