,times,train_loss,test_loss,train_acc,test_acc,eta
0,0.567134696058929,0.3197099110308583,0.3139975114313854,90.24285714285715,90.49955834723721,0.6672402148800234
1,0.5696983695961535,0.31970544105716137,0.31399186369826193,90.24285714285715,90.49955834723721,0.6672402148800234
2,0.701224276330322,0.3197009743274751,0.31398686484002686,90.24285714285715,90.49955834723721,0.6672402148800234
3,0.7728598187677562,0.3196965080846855,0.31398186430637987,90.24285714285715,90.49955834723721,0.6672402148800234
4,0.8083037775941193,0.3196920423282829,0.31397686681325726,90.24285714285715,90.49955834723721,0.6672402148800234
5,0.6120686251670122,0.3196875770580176,0.3139718667061211,90.24285714285715,90.49955834723721,0.6672402148800234
6,0.5772784072905779,0.3196831122744423,0.31396686863786627,90.24285714285715,90.49955834723721,0.6672402148800234
7,0.5732875349931419,0.3196786479766009,0.3139618740416384,90.24285714285715,90.49955834723721,0.6672402148800234
8,0.6029852898791432,0.31967418416398913,0.3139568762026082,90.24285714285715,90.49955834723721,0.6672402148800234
9,0.6394274202175438,0.3196697208385756,0.3139518795825212,90.24285714285715,90.49955834723721,0.6672402148800234
10,0.6387029602192342,0.31966525799788964,0.31394688401545023,90.24285714285715,90.49955834723721,0.6672402148800234
11,0.653489334974438,0.3196607956431907,0.3139418867068449,90.24285714285715,90.49955834723721,0.6672402148800234
12,0.6596165709197521,0.31965633377433594,0.3139368925960891,90.24285714285715,90.49955834723721,0.6672402148800234
13,0.6586801912635565,0.31965187239113224,0.3139318975922432,90.24285714285715,90.49955834723721,0.6672402148800234
14,0.6630301489494741,0.31964741149331194,0.3139269031784005,90.24285714285715,90.49955834723721,0.6672402148800234
15,0.6451690890826285,0.319642951080878,0.31392190941417797,90.24285714285715,90.49955834723721,0.6672402148800234
16,0.6124832020141184,0.31963849115354875,0.3139169140240892,90.24285714285715,90.49955834723721,0.6672402148800234
17,0.634254555683583,0.31963403171119353,0.31391192155581976,90.24285714285715,90.49955834723721,0.6672402148800234
18,0.5969474297016859,0.31962957275392684,0.3139069285338472,90.24285714285715,90.49955834723721,0.6672402148800234
19,0.6089454060420394,0.3196251142818186,0.313901937109573,90.24285714285715,90.49955834723721,0.6672402148800234
