,times,train_loss,test_loss,train_acc,test_acc,eta
0,0.7585587003268301,0.615063327901165,0.6145332573268845,90.24285714285715,90.49955834723721,0.004
1,0.7300522439181805,0.5556110991023722,0.5546179165227297,90.24285714285715,90.49955834723721,0.004
2,0.8198049901984632,0.5100285411503137,0.5086294156312314,90.24285714285715,90.49955834723721,0.004
3,0.8264378039166331,0.4747517014389637,0.47299514417219757,90.24285714285715,90.49955834723721,0.004
4,0.7459627683274448,0.44716569045903964,0.4450928267176683,90.24285714285715,90.49955834723721,0.004
5,0.7274070070125163,0.4253647074277021,0.4230104862476264,90.24285714285715,90.49955834723721,0.004
6,0.7294128597714007,0.40795792419229376,0.40535217270213775,90.24285714285715,90.49955834723721,0.004
7,0.7295665401034057,0.39392424003287574,0.39109255014681177,90.24285714285715,90.49955834723721,0.004
8,0.7431386020034552,0.382507534669099,0.37947199173724105,90.24285714285715,90.49955834723721,0.004
9,0.747061412781477,0.3731423366737465,0.36992211206957615,90.24285714285715,90.49955834723721,0.004
10,0.7297509689815342,0.36540132954190346,0.3620131614648686,90.24285714285715,90.49955834723721,0.004
11,0.7306113848462701,0.35895821331472116,0.35541679696067585,90.24285714285715,90.49955834723721,0.004
12,0.7312580980360508,0.3535612742649071,0.349879579228118,90.24285714285715,90.49955834723721,0.004
13,0.6865822370164096,0.3490144304646572,0.3452039600884713,90.24285714285715,90.49955834723721,0.004
14,0.6964532849378884,0.34516351556510055,0.3412345199053395,90.24285714285715,90.49955834723721,0.004
15,0.6940383687615395,0.34188625410775064,0.33784790594780123,90.24285714285715,90.49955834723721,0.004
16,0.7083817501552403,0.33908486838848856,0.3349454093966372,90.24285714285715,90.49955834723721,0.004
17,0.7003034250810742,0.33668056802955865,0.3324474307737831,90.24285714285715,90.49955834723721,0.004
18,0.6977246063761413,0.3346094067874345,0.3302893173703158,90.24285714285715,90.49955834723721,0.004
19,0.6949640396051109,0.33281913847891437,0.3284182031548176,90.24285714285715,90.49955834723721,0.004
