,times,train_loss,test_loss,train_acc,test_acc,eta
0,0.6162691740319133,9.297684225012262,9.051355291841391,90.24285714285715,90.49955834723721,111.30237608828492
1,0.6194714880548418,1.5871275671133462,1.5449870934017667,90.24285714285715,90.49955834723721,111.30237608828492
2,0.6327203311957419,4.78586596698908,4.659061860273727,90.24285714285715,90.49955834723721,111.30237608828492
3,0.6267127278260887,7.986141050957125,7.774236152748389,90.24285714285715,90.49955834723721,111.30237608828492
4,0.6229707221500576,0.7648525508664048,0.7439772542849287,90.24285714285715,90.49955834723721,111.30237608828492
5,0.6149143120273948,3.9620626538474304,3.8565592379622227,90.24285714285715,90.49955834723721,111.30237608828492
6,0.6097840080037713,7.159977807504078,6.969547121359888,90.24285714285715,90.49955834723721,111.30237608828492
7,0.598163282033056,4.529883770707209,4.544619666389917,9.757142857142853,9.500441652762788,111.30237608828492
8,0.5979714840650558,2.650854075690615,2.579399553021483,90.24285714285715,90.49955834723721,111.30237608828492
9,0.5726147256791592,5.849678756090515,5.693342770441277,90.24285714285715,90.49955834723721,111.30237608828492
10,0.6029580156318843,9.043053003029941,8.80195356385296,90.24285714285715,90.49955834723721,111.30237608828492
11,0.5892337807454169,1.824632705439468,1.7747735587888265,90.24285714285715,90.49955834723721,111.30237608828492
12,0.5884357397444546,5.023711579299396,4.889130676203901,90.24285714285715,90.49955834723721,111.30237608828492
13,0.5879410509951413,8.221108412380891,8.001523394285494,90.24285714285715,90.49955834723721,111.30237608828492
14,0.5916856322437525,0.5201170468597979,0.5044183829635767,90.24285714285715,90.49955834723721,111.30237608828492
15,0.6223783078603446,3.7165826803103976,3.616136827899925,90.24285714285715,90.49955834723721,111.30237608828492
16,0.6870607431046665,6.901674541835843,6.71667397848056,90.24285714285715,90.49955834723721,111.30237608828492
17,0.6553814886137843,2.76087176093525,2.7688381783777287,9.757142857142853,9.500441652762788,111.30237608828492
18,0.652409631293267,2.884932367885049,2.8060434263442353,90.24285714285715,90.49955834723721,111.30237608828492
19,0.6667045932263136,6.084438580901368,5.92059620802387,90.24285714285715,90.49955834723721,111.30237608828492
