,times,train_loss,test_loss,train_acc,test_acc,eta
0,0.5936224260367453,0.31969827169607473,0.31398388257562276,90.24285714285715,90.49955834723721,2.397937001275765
1,0.5945320641621947,0.31968222419285425,0.3139659244031051,90.24285714285715,90.49955834723721,2.397937001275765
2,0.8281547869555652,0.3196661829726432,0.3139479547919224,90.24285714285715,90.49955834723721,2.397937001275765
3,0.6529256189242005,0.31965014803109015,0.31393000927949777,90.24285714285715,90.49955834723721,2.397937001275765
4,0.6752662532962859,0.31963411934850655,0.31391206463165483,90.24285714285715,90.49955834723721,2.397937001275765
5,0.7379736071452498,0.3196180969325098,0.3138941245616723,90.24285714285715,90.49955834723721,2.397937001275765
6,0.6858704052865505,0.3196020807740539,0.31387619055366506,90.24285714285715,90.49955834723721,2.397937001275765
7,0.7254247511737049,0.319586070876997,0.31385826366542174,90.24285714285715,90.49955834723721,2.397937001275765
8,0.6825335831381381,0.3195700672327333,0.3138403313629209,90.24285714285715,90.49955834723721,2.397937001275765
9,0.6546860593371093,0.31955406984712537,0.31382241141869166,90.24285714285715,90.49955834723721,2.397937001275765
10,0.6450411691330373,0.3195380786976241,0.3138045036259872,90.24285714285715,90.49955834723721,2.397937001275765
11,0.6158335939981043,0.31952209378116225,0.3137865905619554,90.24285714285715,90.49955834723721,2.397937001275765
12,0.6151274000294507,0.31950611510860893,0.3137686837006935,90.24285714285715,90.49955834723721,2.397937001275765
13,0.6538435630500317,0.31949014266672976,0.3137508112554497,90.24285714285715,90.49955834723721,2.397937001275765
14,0.7165501969866455,0.3194741764551898,0.31373291857650704,90.24285714285715,90.49955834723721,2.397937001275765
15,0.7046163138002157,0.31945821646486927,0.313715023176194,90.24285714285715,90.49955834723721,2.397937001275765
16,0.7083952929824591,0.3194422626992089,0.31369711973582765,90.24285714285715,90.49955834723721,2.397937001275765
17,0.7044373909011483,0.3194263151439189,0.31367925241630296,90.24285714285715,90.49955834723721,2.397937001275765
18,0.6808225251734257,0.3194103737996835,0.31366139133506804,90.24285714285715,90.49955834723721,2.397937001275765
19,0.6605526977218688,0.31939443867026934,0.3136435197692331,90.24285714285715,90.49955834723721,2.397937001275765
