,times,train_loss,test_loss,train_acc,test_acc,eta
0,0.23353195004165173,0.28216461766396744,0.28354976919846553,92.93481079399105,93.19596183100539,8.617738760127532
1,0.2306698258034885,0.2180304682431814,0.22050252599248454,94.79316127024738,94.78633660627852,8.617738760127532
2,0.2252381667494774,0.18707489417971018,0.190436562324057,95.51057098898819,95.3256810952842,8.617738760127532
3,0.22071883687749505,0.16778957711644896,0.17193376697926627,95.94447421646758,95.64375605033882,8.617738760127532
4,0.2201450322754681,0.15422543035728617,0.15907360636263723,96.26428336819541,95.92725764071359,8.617738760127532
5,0.22103791311383247,0.14398662699565534,0.1494671183285749,96.51494459522533,96.09320979117688,8.617738760127532
6,0.21854327991604805,0.13587507471538202,0.1419371674173209,96.70164399190969,96.21075923108837,8.617738760127532
7,0.22420772910118103,0.1292268935332316,0.13582984710153445,96.83475374695317,96.2522472687042,8.617738760127532
8,0.22456222120672464,0.1236356936529953,0.130746036002703,96.95749131329195,96.30756465219196,8.617738760127532
9,0.2243168819695711,0.1188392705388383,0.12642735876960695,97.05429840786903,96.44585811091136,8.617738760127532
10,0.22523503610864282,0.11465903813050854,0.12270078271135433,97.14246201185887,96.48734614852718,8.617738760127532
11,0.22868232894688845,0.11096748780576599,0.11944275570478227,97.22543952149636,96.54266353201494,8.617738760127532
12,0.2273008981719613,0.10767254749474883,0.11656200346634568,97.28940135184193,96.63946895311852,8.617738760127532
13,0.22548846807330847,0.1047044133132842,0.11399258083455033,97.36373537089219,96.6671276448624,8.617738760127532
14,0.22473200596868992,0.10200979748806613,0.11168114598228274,97.42769720123775,96.71553035541419,8.617738760127532
15,0.22680671606212854,0.099547265123923,0.10958862724868212,97.4951164278182,96.77084773890195,8.617738760127532
16,0.22645960934460163,0.09728318854373691,0.10768265603508821,97.54697737134164,96.82616512238971,8.617738760127532
17,0.22334659658372402,0.09519089825383417,0.1059377703661706,97.59883831486508,96.86765316000553,8.617738760127532
18,0.22092815907672048,0.09324845637953585,0.10433209375837121,97.64551316403616,96.89531185174941,8.617738760127532
19,0.2243388150818646,0.09143792074059937,0.10284958690559759,97.69910280567704,96.90914119762135,8.617738760127532
