,times,train_loss,test_loss,train_acc,test_acc,eta
0,2.468348995782435,inf,inf,0.0,0.0,27.82559402207123
1,2.4028963069431484,,,0.0,0.0,27.82559402207123
2,2.4033532543107867,,,0.0,0.0,27.82559402207123
3,2.4609468299895525,,,0.0,0.0,27.82559402207123
4,2.4117872840724885,,,0.0,0.0,27.82559402207123
5,2.421237851958722,,,0.0,0.0,27.82559402207123
6,2.4015985149890184,,,0.0,0.0,27.82559402207123
7,2.4198770290240645,,,0.0,0.0,27.82559402207123
8,2.4019216732122004,,,0.0,0.0,27.82559402207123
9,2.425561108160764,,,0.0,0.0,27.82559402207123
10,2.412398859858513,,,0.0,0.0,27.82559402207123
11,2.3968821079470217,,,0.0,0.0,27.82559402207123
12,2.440592775121331,,,0.0,0.0,27.82559402207123
13,2.3518823380582035,,,0.0,0.0,27.82559402207123
14,2.4460880388505757,,,0.0,0.0,27.82559402207123
15,2.3329097107052803,,,0.0,0.0,27.82559402207123
16,2.4894146798178554,,,0.0,0.0,27.82559402207123
17,2.400567631237209,,,0.0,0.0,27.82559402207123
18,2.472270173020661,,,0.0,0.0,27.82559402207123
19,2.410441919695586,,,0.0,0.0,27.82559402207123
20,2.424363079946488,,,0.0,0.0,27.82559402207123
21,2.429369114805013,,,0.0,0.0,27.82559402207123
22,2.3625353211537004,,,0.0,0.0,27.82559402207123
23,2.4480040981434286,,,0.0,0.0,27.82559402207123
24,2.3623201567679644,,,0.0,0.0,27.82559402207123
25,2.426663718186319,,,0.0,0.0,27.82559402207123
26,2.34602695889771,,,0.0,0.0,27.82559402207123
27,2.4126088619232178,,,0.0,0.0,27.82559402207123
28,2.402508471161127,,,0.0,0.0,27.82559402207123
29,2.354782225098461,,,0.0,0.0,27.82559402207123
30,2.3790407213382423,,,0.0,0.0,27.82559402207123
31,2.2792237917892635,,,0.0,0.0,27.82559402207123
32,2.443705413956195,,,0.0,0.0,27.82559402207123
33,2.343615099787712,,,0.0,0.0,27.82559402207123
34,2.464116097893566,,,0.0,0.0,27.82559402207123
35,2.3789586438797414,,,0.0,0.0,27.82559402207123
36,2.472660491243005,,,0.0,0.0,27.82559402207123
37,2.4363580029457808,,,0.0,0.0,27.82559402207123
38,2.4238515472970903,,,0.0,0.0,27.82559402207123
39,2.4634020002558827,,,0.0,0.0,27.82559402207123
