,times,train_loss,test_loss,train_acc,test_acc,eta
0,4.025435713119805,0.4973633214564574,0.5076388340891047,0.0,0.0,0.005994842503189411
1,4.096540019847453,0.44581539398642017,0.45388611180058336,0.0,0.0,0.005994842503189411
2,4.122263564262539,0.40414301903790334,0.4113165028223797,0.0,0.0,0.005994842503189411
3,4.126630295999348,0.38364986344035784,0.3895115790828741,0.0,0.0,0.005994842503189411
4,4.129546323325485,0.37415323829066827,0.37939664520596056,0.0,0.0,0.005994842503189411
5,4.163243966177106,0.3722936431793065,0.3773193377884864,0.0,0.0,0.005994842503189411
6,4.167618371080607,inf,inf,0.0,0.0,0.005994842503189411
7,4.205506313126534,,,0.0,0.0,0.005994842503189411
8,4.208306161221117,,,0.0,0.0,0.005994842503189411
9,4.277923456858844,,,0.0,0.0,0.005994842503189411
10,4.243681014981121,,,0.0,0.0,0.005994842503189411
11,4.264056760817766,,,0.0,0.0,0.005994842503189411
12,4.242540270090103,,,0.0,0.0,0.005994842503189411
13,4.266600356902927,,,0.0,0.0,0.005994842503189411
14,4.2526300279423594,,,0.0,0.0,0.005994842503189411
15,4.2643543421290815,,,0.0,0.0,0.005994842503189411
16,4.24978247191757,,,0.0,0.0,0.005994842503189411
17,4.265038492623717,,,0.0,0.0,0.005994842503189411
18,4.262382733169943,,,0.0,0.0,0.005994842503189411
19,4.273300173226744,,,0.0,0.0,0.005994842503189411
