,times,train_loss,test_loss,train_acc,test_acc,eta
0,44.52320767426863,,,0.0,0.0,0.6666666666666666
1,44.801593407057226,,,0.0,0.0,0.6666666666666666
2,90.93350623780861,,,0.0,0.0,0.6666666666666666
3,88.68351351795718,,,0.0,0.0,0.6666666666666666
4,189.22374895121902,,,0.0,0.0,0.6666666666666666
5,161.2434362648055,,,0.0,0.0,0.6666666666666666
6,87.41050919797271,,,0.0,0.0,0.6666666666666666
7,44.77231282321736,,,0.0,0.0,0.6666666666666666
8,37.897745504043996,,,0.0,0.0,0.6666666666666666
9,37.71596876112744,,,0.0,0.0,0.6666666666666666
10,77.96864683600143,,,0.0,0.0,0.6666666666666666
11,76.8046550177969,,,0.0,0.0,0.6666666666666666
12,77.46370388707146,,,0.0,0.0,0.6666666666666666
13,58.45250344090164,,,0.0,0.0,0.6666666666666666
14,134.9949409510009,,,0.0,0.0,0.6666666666666666
15,93.15584576968104,,,0.0,0.0,0.6666666666666666
16,58.37235942017287,,,0.0,0.0,0.6666666666666666
17,124.13952857814729,,,0.0,0.0,0.6666666666666666
18,38.99421765701845,,,0.0,0.0,0.6666666666666666
19,80.27169928094372,,,0.0,0.0,0.6666666666666666
