,times,train_loss,test_loss,train_acc,test_acc,eta
0,118.93291266309097,inf,inf,0.0,0.0,1.1359751190652072
1,116.57065298082307,,,0.0,0.0,1.1359751190652072
2,37.833635265007615,,,0.0,0.0,1.1359751190652072
3,37.758592082653195,,,0.0,0.0,1.1359751190652072
4,76.95627843914554,,,0.0,0.0,1.1359751190652072
5,77.07148182904348,,,0.0,0.0,1.1359751190652072
6,76.26318917330354,,,0.0,0.0,1.1359751190652072
7,37.57580939400941,,,0.0,0.0,1.1359751190652072
8,37.80668154312298,,,0.0,0.0,1.1359751190652072
9,77.12696989672258,,,0.0,0.0,1.1359751190652072
10,37.46135124005377,,,0.0,0.0,1.1359751190652072
11,76.79674541810527,,,0.0,0.0,1.1359751190652072
12,37.21652797376737,,,0.0,0.0,1.1359751190652072
13,76.93736157519743,,,0.0,0.0,1.1359751190652072
14,116.18875357182696,,,0.0,0.0,1.1359751190652072
15,155.43953712983057,,,0.0,0.0,1.1359751190652072
16,37.37124822521582,,,0.0,0.0,1.1359751190652072
17,76.74486770061776,,,0.0,0.0,1.1359751190652072
18,116.42342206137255,,,0.0,0.0,1.1359751190652072
19,37.33732190122828,,,0.0,0.0,1.1359751190652072
