,times,train_loss,test_loss,train_acc,test_acc,eta
0,163.52513424726203,,,0.0,0.0,0.8795442791215591
1,39.12326740892604,,,0.0,0.0,0.8795442791215591
2,80.10238255001605,,,0.0,0.0,0.8795442791215591
3,38.808180674910545,,,0.0,0.0,0.8795442791215591
4,39.003497334197164,,,0.0,0.0,0.8795442791215591
5,81.28233834402636,,,0.0,0.0,0.8795442791215591
6,80.4606179939583,,,0.0,0.0,0.8795442791215591
7,39.31512172985822,,,0.0,0.0,0.8795442791215591
8,122.2952144597657,,,0.0,0.0,0.8795442791215591
9,81.00700163608417,,,0.0,0.0,0.8795442791215591
10,121.25415472313762,,,0.0,0.0,0.8795442791215591
11,81.85825825482607,,,0.0,0.0,0.8795442791215591
12,122.32489377539605,,,0.0,0.0,0.8795442791215591
13,121.86319390218705,,,0.0,0.0,0.8795442791215591
14,122.94235139293596,,,0.0,0.0,0.8795442791215591
15,121.71679543796927,,,0.0,0.0,0.8795442791215591
16,121.52436188189313,,,0.0,0.0,0.8795442791215591
17,38.815798566676676,,,0.0,0.0,0.8795442791215591
18,79.8029210777022,,,0.0,0.0,0.8795442791215591
19,163.7405627979897,,,0.0,0.0,0.8795442791215591
