,times,train_loss,test_loss,train_acc,test_acc,eta
0,0.4258071258664131,0.199789594122578,0.19130613873474098,0.0,0.0,4.0824829046386295
1,0.4751329622231424,0.199781478506108,0.19125274074869342,0.0,0.0,4.0824829046386295
2,0.6775463283993304,0.19975874004078506,0.19124991918194242,0.0,0.0,4.0824829046386295
3,0.7395933959633112,0.19973088183498103,0.1912288528768688,0.0,0.0,4.0824829046386295
4,0.964946367777884,0.1996846266068689,0.19119229963332982,0.0,0.0,4.0824829046386295
5,0.4079646891914308,0.1996765013361357,0.19118582739768095,0.0,0.0,4.0824829046386295
6,0.38272007368505,0.1996683788172996,0.19117763859754838,0.0,0.0,4.0824829046386295
7,0.3873145650140941,0.19966025891717643,0.1911724649197274,0.0,0.0,4.0824829046386295
8,0.7334181112237275,0.19960543812312678,0.19113280015508252,0.0,0.0,4.0824829046386295
9,0.9267223561182618,0.19951634496751935,0.19106555214909596,0.0,0.0,4.0824829046386295
10,0.36726962914690375,0.19950825517903437,0.1910585670702751,0.0,0.0,4.0824829046386295
11,0.4544951971620321,0.19950016808641524,0.19105292767947163,0.0,0.0,4.0824829046386295
12,0.6499691889621317,0.19943258705000197,0.19099860605461347,0.0,0.0,4.0824829046386295
13,0.45920430682599545,0.19942451551767146,0.19099452192802904,0.0,0.0,4.0824829046386295
14,0.9420292926952243,0.199296985690818,0.1908968056383566,0.0,0.0,4.0824829046386295
15,1.1446309448219836,0.19915098380828314,0.1907852950725806,0.0,0.0,4.0824829046386295
16,0.6735678971745074,0.19909929218061484,0.1907465539835396,0.0,0.0,4.0824829046386295
17,0.6888284850865602,0.19905014313253125,0.1907093698014661,0.0,0.0,4.0824829046386295
18,0.45477284397929907,0.19904214365408807,0.1907027112791592,0.0,0.0,4.0824829046386295
19,1.1247129458934069,0.19894170710150424,0.1906253257917153,0.0,0.0,4.0824829046386295
