,times,train_loss,test_loss,train_acc,test_acc,eta
0,23.042947316076607,4115.719425570066,3917.8959740326372,0.0,0.0,0.005994842503189411
1,26.68448494374752,3597.6294616316445,3448.1113959463005,0.0,0.0,0.005994842503189411
2,26.843302286230028,3391.013224209034,3252.2191515671057,0.0,0.0,0.005994842503189411
3,25.235089256893843,1051.7300389682991,1035.1211695903328,0.0,0.0,0.005994842503189411
4,23.074879482854158,106.46526101138039,101.20436702592976,0.0,0.0,0.005994842503189411
5,32.01563825504854,85.06678095088128,81.13884053811455,0.0,0.0,0.005994842503189411
6,28.103906981647015,78.32705117678738,75.08244696920195,0.0,0.0,0.005994842503189411
7,26.139260860159993,63.48331476710467,61.647900009306134,0.0,0.0,0.005994842503189411
8,24.233165247831494,57.53672139430376,56.50065989682107,0.0,0.0,0.005994842503189411
9,31.597071591299027,56.57332019227774,55.80269290362564,0.0,0.0,0.005994842503189411
10,29.501026595942676,55.29101186885058,54.62807362112829,0.0,0.0,0.005994842503189411
11,34.28621833026409,54.01273374088857,53.47980358930036,0.0,0.0,0.005994842503189411
12,25.97528338804841,53.512820300642666,53.06940837504113,0.0,0.0,0.005994842503189411
13,31.989013720769435,,,0.0,0.0,0.005994842503189411
14,31.26937738293782,,,0.0,0.0,0.005994842503189411
15,24.45612481283024,,,0.0,0.0,0.005994842503189411
16,24.210953016765416,,,0.0,0.0,0.005994842503189411
17,24.352190210018307,,,0.0,0.0,0.005994842503189411
18,24.194373965263367,,,0.0,0.0,0.005994842503189411
19,24.481377167161554,,,0.0,0.0,0.005994842503189411
