,times,train_loss,test_loss,train_acc,test_acc,eta
0,4.294467222876847,0.4992477686767472,0.5095711745183266,0.0,0.0,0.0016681005372000581
1,4.373546454124153,0.4580743345363097,0.46680749349826883,0.0,0.0,0.0016681005372000581
2,4.350529154762626,0.44685787345129235,0.45500183126061533,0.0,0.0,0.0016681005372000581
3,4.404675934929401,0.4416297395380701,0.4496015393660195,0.0,0.0,0.0016681005372000581
4,4.380065426230431,0.42166179860597897,0.4291701268171827,0.0,0.0,0.0016681005372000581
5,4.449460329953581,0.405470431069018,0.4125145784979156,0.0,0.0,0.0016681005372000581
6,4.395810127723962,0.3968201670529811,0.40345129169226146,0.0,0.0,0.0016681005372000581
7,4.477312080096453,0.38822983677944184,0.39433054720029165,0.0,0.0,0.0016681005372000581
8,4.454819587059319,0.38074077815974533,0.38609419039966875,0.0,0.0,0.0016681005372000581
9,4.464800278190523,0.37644056666797593,0.3815027901194914,0.0,0.0,0.0016681005372000581
10,4.498948771040887,0.37499890933770624,0.3799655381692119,0.0,0.0,0.0016681005372000581
11,4.530115772038698,0.3739354188327308,0.3789041865668036,0.0,0.0,0.0016681005372000581
12,4.495284038130194,0.37321938265916077,0.37823743418058864,0.0,0.0,0.0016681005372000581
13,4.536076196003705,0.3724300835872562,0.3775056360515148,0.0,0.0,0.0016681005372000581
14,4.501332470215857,0.37175250161896606,0.3768631887488948,0.0,0.0,0.0016681005372000581
15,4.533920682966709,0.3712164302965977,0.3763233695116388,0.0,0.0,0.0016681005372000581
16,4.488978349138051,0.3707551633893442,0.37582490891885173,0.0,0.0,0.0016681005372000581
17,4.52495799260214,0.37042480498806885,0.3754476136125748,0.0,0.0,0.0016681005372000581
18,4.491425160318613,0.37004897332910114,0.3750574835949754,0.0,0.0,0.0016681005372000581
19,4.5228715180419385,0.36971884793542353,0.3747201485594873,0.0,0.0,0.0016681005372000581
