,times,train_loss,test_loss,train_acc,test_acc,eta
0,4.311320961918682,0.4999401854376133,0.5102940823965645,0.0,0.0,0.00012915496650148838
1,4.352381926029921,0.4964137763499552,0.5066116224840462,0.0,0.0,0.00012915496650148838
2,4.378091074991971,0.48884733783617274,0.49877685102621283,0.0,0.0,0.00012915496650148838
3,4.416259718127549,0.4794093795472303,0.4890264499725023,0.0,0.0,0.00012915496650148838
4,4.399525860790163,0.47139828483757074,0.4807992044743531,0.0,0.0,0.00012915496650148838
5,4.447101944126189,0.4619190048571043,0.4712211338669059,0.0,0.0,0.00012915496650148838
6,4.4261150090023875,0.4543715136549388,0.4634577751051463,0.0,0.0,0.00012915496650148838
7,4.472939366940409,0.4484188074461038,0.45730641479594153,0.0,0.0,0.00012915496650148838
8,4.459688514005393,0.4434293474062814,0.45210619480248343,0.0,0.0,0.00012915496650148838
9,4.505061864852905,0.4382033321883121,0.446722648059277,0.0,0.0,0.00012915496650148838
10,4.508860202971846,0.4339441971838461,0.4422473696354283,0.0,0.0,0.00012915496650148838
11,4.513385944999754,0.42906934122458684,0.43721332640116345,0.0,0.0,0.00012915496650148838
12,4.486200354993343,0.42364240738119996,0.4316096146912353,0.0,0.0,0.00012915496650148838
13,4.525765789207071,0.4179530696712547,0.4255804596576979,0.0,0.0,0.00012915496650148838
14,4.489525280892849,0.4133579280718879,0.42085073170174764,0.0,0.0,0.00012915496650148838
15,4.531744588632137,0.40929617557766756,0.4166178652312253,0.0,0.0,0.00012915496650148838
16,4.495818243827671,0.40615209578014405,0.4132865995928122,0.0,0.0,0.00012915496650148838
17,4.529566610231996,0.40247564772648636,0.4094877475153158,0.0,0.0,0.00012915496650148838
18,4.495303991250694,0.40031648159466404,0.40716989894590694,0.0,0.0,0.00012915496650148838
19,4.528390164021403,0.39863410625445583,0.40534571109692674,0.0,0.0,0.00012915496650148838
