,times,train_loss,test_loss,train_acc,test_acc,eta
0,0.7171854292973876,0.654239453010943,0.6539844985954428,90.24285714285715,90.49955834723721,0.0018566355334451114
1,0.7313054199330509,0.5404219271751479,0.5392991245058678,90.24285714285715,90.49955834723721,0.0018566355334451114
2,0.7364170178771019,0.46745063597918757,0.4656139177714575,90.24285714285715,90.49955834723721,0.0018566355334451114
3,0.7369336890988052,0.4190704509300573,0.41662832433185665,90.24285714285715,90.49955834723721,0.0018566355334451114
4,0.74090367089957,0.3864055451637241,0.38344180777900405,90.24285714285715,90.49955834723721,0.0018566355334451114
5,0.758167078718543,0.3642147406913044,0.3607991700166071,90.24285714285715,90.49955834723721,0.0018566355334451114
6,0.752636609133333,0.34916035681786606,0.3453539415994179,90.24285714285715,90.49955834723721,0.0018566355334451114
7,0.754705501254648,0.3390093583097976,0.3348668046714691,90.24285714285715,90.49955834723721,0.0018566355334451114
8,0.7598131620325148,0.33222714846775825,0.32779784611863644,90.24285714285715,90.49955834723721,0.0018566355334451114
9,0.7590315947309136,0.3277450993367021,0.32307362577669085,90.24285714285715,90.49955834723721,0.0018566355334451114
10,0.7660362753085792,0.32481738945360217,0.31994350872918903,90.24285714285715,90.49955834723721,0.0018566355334451114
11,0.7737696617841721,0.32292707342644444,0.3178858086155185,90.24285714285715,90.49955834723721,0.0018566355334451114
12,0.7558761741966009,0.3217199374701047,0.3165416221517136,90.24285714285715,90.49955834723721,0.0018566355334451114
13,0.7648352161049843,0.32095682462978214,0.31566731613937243,90.24285714285715,90.49955834723721,0.0018566355334451114
14,0.7769475099630654,0.3204786347139903,0.31509962787756024,90.24285714285715,90.49955834723721,0.0018566355334451114
15,0.7448649839498103,0.3201812221309524,0.3147306660581981,90.24285714285715,90.49955834723721,0.0018566355334451114
16,0.7615165319293737,0.3199974036136586,0.31448998219433383,90.24285714285715,90.49955834723721,0.0018566355334451114
17,0.7736564027145505,0.31988433663148086,0.3143319257937717,90.24285714285715,90.49955834723721,0.0018566355334451114
18,0.9210650608874857,0.3198150336185563,0.31422715732162787,90.24285714285715,90.49955834723721,0.0018566355334451114
19,0.8986449302174151,0.31977264486823676,0.31415688666725167,90.24285714285715,90.49955834723721,0.0018566355334451114
