,times,train_loss,test_loss,train_acc,test_acc,eta
0,0.7209824812598526,0.6922556168234971,0.6922499534723148,90.24285714285715,90.49955834723721,4e-05
1,0.7312680459581316,0.6887536700563613,0.68872567781307,90.24285714285715,90.49955834723721,4e-05
2,0.7355259507894516,0.6852706414129384,0.685220323764424,90.24285714285715,90.49955834723721,4e-05
3,0.7390254861675203,0.6818256283731885,0.6817531072983866,90.24285714285715,90.49955834723721,4e-05
4,0.7677291119471192,0.6784177056646391,0.6783230955933411,90.24285714285715,90.49955834723721,4e-05
5,0.7135572638362646,0.6750463384628754,0.6749297462695883,90.24285714285715,90.49955834723721,4e-05
6,0.7473014639690518,0.6717113373126403,0.6715728935696627,90.24285714285715,90.49955834723721,4e-05
7,0.7657284457236528,0.6684120229699784,0.6682518361245703,90.24285714285715,90.49955834723721,4e-05
8,0.769518795888871,0.6651477066294029,0.6649658918350088,90.24285714285715,90.49955834723721,4e-05
9,0.7732920702546835,0.6619179014128652,0.6617145503082837,90.24285714285715,90.49955834723721,4e-05
10,0.7746686786413193,0.6587225258713558,0.6584977561231912,90.24285714285715,90.49955834723721,4e-05
11,0.7860569069162011,0.655560542174991,0.6553144522912523,90.24285714285715,90.49955834723721,4e-05
12,0.8728843969292939,0.6524322316558964,0.6521649376633534,90.24285714285715,90.49955834723721,4e-05
13,0.770971744786948,0.6493365904639621,0.6490482087521259,90.24285714285715,90.49955834723721,4e-05
14,0.7719974047504365,0.6462729862180393,0.645963616209388,90.24285714285715,90.49955834723721,4e-05
15,0.7727996269240975,0.6432417911235584,0.6429115369447974,90.24285714285715,90.49955834723721,4e-05
16,0.8080003666691482,0.6402419274993206,0.6398908853204129,90.24285714285715,90.49955834723721,4e-05
17,0.8064954150468111,0.6372731251240538,0.6369013952845499,90.24285714285715,90.49955834723721,4e-05
18,0.794368723873049,0.6343349607405719,0.6339426515837074,90.24285714285715,90.49955834723721,4e-05
19,0.7742009768262506,0.6314271530993774,0.6310143659850719,90.24285714285715,90.49955834723721,4e-05
