,times,train_loss,test_loss,train_acc,test_acc,eta
0,79.67493591457605,869.1909996049732,827.9938153879887,0.0,0.0,0.16681005372000585
1,80.13760100211948,335.8456641289678,319.1096666440299,0.0,0.0,0.16681005372000585
2,80.03907292103395,193.77925179545463,183.07276304455002,0.0,0.0,0.16681005372000585
3,105.8486204771325,143.33116516420796,135.15452382885113,0.0,0.0,0.16681005372000585
4,95.91141700185835,121.25593118004451,114.45254534432456,0.0,0.0,0.16681005372000585
5,105.59906848007813,109.44488373133419,103.52635005310563,0.0,0.0,0.16681005372000585
6,98.9462310532108,101.97692631356995,96.6907414131495,0.0,0.0,0.16681005372000585
7,97.5038849231787,96.66259390460212,91.86998306372674,0.0,0.0,0.16681005372000585
8,98.18193752598017,92.58440668076632,88.17950036283959,0.0,0.0,0.16681005372000585
9,94.5337538071908,89.30542375930992,85.22624990071212,0.0,0.0,0.16681005372000585
10,97.28228961769491,86.58780541945927,82.7796390773602,0.0,0.0,0.16681005372000585
11,99.4338236222975,84.28726102871934,80.71593002790064,0.0,0.0,0.16681005372000585
12,83.41709956107661,82.30858823291301,78.94326759442731,0.0,0.0,0.16681005372000585
13,89.06461795512587,80.58486457258539,77.40379444010634,0.0,0.0,0.16681005372000585
14,111.56568869482726,79.0671091962566,76.05167569194107,0.0,0.0,0.16681005372000585
15,104.16593774082139,77.71852808698272,74.85373284788983,0.0,0.0,0.16681005372000585
16,101.32046141568571,76.51077825598416,73.78266072149742,0.0,0.0,0.16681005372000585
17,86.41460930369794,75.42148566295695,72.81791821146751,0.0,0.0,0.16681005372000585
18,96.03469146601856,74.43283466485116,71.94523742235893,0.0,0.0,0.16681005372000585
19,95.30053049698472,73.53050632461229,71.15072970295009,0.0,0.0,0.16681005372000585
