,times,train_loss,test_loss,train_acc,test_acc,eta
0,47.460379311814904,0.6882912537897022,0.688534297857058,54.257822222222224,54.1142,0.05166198660059535
1,42.00759012904018,0.6870803707787989,0.6873212158320661,54.257822222222224,54.1142,0.05166198660059535
2,37.43120229896158,0.6858785156563045,0.6861169891832914,54.257822222222224,54.1142,0.05166198660059535
3,35.77202832093462,0.6846856049765054,0.6849218407790878,54.257822222222224,54.1142,0.05166198660059535
4,35.62138510402292,0.6835015568964873,0.6837355057969687,54.257822222222224,54.1142,0.05166198660059535
5,35.448333863168955,0.6823262965583293,0.6825579741635935,54.257822222222224,54.1142,0.05166198660059535
6,37.21258942363784,0.6811597453707666,0.6813890706270755,54.257822222222224,54.1142,0.05166198660059535
7,37.111511923372746,0.6800018241591311,0.6802288995744306,54.257822222222224,54.1142,0.05166198660059535
8,36.15328623121604,0.6788524581129882,0.6790773235513502,54.257822222222224,54.1142,0.05166198660059535
9,37.22347682574764,0.6777115694969417,0.6779341380737853,54.257933333333334,54.1142,0.05166198660059535
10,36.647451889235526,0.6765790853374947,0.6767992871329163,54.26328888888889,54.121,0.05166198660059535
11,41.03842022595927,0.6754549329621587,0.675672900338027,54.301066666666664,54.1628,0.05166198660059535
12,36.73819345794618,0.6743390355649794,0.6745546857231802,54.43062222222222,54.2942,0.05166198660059535
13,40.97922611795366,0.6732313234477619,0.6734447378102969,54.684688888888886,54.5476,0.05166198660059535
14,35.40549127198756,0.672131723490187,0.6723428298452279,55.07997777777778,54.9448,0.05166198660059535
15,36.515689441002905,0.6710401671084697,0.6712489271312438,55.57688888888889,55.4474,0.05166198660059535
16,36.48880694806576,0.6699565819658424,0.6701630298123459,56.150822222222224,56.0258,0.05166198660059535
17,35.97630247287452,0.6688808968230411,0.6690850735494899,56.76484444444444,56.6684,0.05166198660059535
18,36.82553066080436,0.6678130459367378,0.6680149439244341,57.409822222222225,57.2932,0.05166198660059535
19,36.94789494480938,0.666752960738627,0.6669525286865762,58.05837777777778,57.9426,0.05166198660059535
