,times,train_loss,test_loss,train_acc,test_acc,eta
0,26.351930873002857,1550.9441363172907,1492.9433141468837,0.0,0.0,0.27825594022071226
1,26.51446920307353,336.2269813245707,321.70269280526924,0.0,0.0,0.27825594022071226
2,26.593938468024135,70.50501888490827,67.80177246020583,0.0,0.0,0.27825594022071226
3,26.54201633995399,,,0.0,0.0,0.27825594022071226
4,26.729648740962148,,,0.0,0.0,0.27825594022071226
5,25.160134418401867,,,0.0,0.0,0.27825594022071226
6,25.172419069334865,,,0.0,0.0,0.27825594022071226
7,25.21284188935533,,,0.0,0.0,0.27825594022071226
8,26.86955581512302,,,0.0,0.0,0.27825594022071226
9,26.817926079034805,,,0.0,0.0,0.27825594022071226
10,26.755790874827653,,,0.0,0.0,0.27825594022071226
11,27.631358047947288,,,0.0,0.0,0.27825594022071226
12,26.975877172779292,,,0.0,0.0,0.27825594022071226
13,26.88539888104424,,,0.0,0.0,0.27825594022071226
14,26.853671876247972,,,0.0,0.0,0.27825594022071226
15,27.12073124619201,,,0.0,0.0,0.27825594022071226
16,27.695512007921934,,,0.0,0.0,0.27825594022071226
17,27.509993286337703,,,0.0,0.0,0.27825594022071226
18,27.52940750680864,,,0.0,0.0,0.27825594022071226
19,27.598305223044008,,,0.0,0.0,0.27825594022071226
