,times,train_loss,test_loss,train_acc,test_acc,eta
0,0.734610429033637,0.319706892683592,0.3139933740061541,90.24285714285715,90.49955834723721,1.113023760882849
1,0.7647062260657549,0.31962340595760935,0.313900011912449,90.24285714285715,90.49955834723721,1.113023760882849
2,0.7686783382669091,0.3189370279041707,0.31311216606265374,90.24285714285715,90.49955834723721,1.113023760882849
3,0.7718858262524009,0.27960102408694326,0.25038667799117986,90.35142857142857,90.54317837319113,1.113023760882849
4,0.7583930548280478,0.2754253108121554,0.24727206366738028,90.37428571428572,90.57916489460311,1.113023760882849
5,0.7590271518565714,0.27219642979584346,0.24114641911263027,90.41714285714286,90.75146399712108,1.113023760882849
6,0.7614138168282807,0.2721591105511126,0.24094692982458335,90.43714285714286,90.79835552502153,1.113023760882849
7,0.7672138139605522,0.28294621638274603,0.2471756181349857,90.67142857142858,90.72529198154874,1.113023760882849
8,0.7211771220900118,0.27827845310532406,0.24744824452641673,90.39428571428572,90.99900764440955,1.113023760882849
9,0.7340214923024178,0.27248497488149825,0.24100737686618856,90.44,90.72420148089988,1.113023760882849
10,0.766442459076643,0.2721596915927875,0.24103645170002258,90.42571428571429,90.80053652631923,1.113023760882849
11,0.7885414739139378,0.27215292184199086,0.24091352050300074,90.43714285714286,90.80489852891462,1.113023760882849
12,0.7906467877328396,0.4073569015406709,0.3337274309913055,90.2942857142857,90.59225090238928,1.113023760882849
13,0.8207885911688209,0.6042406255399578,0.43098019923198483,90.24285714285715,90.50719185177915,1.113023760882849
14,0.7790791341103613,0.2884984877384311,0.24276896760528238,90.31428571428572,90.68712445883905,1.113023760882849
15,0.768536726012826,0.2726247971879607,0.23878570600476665,90.48285714285714,90.90631508925748,1.113023760882849
16,0.770196947734803,0.2722445008536588,0.2398875076240317,90.44857142857143,90.8932290814713,1.113023760882849
17,0.7314737690612674,inf,inf,50.30285714285714,41.31034557965562,1.113023760882849
18,0.7355843400582671,,,0.0,0.0,1.113023760882849
19,0.7245237417519093,,,0.0,0.0,1.113023760882849
