,times,train_loss,test_loss,train_acc,test_acc,eta
0,23.883522367104888,1026.6461594089649,1001.021575896192,0.0,0.0,2.154434690031883
1,23.878438889980316,151.37935107837387,145.96904136563606,0.0,0.0,2.154434690031883
2,24.297915666829795,82.48621685511895,78.62595836692176,0.0,0.0,2.154434690031883
3,24.453749457839876,76.53936571592041,73.1250480109674,0.0,0.0,2.154434690031883
4,23.71494977083057,72.87997291376982,69.82537083274738,0.0,0.0,2.154434690031883
5,23.522464354056865,70.28951621559112,67.51014748738665,0.0,0.0,2.154434690031883
6,24.860113689210266,68.30868020661688,65.75506515696244,0.0,0.0,2.154434690031883
7,23.884502032306045,66.7220085135307,64.35582913099181,0.0,0.0,2.154434690031883
8,24.486335780937225,65.41162007391134,63.20546561094357,0.0,0.0,2.154434690031883
9,23.376913138199598,64.306018028188,62.2370712029164,0.0,0.0,2.154434690031883
10,24.016680800821632,63.35913662454328,61.410277341658755,0.0,0.0,2.154434690031883
11,23.519439110998064,62.53653904887981,60.69078397015747,0.0,0.0,2.154434690031883
12,25.34207348478958,61.81558214658898,60.06229728611326,0.0,0.0,2.154434690031883
13,23.514069305267185,61.17941915839583,59.508280700179185,0.0,0.0,2.154434690031883
14,24.154291527811438,60.61361118811763,59.01776379019733,0.0,0.0,2.154434690031883
15,23.709004572127014,60.1072534623723,58.57784617344961,0.0,0.0,2.154434690031883
16,23.996285310946405,59.65205212618393,58.1839862000422,0.0,0.0,2.154434690031883
17,23.592751286923885,59.24035748376018,57.827155196664606,0.0,0.0,2.154434690031883
18,23.632325675338507,58.86640159474988,57.504081330685636,0.0,0.0,2.154434690031883
19,25.17333666794002,58.52552878435476,57.20941108203286,0.0,0.0,2.154434690031883
