,times,train_loss,test_loss,train_acc,test_acc,eta
0,0.3015178316272795,0.1696174086439638,0.17230504725677082,95.05246598786454,94.87622735444613,0.6666666666666666
1,0.27776068495586514,0.12992476756196855,0.13534983188783867,96.4198661987657,95.92725764071359,0.6666666666666666
2,0.322103600949049,0.10672168571122284,0.11437182855515662,97.0456549172818,96.37671138155166,0.6666666666666666
3,0.2539128437638283,0.10159585570975396,0.1101467354739624,97.22025342714402,96.50117549439912,0.6666666666666666
4,0.28115580091252923,0.09250897391784527,0.10272123849268962,97.502031220288,96.75010372009405,0.6666666666666666
5,0.3026833711192012,0.08392661672117001,0.09598676513031311,97.7630646360226,96.97828792698105,0.6666666666666666
6,0.28205244382843375,0.07983533371193134,0.09294177182736242,97.8892595985963,97.05434932927673,0.6666666666666666
7,0.26077623572200537,0.07783264624691955,0.09150697367675133,97.95322142894186,97.08892269395658,0.6666666666666666
8,0.2577768489718437,0.07598400214843576,0.09020041851653275,98.02409805175722,97.09583736689254,0.6666666666666666
9,0.25218932796269655,0.07427098074496367,0.08900548515862325,98.08633118398534,97.12349605863642,0.6666666666666666
10,0.2770451777614653,0.0685988467337976,0.08509015532683765,98.262658391965,97.1995574609321,0.6666666666666666
11,0.27859452459961176,0.06490962299998433,0.08265970899846443,98.38193856206891,97.25487484441986,0.6666666666666666
12,0.28155680280178785,0.06249229870121029,0.0811272596938592,98.45108648676681,97.28253353616374,0.6666666666666666
13,0.2976557151414454,0.0596331822420167,0.07938513721546014,98.54962227946133,97.3378509196515,0.6666666666666666
14,0.25635088002309203,0.0588416282140748,0.07892752751177462,98.56690926063581,97.34476559258746,0.6666666666666666
15,0.26592202112078667,0.05808299999222373,0.07849414698928729,98.60148322298477,97.34476559258746,0.6666666666666666
16,0.2611090810969472,0.057355007705902045,0.07808288462489613,98.62395629851159,97.34476559258746,0.6666666666666666
17,0.2607624833472073,0.05665575210869058,0.07769223689902126,98.64470067592096,97.37242428433134,0.6666666666666666
18,0.273417507763952,0.05424498710426797,0.07636600195011715,98.73977907238059,97.39316830313926,0.6666666666666666
19,0.30806554900482297,0.05172673675157694,0.0750433964754263,98.81757048766573,97.39316830313926,0.6666666666666666
