,times,train_loss,test_loss,train_acc,test_acc,eta
0,0.3108915970660746,0.22131978881291606,0.22252723583961204,93.25289124760143,93.4725487484442,0.9474603531792863
1,0.2965042586438358,0.169778678951916,0.17302490343983218,95.41722129064601,95.1873876365648,0.9474603531792863
2,0.25935453502461314,0.15814987176459527,0.16204869028735389,95.82692274448114,95.49163324574748,0.9474603531792863
3,0.29406980192288756,0.13117938314764013,0.13673126167619046,96.54778985945684,96.04480708062509,0.9474603531792863
4,0.2734604370780289,0.12072832698564906,0.12720636808575692,96.79326499213443,96.2038445581524,0.9474603531792863
5,0.25364300329238176,0.117181430758332,0.12409540921587911,96.91254516223832,96.29373530632002,0.9474603531792863
6,0.2884132838808,0.10345875103411581,0.11199575205998448,97.24964129514063,96.54266353201494,0.9474603531792863
7,0.3009433504194021,0.09615121121711603,0.10579980600503312,97.42423980500286,96.6671276448624,0.9474603531792863
8,0.25383579172194004,0.09454199580675389,0.10451131687601971,97.47782944664374,96.72244502835017,0.9474603531792863
9,0.25681514386087656,0.09302022949934696,0.1033017768688208,97.52277559769738,96.77084773890195,0.9474603531792863
10,0.25488453125581145,0.09157750443431523,0.10216270708023328,97.57463654122081,96.83999446826165,0.9474603531792863
11,0.2698273812420666,0.08616865305554623,0.09786916529258888,97.72157588120386,96.92988521642927,0.9474603531792863
12,0.2522069360129535,0.0850503027773052,0.09702026903432814,97.74750635296559,96.95754390817315,0.9474603531792863
13,0.2926773661747575,0.07917474641796159,0.09251183142520836,97.91173267412312,97.04051998340478,0.9474603531792863
14,0.2762054679915309,0.07697717213742243,0.09089231929319935,97.97742320258614,97.07509334808464,0.9474603531792863
15,0.27067673299461603,0.07501354493870517,0.08947956498636556,98.05867201410618,97.09583736689254,0.9474603531792863
16,0.28753215121105313,0.0724606831544734,0.0876833506138043,98.13127733503899,97.15806942331628,0.9474603531792863
17,0.27449888875707984,0.07100375968858347,0.08668714914653429,98.16585129738793,97.20647213386806,0.9474603531792863
18,0.28891712985932827,0.06909681582520413,0.08540498714374327,98.24018531643819,97.21338680680404,0.9474603531792863
19,0.2711419612169266,0.06795110913142074,0.08464992900662126,98.28340276937439,97.22030147974,0.9474603531792863
