,times,train_loss,test_loss,train_acc,test_acc,eta
0,35.43815879197791,0.6851690846507635,0.6854059003076742,54.257822222222224,54.1142,0.18566355334451112
1,36.020626170095056,0.680941847257338,0.6811703543784255,54.257822222222224,54.1142,0.18566355334451112
2,36.232536654919386,0.676825897745889,0.6770467172673147,54.260644444444445,54.1182,0.18566355334451112
3,37.19797783438116,0.6728177678732796,0.6730304497039882,54.815955555555554,54.6822,0.18566355334451112
4,35.714566780254245,0.6689140584134833,0.6691182737240741,56.74697777777778,56.6486,0.18566355334451112
5,35.88766480702907,0.6651115694532947,0.6653076912594253,59.04204444444444,58.9392,0.18566355334451112
6,36.68344007898122,0.66140719024726,0.6615955020687457,61.18297777777778,61.113,0.18566355334451112
7,35.535116059705615,0.6577978397833193,0.6579771329085307,63.1546,63.0796,0.18566355334451112
8,36.237568757962435,0.6542806363066058,0.6544520810527358,64.79226666666668,64.7302,0.18566355334451112
9,36.57807177491486,0.6508528252245237,0.6510160211878054,66.20864444444445,66.169,0.18566355334451112
10,36.61230691289529,0.6475116414184562,0.6476665940688668,67.43413333333334,67.40379999999999,0.18566355334451112
11,36.51366160996258,0.6442544712608993,0.6444015825247591,68.4692,68.4402,0.18566355334451112
12,37.026127791032195,0.641078811665657,0.6412179857472747,69.37464444444444,69.3142,0.18566355334451112
13,36.86137977568433,0.6379821716029402,0.6381129188670023,70.18291111111111,70.123,0.18566355334451112
14,39.484629821032286,0.6349621872337367,0.6350853388952677,70.85615555555556,70.7916,0.18566355334451112
15,35.730285924859345,0.6320165912098947,0.6321314373440022,71.47466666666666,71.4388,0.18566355334451112
16,36.76472801854834,0.6291431484556181,0.6292505800877413,71.97331111111112,71.9538,0.18566355334451112
17,35.766124178189784,0.6263396844659859,0.6264389076459081,72.45655555555555,72.4448,0.18566355334451112
18,45.27470083069056,0.6236041742074475,0.6236960211240172,72.85495555555556,72.84700000000001,0.18566355334451112
19,41.995381521992385,0.6209345889975791,0.6210184164890679,73.24080000000001,73.2156,0.18566355334451112
