,times,train_loss,test_loss,train_acc,test_acc,eta
0,35.53755509573966,0.6891708525949289,0.6894155291837779,54.257822222222224,54.1142,0.014375254655218508
1,37.08890130324289,0.6888311737272427,0.6890752236081624,54.257822222222224,54.1142,0.014375254655218508
2,36.14997169096023,0.6884922026790347,0.6887356144522846,54.257822222222224,54.1142,0.014375254655218508
3,35.9679049202241,0.6881539379982007,0.6883967240248325,54.257822222222224,54.1142,0.014375254655218508
4,35.22879857104272,0.6878163775920966,0.6880585327996787,54.257822222222224,54.1142,0.014375254655218508
5,37.14653614582494,0.6874795199671242,0.6877210386362982,54.257822222222224,54.1142,0.014375254655218508
6,37.11898494698107,0.6871433632025009,0.6873842630350314,54.257822222222224,54.1142,0.014375254655218508
7,36.1838743169792,0.6868079055217257,0.6870481499904854,54.257822222222224,54.1142,0.014375254655218508
8,35.70944009907544,0.6864731452602101,0.6867127708172719,54.257822222222224,54.1142,0.014375254655218508
9,49.9185355710797,0.6861390807056135,0.6863780702447322,54.257822222222224,54.1142,0.014375254655218508
10,49.97666979720816,0.6858057100668281,0.6860440699798266,54.257822222222224,54.1142,0.014375254655218508
11,37.35869132773951,0.6854730315961728,0.6857107608703678,54.257822222222224,54.1142,0.014375254655218508
12,36.21937635494396,0.6851410435460368,0.6853781384044277,54.257822222222224,54.1142,0.014375254655218508
13,36.807754159905016,0.6848097443783625,0.6850461988345987,54.257822222222224,54.1142,0.014375254655218508
14,36.24739149166271,0.6844791322194409,0.6847149602380466,54.257822222222224,54.1142,0.014375254655218508
15,35.2583593018353,0.6841492052751527,0.6843843932672145,54.257822222222224,54.1142,0.014375254655218508
16,41.09561863401905,0.6838199621210553,0.684054518763042,54.257822222222224,54.1142,0.014375254655218508
17,46.35457241302356,0.683491400886547,0.6837253226010765,54.257822222222224,54.1142,0.014375254655218508
18,43.53622806677595,0.6831635198605479,0.6833968040971817,54.257822222222224,54.1142,0.014375254655218508
19,45.745961274020374,0.6828363174434677,0.6830689669585284,54.257822222222224,54.1142,0.014375254655218508
