,times,train_loss,test_loss,train_acc,test_acc,eta
0,37.85501307900995,0.6781749390279571,0.6769991889865393,49.178266666666666,49.312,8.617738760127532
1,36.96490692393854,0.522195914183404,0.5218316627391555,77.89844444444444,77.8926,8.617738760127532
2,36.81441471306607,0.5015132086701815,0.5010025487175107,78.06602222222222,78.072,8.617738760127532
3,36.450080999638885,0.49020462034092604,0.48961448245657163,78.0424888888889,78.048,8.617738760127532
4,35.172917543910444,0.48284507769545626,0.48213072408790864,78.22662222222222,78.2342,8.617738760127532
5,34.98017981322482,0.47799378582452284,0.4771539515714054,78.36637777777779,78.35300000000001,8.617738760127532
6,35.26446890691295,0.4745668304950818,0.4736663948226406,78.40797777777777,78.4086,8.617738760127532
7,35.222402529791,0.47206984956872394,0.47110818516383257,78.45191111111112,78.45660000000001,8.617738760127532
8,35.95464523229748,0.4701643206803433,0.4691375598799595,78.50344444444444,78.491,8.617738760127532
9,36.18724530469626,0.46865636610820727,0.46758845373751745,78.53562222222223,78.52799999999999,8.617738760127532
10,35.77486860193312,0.46744300083044343,0.4663327283089967,78.5698888888889,78.5682,8.617738760127532
11,35.33149931114167,0.4664412069593941,0.46528819376252606,78.60122222222222,78.6012,8.617738760127532
12,35.984388154000044,0.46559597761419463,0.4644107193908866,78.62937777777778,78.61619999999999,8.617738760127532
13,37.04614032804966,0.4648734448187003,0.4636626223391531,78.65397777777778,78.6456,8.617738760127532
14,36.585450504906476,0.46424321992132656,0.46300284859140217,78.67871111111111,78.6664,8.617738760127532
15,36.81261859694496,0.46368992247373425,0.46242381162439483,78.70062222222222,78.6862,8.617738760127532
16,36.14496214315295,0.4631956563024625,0.46190923461994843,78.72013333333334,78.7116,8.617738760127532
17,36.67010385496542,0.46275172282121163,0.46144526700423516,78.7406,78.7334,8.617738760127532
18,37.51948200119659,0.46234877657671325,0.46102500977213273,78.75935555555556,78.7576,8.617738760127532
19,36.733590653166175,0.4619814931242451,0.4606394336281414,78.77793333333334,78.76859999999999,8.617738760127532
