,times,train_loss,test_loss,train_acc,test_acc,eta
0,2.377982437144965,0.3196681454036915,0.31395600319372946,90.24285714285715,90.49955834723721,1.8760487600286626
1,2.6262129270471632,0.3196302450843248,0.3139142721557581,90.24285714285715,90.49955834723721,1.8760487600286626
2,3.224785455968231,0.31959237073801855,0.3138727052608946,90.24285714285715,90.49955834723721,1.8760487600286626
3,2.4094915646128356,0.31955452220031405,0.31383114169741716,90.24285714285715,90.49955834723721,1.8760487600286626
4,2.2955660726875067,0.3195166994137899,0.3137896841281402,90.24285714285715,90.49955834723721,1.8760487600286626
5,2.6273338147439063,0.31947890235663606,0.3137481511527364,90.24285714285715,90.49955834723721,1.8760487600286626
6,2.422411018051207,0.3194411309044635,0.313706694814921,90.24285714285715,90.49955834723721,1.8760487600286626
7,2.861550649162382,0.3194033851266528,0.3136652550238875,90.24285714285715,90.49955834723721,1.8760487600286626
8,2.17281377222389,0.3193656649081132,0.3136237900591584,90.24285714285715,90.49955834723721,1.8760487600286626
9,2.3908608546480536,0.31932797016575065,0.3135824693502962,90.24285714285715,90.49955834723721,1.8760487600286626
10,2.898217929992825,0.3192903009211988,0.3135410466503001,90.24285714285715,90.49955834723721,1.8760487600286626
11,2.16424764925614,0.319252657103086,0.31349975042345063,90.24285714285715,90.49955834723721,1.8760487600286626
12,2.2687412346713245,0.3192150386908236,0.3134584969111209,90.24285714285715,90.49955834723721,1.8760487600286626
13,2.3238253970630467,0.31917744558348904,0.31341716655448293,90.24285714285715,90.49955834723721,1.8760487600286626
14,2.1871557207778096,0.31913987774975233,0.31337588711028785,90.24285714285715,90.49955834723721,1.8760487600286626
15,2.3318634033203125,0.3191023351374895,0.3133346657512912,90.24285714285715,90.49955834723721,1.8760487600286626
16,3.111126995179802,0.319064817771877,0.31329345408258125,90.24285714285715,90.49955834723721,1.8760487600286626
17,2.043278249911964,0.31902732555590113,0.31325225744151114,90.24285714285715,90.49955834723721,1.8760487600286626
18,1.9050150499679148,0.31898985841105193,0.3132110531789894,90.24285714285715,90.49955834723721,1.8760487600286626
19,1.7355638439767063,0.31895241635111177,0.3131699427928628,90.24285714285715,90.49955834723721,1.8760487600286626
