,times,train_loss,test_loss,train_acc,test_acc,eta
0,1.9530452201142907,0.5076912512113962,0.5062747927759498,90.24285714285715,90.49955834723721,0.004
1,2.223010804038495,0.4231034580589873,0.42072443984100555,90.24285714285715,90.49955834723721,0.004
2,2.1883045160211623,0.38071123854240596,0.3776481971961156,90.24285714285715,90.49955834723721,0.004
3,2.0221323259174824,0.35759397544589516,0.35402466871846383,90.24285714285715,90.49955834723721,0.004
4,2.052270775195211,0.34413656221350136,0.3401804495382008,90.24285714285715,90.49955834723721,0.004
5,2.102166806347668,0.33590615729311274,0.3316472771961926,90.24285714285715,90.49955834723721,0.004
6,2.010909692849964,0.3306799727469806,0.32617968579922096,90.24285714285715,90.49955834723721,0.004
7,2.0342651181854308,0.3272638702761043,0.32256832809804276,90.24285714285715,90.49955834723721,0.004
8,2.1656154352240264,0.3249796534327083,0.32012440014550214,90.24285714285715,90.49955834723721,0.004
9,2.098347708117217,0.32342447843118666,0.31843741435415224,90.24285714285715,90.49955834723721,0.004
10,2.101652984973043,0.32235018134336824,0.3172535465322828,90.24285714285715,90.49955834723721,0.004
11,1.991353244986385,0.3215992617764596,0.3164110086053828,90.24285714285715,90.49955834723721,0.004
12,1.8805422196164727,0.32106927455804385,0.31580404487277014,90.24285714285715,90.49955834723721,0.004
13,1.7757869740016758,0.32069221334186604,0.3153620514975297,90.24285714285715,90.49955834723721,0.004
14,1.8643083525821567,0.32042215967470017,0.3150370441344032,90.24285714285715,90.49955834723721,0.004
15,2.0215142969973385,0.32022766398858526,0.31479591103773924,90.24285714285715,90.49955834723721,0.004
16,2.0005227052606642,0.32008692653458515,0.31461550191500004,90.24285714285715,90.49955834723721,0.004
17,2.0170434839092195,0.3199846825690106,0.31447944546876816,90.24285714285715,90.49955834723721,0.004
18,2.0294914729893208,0.3199101511459775,0.314376047592896,90.24285714285715,90.49955834723721,0.004
19,2.14298925595358,0.3198556623102024,0.3142968801336473,90.24285714285715,90.49955834723721,0.004
