,times,train_loss,test_loss,train_acc,test_acc,eta
0,1.9607510571368039,0.31970227366573356,0.3139960358884941,90.24285714285715,90.49955834723721,0.18566355334451112
1,2.02858685515821,0.31969847063164997,0.3139891569064188,90.24285714285715,90.49955834723721,0.18566355334451112
2,2.1278026532381773,0.31969471663466326,0.31398503421435836,90.24285714285715,90.49955834723721,0.18566355334451112
3,2.205551471095532,0.3196909628913618,0.313980915149378,90.24285714285715,90.49955834723721,0.18566355334451112
4,2.4299497068859637,0.31968720940206363,0.31397679595940253,90.24285714285715,90.49955834723721,0.18566355334451112
5,2.1860454422421753,0.3196834561665196,0.3139726782119435,90.24285714285715,90.49955834723721,0.18566355334451112
6,1.6603873916901648,0.31967970318500993,0.31396855850599553,90.24285714285715,90.49955834723721,0.18566355334451112
7,1.6113447020761669,0.3196759504570469,0.3139644408541689,90.24285714285715,90.49955834723721,0.18566355334451112
8,1.6003682939335704,0.31967219798278285,0.31396032266386364,90.24285714285715,90.49955834723721,0.18566355334451112
9,1.605537915136665,0.3196684457624316,0.313956205154329,90.24285714285715,90.49955834723721,0.18566355334451112
10,1.6360545768402517,0.31966469379572154,0.31395208758281695,90.24285714285715,90.49955834723721,0.18566355334451112
11,1.6407133270986378,0.31966094208203316,0.3139479711753969,90.24285714285715,90.49955834723721,0.18566355334451112
12,1.6401900900527835,0.3196571906224329,0.31394385312897816,90.24285714285715,90.49955834723721,0.18566355334451112
13,1.6440808712504804,0.319653439416182,0.31393973661998453,90.24285714285715,90.49955834723721,0.18566355334451112
14,1.6233695247210562,0.31964968846326314,0.31393562035517536,90.24285714285715,90.49955834723721,0.18566355334451112
15,1.6542610619217157,0.31964593776383177,0.31393150479322396,90.24285714285715,90.49955834723721,0.18566355334451112
16,1.7645794106647372,0.31964218731799365,0.3139273883825298,90.24285714285715,90.49955834723721,0.18566355334451112
17,1.8007182660512626,0.31963843712535006,0.3139232725619738,90.24285714285715,90.49955834723721,0.18566355334451112
18,1.8256987510249019,0.3196346871861055,0.31391915744843524,90.24285714285715,90.49955834723721,0.18566355334451112
19,2.0160621129907668,0.3196309374999532,0.3139150423611914,90.24285714285715,90.49955834723721,0.18566355334451112
