,times,train_loss,test_loss,train_acc,test_acc,eta
0,0.6823684708215296,0.3196982922422374,0.31398399280024386,90.24285714285715,90.49955834723721,2.397937001275765
1,0.6817365502938628,0.31968224451504057,0.31396585802900345,90.24285714285715,90.49955834723721,2.397937001275765
2,0.6888244370929897,0.31966620325148964,0.3139478906819091,90.24285714285715,90.49955834723721,2.397937001275765
3,0.6786783537827432,0.31965016826483356,0.31392995500597715,90.24285714285715,90.49955834723721,2.397937001275765
4,0.6300783511251211,0.31963413955300074,0.31391200572309746,90.24285714285715,90.49955834723721,2.397937001275765
5,0.6614224137738347,0.3196181171119753,0.31389405044800306,90.24285714285715,90.49955834723721,2.397937001275765
6,0.658918694127351,0.31960210092572633,0.3138761257275284,90.24285714285715,90.49955834723721,2.397937001275765
7,0.6596124619245529,0.31958609099656426,0.3138581988117692,90.24285714285715,90.49955834723721,2.397937001275765
8,0.6426678388379514,0.31957008732106945,0.3138402723351128,90.24285714285715,90.49955834723721,2.397937001275765
9,0.6323889931663871,0.31955408989728584,0.31382235158669836,90.24285714285715,90.49955834723721,2.397937001275765
10,0.631988194771111,0.31953809871678046,0.31380443555754634,90.24285714285715,90.49955834723721,2.397937001275765
11,0.6393299456685781,0.31952211377336853,0.31378653441361976,90.24285714285715,90.49955834723721,2.397937001275765
12,0.6555824037641287,0.31950613506606257,0.31376862937729216,90.24285714285715,90.49955834723721,2.397937001275765
13,0.6333243940025568,0.319490162593825,0.3137507383424939,90.24285714285715,90.49955834723721,2.397937001275765
14,0.6344795706681907,0.31947419635579577,0.3137328537701228,90.24285714285715,90.49955834723721,2.397937001275765
15,0.6292364220134914,0.3194582363290018,0.3137149454955775,90.24285714285715,90.49955834723721,2.397937001275765
16,0.63143415376544,0.3194422825182844,0.31369708658286655,90.24285714285715,90.49955834723721,2.397937001275765
17,0.6333090672269464,0.31942633492099504,0.31367918891549523,90.24285714285715,90.49955834723721,2.397937001275765
18,0.6153984880074859,0.31941039353943096,0.3136613176673862,90.24285714285715,90.49955834723721,2.397937001275765
19,0.8361670542508364,0.31939445837627006,0.31364346598338355,90.24285714285715,90.49955834723721,2.397937001275765
