,times,train_loss,test_loss,train_acc,test_acc,eta
0,2.005315316375345,0.41212233454221076,0.4198546399818085,0.0,0.0,3.1609182482282505
1,2.02725414512679,0.39680115913675446,0.40370637122131325,0.0,0.0,3.1609182482282505
2,2.006928739603609,0.3891482991211782,0.39559876698941226,0.0,0.0,3.1609182482282505
3,11.677927383687347,0.41223334133582545,0.414654752953533,0.0,0.0,3.1609182482282505
4,6.8282275521196425,0.38748039302655407,0.3911372049661397,0.0,0.0,3.1609182482282505
5,6.85314448364079,0.3777763881241538,0.38218051465411235,0.0,0.0,3.1609182482282505
6,4.363183005247265,0.37243364877167257,0.37710776651534245,0.0,0.0,3.1609182482282505
7,4.439135553315282,0.3696609838708565,0.37456403214989775,0.0,0.0,3.1609182482282505
8,4.332918544765562,0.3685088332606426,0.37364126828731337,0.0,0.0,3.1609182482282505
9,4.222748695872724,0.368245376237154,0.3734914238791279,0.0,0.0,3.1609182482282505
10,1.8394084172323346,0.36791308244194515,0.37313020750105824,0.0,0.0,3.1609182482282505
11,1.8697117897681892,0.36768561917488013,0.37288827180220013,0.0,0.0,3.1609182482282505
12,1.869931933004409,0.3675173046663823,0.3726906264502551,0.0,0.0,3.1609182482282505
13,4.296782600227743,0.3669230936059248,0.37211410825547386,0.0,0.0,3.1609182482282505
14,9.051371295005083,0.36615945364037794,0.3713689943405195,0.0,0.0,3.1609182482282505
15,4.193559011910111,0.3658484559658407,0.3710859385280238,0.0,0.0,3.1609182482282505
16,4.322048950009048,0.36551393375500996,0.37079245000000455,0.0,0.0,3.1609182482282505
17,4.336449904832989,0.36515966350819534,0.370484125673961,0.0,0.0,3.1609182482282505
18,4.360001446213573,0.3649106898521169,0.3702706800074745,0.0,0.0,3.1609182482282505
19,4.365124669857323,0.3647077547286796,0.3700897903644736,0.0,0.0,3.1609182482282505
