,times,train_loss,test_loss,train_acc,test_acc,eta
0,6.871783792041242,0.3890058422721576,0.39495491089419776,0.0,0.0,2.4473842035271822
1,6.9073455152101815,0.3768423695082586,0.38161723130999897,0.0,0.0,2.4473842035271822
2,2.038979788310826,0.37461402563855367,0.37961193438858754,0.0,0.0,2.4473842035271822
3,4.4205274591222405,0.3726966061618623,0.3776444979208171,0.0,0.0,2.4473842035271822
4,6.763983394950628,0.37081412494321153,0.37570712555336105,0.0,0.0,2.4473842035271822
5,6.84713493892923,0.3689290069424035,0.37389195025692584,0.0,0.0,2.4473842035271822
6,4.392973233945668,0.3680861193992245,0.3731171187654323,0.0,0.0,2.4473842035271822
7,4.463201871141791,0.3673622565711918,0.3724438124713608,0.0,0.0,2.4473842035271822
8,1.9963604412041605,0.36720630715648656,0.3723016534227391,0.0,0.0,2.4473842035271822
9,4.434999272692949,0.3666605946275363,0.37179431661317275,0.0,0.0,2.4473842035271822
10,1.9968942739069462,0.36654929183063933,0.371692708562403,0.0,0.0,2.4473842035271822
11,2.0240206751041114,0.3664469343721684,0.3715997193132615,0.0,0.0,2.4473842035271822
12,4.402552813757211,0.36585990718331846,0.3710673729205481,0.0,0.0,2.4473842035271822
13,2.0222275680862367,0.36578616333407193,0.37100811622756147,0.0,0.0,2.4473842035271822
14,2.005931105930358,0.36571496597145337,0.37094084701580654,0.0,0.0,2.4473842035271822
15,2.037541714962572,0.36564709253237976,0.37088164007264984,0.0,0.0,2.4473842035271822
16,4.447249413002282,0.36506974318302293,0.37037735978901126,0.0,0.0,2.4473842035271822
17,2.027034126687795,0.36501808884773057,0.3703357007749295,0.0,0.0,2.4473842035271822
18,4.453500038012862,0.36456756351388686,0.36995793370974556,0.0,0.0,2.4473842035271822
19,2.030127092730254,0.3645261097497998,0.36992257218797203,0.0,0.0,2.4473842035271822
