,times,train_loss,test_loss,train_acc,test_acc,eta
0,6.870032939128578,,,0.0,0.0,0.8795442791215593
1,2.0143398880027235,,,0.0,0.0,0.8795442791215593
2,1.981478167232126,,,0.0,0.0,0.8795442791215593
3,4.458552938885987,,,0.0,0.0,0.8795442791215593
4,1.9745129360817373,,,0.0,0.0,0.8795442791215593
5,6.910047249868512,,,0.0,0.0,0.8795442791215593
6,4.428480282891542,,,0.0,0.0,0.8795442791215593
7,4.459814618807286,,,0.0,0.0,0.8795442791215593
8,11.731914842035621,,,0.0,0.0,0.8795442791215593
9,2.0050879078917205,,,0.0,0.0,0.8795442791215593
10,4.196832010988146,,,0.0,0.0,0.8795442791215593
11,4.221546881832182,,,0.0,0.0,0.8795442791215593
12,6.391396697144955,,,0.0,0.0,0.8795442791215593
13,1.9218560713343322,,,0.0,0.0,0.8795442791215593
14,1.9468789207749069,,,0.0,0.0,0.8795442791215593
15,4.19809982413426,,,0.0,0.0,0.8795442791215593
16,4.162556420080364,,,0.0,0.0,0.8795442791215593
17,1.9692765548825264,,,0.0,0.0,0.8795442791215593
18,4.1598364929668605,,,0.0,0.0,0.8795442791215593
19,4.194020581897348,,,0.0,0.0,0.8795442791215593
