,times,train_loss,test_loss,train_acc,test_acc,eta
0,4.49406313104555,0.4436374902794862,0.45244664705772897,0.0,0.0,0.27825594022071226
1,4.555524814873934,,,0.0,0.0,0.27825594022071226
2,4.561354665085673,,,0.0,0.0,0.27825594022071226
3,4.59390321187675,,,0.0,0.0,0.27825594022071226
4,4.593562902882695,,,0.0,0.0,0.27825594022071226
5,4.631930627394468,,,0.0,0.0,0.27825594022071226
6,4.632591289002448,,,0.0,0.0,0.27825594022071226
7,4.670954854693264,,,0.0,0.0,0.27825594022071226
8,4.6721106097102165,,,0.0,0.0,0.27825594022071226
9,4.703541604802012,,,0.0,0.0,0.27825594022071226
10,4.70806204713881,,,0.0,0.0,0.27825594022071226
11,4.735388609115034,,,0.0,0.0,0.27825594022071226
12,4.704365050885826,,,0.0,0.0,0.27825594022071226
13,4.6853516129776835,,,0.0,0.0,0.27825594022071226
14,4.702676541171968,,,0.0,0.0,0.27825594022071226
15,4.725517875980586,,,0.0,0.0,0.27825594022071226
16,4.709627045784146,,,0.0,0.0,0.27825594022071226
17,4.754859275184572,,,0.0,0.0,0.27825594022071226
18,4.4483529780991375,,,0.0,0.0,0.27825594022071226
19,4.463953414931893,,,0.0,0.0,0.27825594022071226
