,times,train_loss,test_loss,train_acc,test_acc,eta
0,0.29097166610881686,0.10966362469473263,0.11748145304428809,96.98169308693623,96.43894343797538,0.6666666666666666
1,0.28618805995211005,0.07947942797581502,0.09217810396719647,97.78726640966688,97.04051998340478,0.6666666666666666
2,0.28435636404901743,0.06421468867287383,0.08140084203643573,98.25747229761267,97.24796017148388,0.6666666666666666
3,0.3057108838111162,0.05288969001633871,0.0748316705577116,98.66025895897799,97.36550961139538,0.6666666666666666
4,0.26275729993358254,0.05056584080630416,0.07386080279916447,98.74496516673294,97.38625363020329,0.6666666666666666
5,0.2925171800889075,0.046203645909051766,0.07202933828321237,98.94549414835687,97.4069976490112,0.6666666666666666
6,0.2947597489692271,0.042559294820631574,0.07075490027335256,99.08551869587014,97.44157101369105,0.6666666666666666
7,0.2670624819584191,0.04142012313851368,0.07036952906184533,99.1200926582191,97.4277416678191,0.6666666666666666
8,0.28979892563074827,0.03870745079995081,0.06958633168651175,99.21171365844383,97.41391232194717,0.6666666666666666
9,0.3023409699089825,0.036096698279684265,0.06895824509764181,99.30679205490345,97.4069976490112,0.6666666666666666
10,0.2689146907068789,0.035467616281988246,0.06880777397069038,99.32407903607793,97.4069976490112,0.6666666666666666
11,0.2965917307883501,0.034114611699961606,0.06854626319323698,99.37593997960136,97.4069976490112,0.6666666666666666
12,0.26737956004217267,0.03361498839542822,0.06845542031656936,99.39322696077583,97.4277416678191,0.6666666666666666
13,0.2694862592034042,0.03314727043586973,0.06838443465297084,99.40705654571542,97.4069976490112,0.6666666666666666
14,0.27137849712744355,0.032708647743259774,0.06832323129405936,99.4139713381852,97.41391232194717,0.6666666666666666
15,0.2685321168974042,0.03229641537194611,0.06827656880830538,99.43125831935969,97.42082699488314,0.6666666666666666
16,0.3075692346319556,0.029929375354111155,0.068161960193897,99.48311926288312,97.44157101369105,0.6666666666666666
17,0.29199235467240214,0.029304705529114437,0.06817969822086178,99.49867754594015,97.44848568662702,0.6666666666666666
18,0.2923498647287488,0.0287321117141411,0.0682199720536744,99.50904973464483,97.43465634075508,0.6666666666666666
19,0.27239116793498397,0.028517641126451464,0.06823579343513823,99.51596452711463,97.42082699488314,0.6666666666666666
