,times,train_loss,test_loss,train_acc,test_acc,eta
0,52.12782585481182,1.161923584759164,1.1590311885465319,46.541222222222224,46.6946,0.6666666666666666
1,19.449697474949062,0.7213115595962017,0.7212816538801454,69.96104444444444,69.9004,0.6666666666666666
2,19.025478730909526,0.8645733521017087,0.8616759050878359,59.12562222222222,59.288,0.6666666666666666
3,35.55352314375341,0.5565921588875928,0.553941049411156,76.20928888888889,76.2482,0.6666666666666666
4,51.891091347206384,0.5394337234987561,0.5360799236149857,78.14995555555555,78.1482,0.6666666666666666
5,68.0825503882952,0.5107355163285185,0.5073539354973927,78.29286666666667,78.2988,0.6666666666666666
6,19.43946829298511,0.5007993215266864,0.49753552175448734,78.10428888888889,78.096,0.6666666666666666
7,35.49207420414314,0.5915457200910494,0.5895088581205158,75.58206666666666,75.5762,0.6666666666666666
8,35.50347054563463,0.7594275132531606,0.7580942802527347,71.72106666666667,71.6962,0.6666666666666666
9,52.291431991849095,0.6852829366104884,0.6817576377469002,66.56668888888889,66.7284,0.6666666666666666
10,35.57816817332059,0.6359662977225425,0.6326508907296569,69.11953333333334,69.2836,0.6666666666666666
11,35.370043313130736,0.6315587157612342,0.6282275336567344,69.37295555555556,69.55160000000001,0.6666666666666666
12,35.42691541276872,0.6944469977639697,0.6928160146012642,73.20375555555556,73.185,0.6666666666666666
13,19.881950752809644,0.5497232021764091,0.5467045632243912,73.80955555555556,73.9548,0.6666666666666666
14,19.48355619283393,0.9205555013162433,0.9194685397121024,69.19222222222223,69.1234,0.6666666666666666
15,19.397882456425577,0.6162526798156922,0.612911247921611,70.13155555555555,70.3176,0.6666666666666666
16,51.6357139153406,0.8832899540345828,0.8820363865680302,69.7756888888889,69.7142,0.6666666666666666
17,19.318060285877436,1.1128640325896124,1.1077201501097456,53.519866666666665,53.6602,0.6666666666666666
18,52.070321726147085,0.4825591602231804,0.48015040827650346,78.8682,78.8946,0.6666666666666666
19,35.5147132310085,0.5637868107575621,0.5605765537407265,72.95766666666667,73.1036,0.6666666666666666
