,times,train_loss,test_loss,train_acc,test_acc,eta
0,19.147521255072206,0.8798554389790518,0.8816225126170573,55.03477777777778,54.898,0.7335841422469557
1,68.32832162082195,0.47372921401274404,0.4727771343612873,78.03871111111111,78.0324,0.7335841422469557
2,35.020081540104,0.46878642946846505,0.467478860445412,78.27495555555555,78.27199999999999,0.7335841422469557
3,52.00126327527687,0.46600364379790604,0.46452238655164774,78.41453333333334,78.3978,0.7335841422469557
4,35.3143264609389,0.46449992461152473,0.46299235528054744,78.51542222222223,78.4982,0.7335841422469557
5,19.06283666100353,0.46373936818119443,0.4622523885096181,78.57877777777777,78.5772,0.7335841422469557
6,52.40271276421845,0.4617876987396799,0.4603135887377652,78.73711111111112,78.74340000000001,0.7335841422469557
7,19.787777818273753,0.46140914010237694,0.4599219597826525,78.76802222222221,78.75659999999999,0.7335841422469557
8,52.105359338223934,0.460271997295355,0.45878730831587583,78.85084444444445,78.851,0.7335841422469557
9,19.679709354881197,0.46001841775936075,0.4585390793678987,78.87082222222222,78.854,0.7335841422469557
10,19.576588036026806,0.45977134991986895,0.45827642570111427,78.87973333333333,78.8762,0.7335841422469557
11,19.624244181904942,0.4595360607560776,0.45804349001712585,78.89477777777778,78.8938,0.7335841422469557
12,51.98713587876409,0.4585159414689058,0.45700325798656954,78.96344444444445,78.9574,0.7335841422469557
13,19.7657812978141,0.4583577317517667,0.4568414713502279,78.97271111111111,78.9572,0.7335841422469557
14,35.68146599177271,0.4579398448923115,0.4564053738080658,79.00088888888888,78.9742,0.7335841422469557
15,35.986483773216605,0.4576112052170431,0.4560607544255771,79.01866666666666,78.99,0.7335841422469557
16,35.328173983842134,0.4573110465710952,0.4557471844761226,79.03237777777778,79.0064,0.7335841422469557
17,35.64436320774257,0.4570757344346497,0.4554962003988651,79.04508888888888,79.017,0.7335841422469557
18,50.65613813698292,0.4568292221205715,0.455236115091607,79.0582,79.0266,0.7335841422469557
19,36.0879042618908,0.45666736985744605,0.45506427373882935,79.06368888888889,79.0368,0.7335841422469557
