,times,train_loss,test_loss,train_acc,test_acc,eta
0,70.15758169814944,5.702136821577293,5.681118819708742,47.17913333333333,47.316,0.6666666666666666
1,20.36928853811696,6.0287635034786256,6.022786464440147,62.35337777777778,62.2886,0.6666666666666666
2,36.524636396206915,1.4627870160272958,1.4433092974459356,76.85197777777778,76.8786,0.6666666666666666
3,36.46228996478021,2.998855494637103,2.975138035880677,72.99422222222222,72.97,0.6666666666666666
4,19.210461769718677,2.3472632037715284,2.3199536012460538,67.26655555555556,67.4162,0.6666666666666666
5,35.59636201709509,2.682562966207009,2.6575165812054604,73.94842222222222,73.92699999999999,0.6666666666666666
6,35.72021836461499,5.4961121218298175,5.45444396035773,51.36857777777778,51.5238,0.6666666666666666
7,84.41823854483664,3.56722991715488,3.5324104400055343,58.561,58.7188,0.6666666666666666
8,34.82993971509859,4.146057697985212,4.124534212419516,69.14026666666666,69.07339999999999,0.6666666666666666
9,36.22718193428591,1.594480126312769,1.5681326044514805,78.27042222222222,78.3302,0.6666666666666666
10,52.36664301389828,3.3797706545972863,3.354939465746646,71.41928888888889,71.3916,0.6666666666666666
11,35.82569397287443,3.629894552773853,3.6056276171556285,70.62226666666666,70.5796,0.6666666666666666
12,19.418495366815478,3.929180560227458,3.905747894498016,69.7470888888889,69.6806,0.6666666666666666
13,52.20658658631146,4.652219153732713,4.612325289957811,53.58864444444445,53.7668,0.6666666666666666
14,35.93248423375189,2.3359526931001033,2.3048442168274375,66.79535555555555,66.959,0.6666666666666666
15,19.37753457110375,2.290983522843383,2.2622803106433427,75.3874,75.3724,0.6666666666666666
16,19.527166705112904,4.228960012632916,4.205487459849536,68.93173333333334,68.8714,0.6666666666666666
17,52.44597985642031,3.3176143137503824,3.2818389264391197,59.803466666666665,59.9352,0.6666666666666666
18,83.15406195027754,2.8958081905299466,2.866719114867659,73.08666666666667,73.063,0.6666666666666666
19,51.6086395108141,2.463665612652765,2.430343780446987,65.90655555555556,66.06739999999999,0.6666666666666666
