,times,train_loss,test_loss,train_acc,test_acc,eta
0,20.922680272255093,0.6295814875945893,0.6296841053969433,72.15504444444444,72.132,1.5804591241141248
1,36.84986679116264,0.5631667332529804,0.5630331094174831,77.2036,77.2146,1.5804591241141248
2,20.34170977398753,0.543908925669626,0.5436859404341257,77.54157777777777,77.5454,1.5804591241141248
3,20.442573835141957,0.5296993213477414,0.5294121777214954,77.65755555555555,77.6582,1.5804591241141248
4,85.33498324127868,0.4717070956150911,0.47076291132997256,78.13826666666667,78.1348,1.5804591241141248
5,52.625735979061574,0.47003838671165316,0.4688805844522576,78.232,78.22200000000001,1.5804591241141248
6,35.743138667196035,0.469132189988815,0.46788355368822016,78.27944444444444,78.267,1.5804591241141248
7,36.19590025302023,0.46786291527546214,0.4665144340485932,78.33137777777777,78.321,1.5804591241141248
8,101.03806695714593,0.46563775682446873,0.46409651591138884,78.4276888888889,78.4288,1.5804591241141248
9,36.40860782889649,0.4649954861622455,0.463457713090716,78.47775555555556,78.4678,1.5804591241141248
10,20.410226022824645,0.46472839160651574,0.4631975745219972,78.49926666666667,78.4878,1.5804591241141248
11,20.475353224668652,0.4644778124658396,0.46295390709595763,78.51948888888889,78.514,1.5804591241141248
12,22.471047001890838,0.4642421652734976,0.4627245688039277,78.53775555555555,78.532,1.5804591241141248
13,37.111724731046706,0.46332900690881723,0.4618243068675642,78.6146,78.6112,1.5804591241141248
14,70.96777850575745,0.46194622392435414,0.4604619419497116,78.73088888888888,78.7316,1.5804591241141248
15,37.17445178236812,0.4615557773119945,0.46007236069009727,78.76026666666667,78.756,1.5804591241141248
16,20.36412078514695,0.46144601221015225,0.45996191297659617,78.76506666666667,78.76599999999999,1.5804591241141248
17,17.143123316578567,0.4613396302200565,0.4598561882102467,78.77142222222221,78.768,1.5804591241141248
18,36.04131069080904,0.4608895289078901,0.4594058015473045,78.8058,78.80199999999999,1.5804591241141248
19,36.328054376877844,0.4605118022824952,0.45902657627135957,78.83368888888889,78.8352,1.5804591241141248
