,times,train_loss,test_loss,train_acc,test_acc,eta
0,0.28797348495572805,0.2848310349720211,0.2853679865486706,91.10066209137898,91.30134144654957,1.2236921017635911
1,0.2890587872825563,0.21413220043092412,0.21582144148100318,93.9288122115235,94.08795463974553,1.2236921017635911
2,0.2956803748384118,0.17078247796227614,0.17377902909109363,95.22360710149187,95.00760614022957,1.2236921017635911
3,0.2916619940660894,0.1456719162244359,0.14977829666798942,95.83210883883348,95.4639745540036,1.2236921017635911
4,0.3285769959911704,0.1199222087203761,0.12554465047485167,96.48382802911128,95.89959894896971,1.2236921017635911
5,0.2664986518211663,0.11755512444533185,0.12347634968675154,96.58582121804069,96.03097773475315,1.2236921017635911
6,0.2688163439743221,0.11538565504040636,0.12160932322660295,96.66879872767818,96.12086848292076,1.2236921017635911
7,0.31273177871480584,0.10449181231743734,0.11204983798930566,97.02836793610732,96.37671138155166,1.2236921017635911
8,0.27167272800579667,0.10308796817092523,0.11092548029490712,97.0819575777482,96.38362605448762,1.2236921017635911
9,0.27270783204585314,0.10175029546692337,0.10985477730708525,97.13036112503673,96.44585811091136,1.2236921017635911
10,0.3123034597374499,0.09445640348861424,0.10383252306140388,97.3896658426539,96.67404231779837,1.2236921017635911
11,0.30948337307199836,0.08978489471150536,0.10011213599390083,97.55043476757653,96.81233577651777,1.2236921017635911
12,0.28362833289429545,0.08752242156792919,0.09836706292862309,97.60748180545231,96.83999446826165,1.2236921017635911
13,0.2611156292259693,0.08675423787109263,0.09779447449588037,97.63341227721403,96.85382381413359,1.2236921017635911
14,0.2726313569582999,0.08600786229781664,0.09724100223706898,97.65934274897575,96.89531185174941,1.2236921017635911
15,0.28961400175467134,0.08292469925720503,0.09493866610886625,97.76133593790516,96.98520259991702,1.2236921017635911
16,0.31646559899672866,0.07935825197635474,0.09232255737380934,97.86851522118693,97.01977596459687,1.2236921017635911
17,0.31306223990395665,0.07701608597753065,0.0906492504978242,97.94630663647207,97.09583736689254,1.2236921017635911
18,0.3110076687298715,0.07532846594481932,0.0894703342914552,98.01718325928744,97.07509334808464,1.2236921017635911
19,0.2888509868644178,0.07419395529262973,0.08869276313185573,98.05867201410618,97.10275203982852,1.2236921017635911
