,times,train_loss,test_loss,train_acc,test_acc,eta
0,0.24365232791751623,0.3003554477005693,0.30155497072883125,92.36434041523329,92.6842760337436,0.9474603531792863
1,0.3153069010004401,0.1624264182432551,0.16511671340498454,95.05246598786454,94.78633660627852,0.9474603531792863
2,0.3165203910320997,0.13448134944506343,0.138949709256738,96.02572302798762,95.602268012723,0.9474603531792863
3,0.2798473723232746,0.12458014606294522,0.13004233734806772,96.46308365170191,95.94800165952151,0.9474603531792863
4,0.2641500676982105,0.1206353212786413,0.12660369441340413,96.61693778415476,96.09320979117688,0.9474603531792863
5,0.26870693219825625,0.11712093174992219,0.12356747824515889,96.75177623731568,96.12778315585673,0.9474603531792863
6,0.26818320620805025,0.1139543239879314,0.12085572470256534,96.86068421871488,96.2522472687042,0.9474603531792863
7,0.2910081292502582,0.10342555587660382,0.11180544793527947,97.21506733279168,96.53574885907896,0.9474603531792863
8,0.2951582898385823,0.09544629025497266,0.10512139903459401,97.4657285598216,96.77084773890195,0.9474603531792863
9,0.2858415199443698,0.0938807727912203,0.1038770641818966,97.50375991840545,96.79159175770987,0.9474603531792863
10,0.2953413790091872,0.09240098347858017,0.10270966203801085,97.54870606945909,96.79850643064583,0.9474603531792863
11,0.28865706687793136,0.08633709284836498,0.09783697921567892,97.70601759814683,96.93679988936523,0.9474603531792863
12,0.31474813912063837,0.08004163943060978,0.0929311947908796,97.86332912683459,97.03360531046881,0.9474603531792863
13,0.2736867149360478,0.07917331606674714,0.09231045689259922,97.90308918353588,97.08892269395658,0.9474603531792863
14,0.2707057227380574,0.07833612744923439,0.09171621257835924,97.93420574964993,97.09583736689254,0.9474603531792863
15,0.29782939003780484,0.0752961728377632,0.08951362905796142,98.03447024046191,97.11658138570046,0.9474603531792863
16,0.28043425595387816,0.07303570579735685,0.08792026127589818,98.081145089633,97.16498409625224,0.9474603531792863
17,0.3430015919730067,0.06980176076371428,0.08570460466455057,98.18313827856241,97.22030147974,0.9474603531792863
18,0.2662014812231064,0.06924578078241721,0.08534315468716261,98.20561135408923,97.22030147974,0.9474603531792863
19,0.2623413330875337,0.06870367811782353,0.0849924659942376,98.23499922208585,97.23413082561194,0.9474603531792863
