,times,train_loss,test_loss,train_acc,test_acc,eta
0,0.29440617887303233,0.31110964013959724,0.3110056109852526,89.015852161737,88.98492601299958,1.5804591241141248
1,0.34872722206637263,0.2006975210482077,0.20162039193386688,93.12323888879286,93.38265800027659,1.5804591241141248
2,0.2952591869980097,0.1762721694822183,0.17845809841285784,94.60127577921068,94.51666436177568,1.5804591241141248
3,0.2689306987449527,0.1700076591552225,0.172639288141825,94.98677545940153,94.7448485686627,1.5804591241141248
4,0.2740425206720829,0.16456206896750053,0.16758205143626725,95.25818106384082,95.00069146729359,1.5804591241141248
5,0.26875978894531727,0.1597378325857725,0.1631070603785069,95.46908223416945,95.24270502005255,1.5804591241141248
6,0.2941689556464553,0.1383499484163148,0.14319851578222106,96.15018929244386,95.6714147420827,1.5804591241141248
7,0.28971080109477043,0.12499435579590112,0.13081612959223682,96.52013068957768,95.92725764071359,1.5804591241141248
8,0.2687873472459614,0.12308960484322039,0.12905333256552234,96.59619340674539,96.03097773475315,1.5804591241141248
9,0.29074481315910816,0.11310682281789707,0.1199094012689479,96.87797119988936,96.2729912875121,1.5804591241141248
10,0.28756196377798915,0.1064658791416138,0.11392314103002281,97.00416616246305,96.37671138155166,1.5804591241141248
11,0.26659469306468964,0.10547977928084104,0.11309657709721115,97.04392621916435,96.43202876503942,1.5804591241141248
12,0.29272415302693844,0.0995693971543513,0.1079376706523446,97.21160993655678,96.57032222375882,1.5804591241141248
13,0.3202559160999954,0.0932197234846978,0.10250202940396028,97.36892146524453,96.70861568247823,1.5804591241141248
14,0.26766775874421,0.09259372073266203,0.10203143160006074,97.40176672947604,96.74318904715807,1.5804591241141248
15,0.2854060479439795,0.08948785270204397,0.09954297932674523,97.49338772970076,96.81925044945375,1.5804591241141248
16,0.2847838127054274,0.08718673351348066,0.09772994050934293,97.5711791449859,96.85382381413359,1.5804591241141248
17,0.2647462780587375,0.08669222115148718,0.0973704226674342,97.58673742804294,96.88839717881345,1.5804591241141248
18,0.2688755840063095,0.08620730772845736,0.09701865124287908,97.60229571109997,96.88148250587747,1.5804591241141248
19,0.29062326811254025,0.08366159594277543,0.09509455797216591,97.6870019188549,96.94371456230121,1.5804591241141248
