,times,train_loss,test_loss,train_acc,test_acc,eta
0,0.21262566093355417,0.6926846375484519,0.6926862387249627,78.16654277663491,78.39856174802932,0.0018566355334451114
1,0.29250278882682323,0.5127836285859033,0.5133832073034028,88.11174304631183,88.0099571290278,0.0018566355334451114
2,0.3165550446137786,0.40688279255650694,0.4076806426510424,90.2864452780611,90.40934863780943,0.0018566355334451114
3,0.3398776608519256,0.3264793123070309,0.3276142531097534,91.78868394212319,92.04121145069838,0.0018566355334451114
4,0.3690216029062867,0.25531638859167755,0.25674632136170644,93.34796964406105,93.5416954778039,0.0018566355334451114
5,0.3964533768594265,0.2045019551562826,0.20650548790979917,94.31085449547946,94.30922417369658,0.0018566355334451114
6,0.4302575592882931,0.16690774799190605,0.16957773227441317,95.05765208221688,94.83473931683031,0.0018566355334451114
7,0.4583335779607296,0.13869598544895415,0.1423276340314282,95.67998340449807,95.29802240354032,0.0018566355334451114
8,0.4882461689412594,0.11928834711067195,0.12416236202090031,96.10351444327277,95.63684137740285,0.0018566355334451114
9,0.5144209587015212,0.10523983355147992,0.11151895523542724,96.40085051947378,95.92034296777763,0.0018566355334451114
10,0.547613515984267,0.09556112590011268,0.1031630304696442,96.70855878437948,96.19692988521643,0.0018566355334451114
11,0.547059488017112,0.08862720999199322,0.09760658469272956,96.9194599547081,96.38362605448762,0.0018566355334451114
12,0.5458717830479145,0.08506963106062598,0.0951104339954229,97.0421975210469,96.42511409210344,0.0018566355334451114
13,0.5453864578157663,0.08089787399242052,0.09245425302308094,97.20469514408698,96.59106624256673,0.0018566355334451114
14,0.5470230630598962,0.07784463017171951,0.09088252838651183,97.33261880477812,96.72935970128613,0.0018566355334451114
15,0.5473874760791659,0.07455780766438637,0.08940090398386047,97.51758950334504,96.8054211035818,0.0018566355334451114
16,0.5461044851690531,0.0709854480511379,0.08810012929573716,97.68873061697236,96.78467708477389,0.0018566355334451114
17,0.5470063900575042,0.0671829140013077,0.08682444970102024,97.88234480612651,96.90914119762135,0.0018566355334451114
18,0.5523200230672956,0.06382108094631928,0.0856142501921068,98.01891195740488,96.92988521642927,0.0018566355334451114
19,0.5477385623380542,0.06041147968664954,0.08427110903669975,98.10880425951215,96.91605587055733,0.0018566355334451114
