,times,train_loss,test_loss,train_acc,test_acc,eta
0,0.5820944416336715,0.35366759314745794,0.34998877709555287,90.24285714285715,90.49955834723721,0.05166198660059535
1,0.6194940768182278,0.32606662007398796,0.321285566424879,90.24285714285715,90.49955834723721,0.05166198660059535
2,0.6540038445964456,0.3212119837044203,0.31596301441157615,90.24285714285715,90.49955834723721,0.05166198660059535
3,0.6458704839460552,0.32010196460873075,0.31462830538941217,90.24285714285715,90.49955834723721,0.05166198660059535
4,0.6673617879860103,0.31981823564041684,0.3142308015495079,90.24285714285715,90.49955834723721,0.05166198660059535
5,0.6658582990057766,0.3197416047280192,0.3140950681397483,90.24285714285715,90.49955834723721,0.05166198660059535
6,0.6914457101374865,0.31972017149325244,0.3140425275741001,90.24285714285715,90.49955834723721,0.05166198660059535
7,0.6575820287689567,0.31971391594137893,0.3140197811418385,90.24285714285715,90.49955834723721,0.05166198660059535
8,0.6351660322397947,0.31971190189548143,0.31400898519077297,90.24285714285715,90.49955834723721,0.05166198660059535
9,0.6493391012772918,0.31971108332128745,0.31400347236275733,90.24285714285715,90.49955834723721,0.05166198660059535
10,0.5947465011849999,0.3197106032153135,0.3140004715982001,90.24285714285715,90.49955834723721,0.05166198660059535
11,0.5448934249579906,0.3197102191684635,0.31399872441656906,90.24285714285715,90.49955834723721,0.05166198660059535
12,0.5766196111217141,0.3197098624204732,0.31399762146503535,90.24285714285715,90.49955834723721,0.05166198660059535
13,0.601065170019865,0.31970951343721193,0.3139968552180225,90.24285714285715,90.49955834723721,0.05166198660059535
14,0.5946460720151663,0.31970916666496163,0.3139962666264752,90.24285714285715,90.49955834723721,0.05166198660059535
15,0.5913375141099095,0.31970882052385047,0.31399577224045444,90.24285714285715,90.49955834723721,0.05166198660059535
16,0.5823184750042856,0.3197084745644276,0.3139953279608205,90.24285714285715,90.49955834723721,0.05166198660059535
17,0.6075031720101833,0.31970812865877196,0.31399491036096994,90.24285714285715,90.49955834723721,0.05166198660059535
18,0.7238726858049631,0.3197077827704969,0.3139945069690029,90.24285714285715,90.49955834723721,0.05166198660059535
19,0.9396876050159335,0.31970743688926656,0.3139941111619152,90.24285714285715,90.49955834723721,0.05166198660059535
