,times,train_loss,test_loss,train_acc,test_acc,eta
0,0.6496597439981997,0.4878681259367742,0.486249806909488,90.24285714285715,90.49955834723721,0.014375254655218508
1,0.6607555937953293,0.40496701268382673,0.40231506042138315,90.24285714285715,90.49955834723721,0.014375254655218508
2,0.6558549958281219,0.36688552520807544,0.36353080737390064,90.24285714285715,90.49955834723721,0.014375254655218508
3,0.7257490269839764,0.3474368862704213,0.34357902808637186,90.24285714285715,90.49955834723721,0.014375254655218508
4,0.7231434392742813,0.336710585781009,0.3324786639500291,90.24285714285715,90.49955834723721,0.014375254655218508
5,0.6172020449303091,0.33045749318110784,0.32593976634887234,90.24285714285715,90.49955834723721,0.014375254655218508
6,0.6153266257606447,0.3266605466043971,0.3219200064490982,90.24285714285715,90.49955834723721,0.014375254655218508
7,0.6381331137381494,0.32428340952580775,0.31936651297825575,90.24285714285715,90.49955834723721,0.014375254655218508
8,0.6220412850379944,0.3227599391403314,0.31770182725050233,90.24285714285715,90.49955834723721,0.014375254655218508
9,0.5974888219498098,0.3217656442209663,0.3165934295726555,90.24285714285715,90.49955834723721,0.014375254655218508
10,0.6095583480782807,0.32110734151430625,0.3158422718599303,90.24285714285715,90.49955834723721,0.014375254655218508
11,0.6318518901243806,0.3206664789696848,0.31532541479598086,90.24285714285715,90.49955834723721,0.014375254655218508
12,0.6245836750604212,0.32036850365612574,0.3149649589252162,90.24285714285715,90.49955834723721,0.014375254655218508
13,0.6276164939627051,0.32016559266942807,0.3147104874117629,90.24285714285715,90.49955834723721,0.014375254655218508
14,0.6220251088961959,0.3200265685486718,0.3145287854000491,90.24285714285715,90.49955834723721,0.014375254655218508
15,0.6193679356947541,0.31993083360423913,0.3143976372249735,90.24285714285715,90.49955834723721,0.014375254655218508
16,0.5679212161339819,0.31986463001931875,0.3143019883781332,90.24285714285715,90.49955834723721,0.014375254655218508
17,0.5663050818257034,0.31981868495845495,0.3142315188531579,90.24285714285715,90.49955834723721,0.014375254655218508
18,0.6280208509415388,0.31978670148899624,0.3141790806791441,90.24285714285715,90.49955834723721,0.014375254655218508
19,0.6280727470293641,0.3197643767749234,0.3141396756763728,90.24285714285715,90.49955834723721,0.014375254655218508
