,times,train_loss,test_loss,train_acc,test_acc,eta
0,0.5929071689024568,0.31969831776848356,0.31398382392870033,90.24285714285715,90.49955834723721,2.397937001275765
1,0.6763511500321329,0.3196822701843196,0.31396592881105756,90.24285714285715,90.49955834723721,2.397937001275765
2,0.6154823671095073,0.31966622892412294,0.31394796701687705,90.24285714285715,90.49955834723721,2.397937001275765
3,0.6356524736620486,0.3196501939327178,0.3139300153238587,90.24285714285715,90.49955834723721,2.397937001275765
4,0.6355159031227231,0.3196341652043111,0.31391207128829063,90.24285714285715,90.49955834723721,2.397937001275765
5,0.632594645023346,0.3196181427390662,0.31389412364976793,90.24285714285715,90.49955834723721,2.397937001275765
6,0.6361947143450379,0.3196021265442518,0.31387618810416945,90.24285714285715,90.49955834723721,2.397937001275765
7,0.6392915202304721,0.3195861165955356,0.3138582610116992,90.24285714285715,90.49955834723721,2.397937001275765
8,0.6822273512370884,0.31957011290886667,0.3138403275052919,90.24285714285715,90.49955834723721,2.397937001275765
9,0.6712499200366437,0.3195541154610889,0.3138224176962756,90.24285714285715,90.49955834723721,2.397937001275765
10,0.7809276222251356,0.3195381242710313,0.3138045034557482,90.24285714285715,90.49955834723721,2.397937001275765
11,0.6581689869053662,0.3195221393138354,0.31378658707205065,90.24285714285715,90.49955834723721,2.397937001275765
12,0.6434738100506365,0.3195061605969297,0.3137686812156237,90.24285714285715,90.49955834723721,2.397937001275765
13,0.6462415917776525,0.3194901880996136,0.3137508063804821,90.24285714285715,90.49955834723721,2.397937001275765
14,0.5678008161485195,0.3194742218324939,0.3137328973025653,90.24285714285715,90.49955834723721,2.397937001275765
15,0.5637426949106157,0.31945826178778786,0.3137150139968937,90.24285714285715,90.49955834723721,2.397937001275765
16,0.6220517959445715,0.3194423079674579,0.31369711565521974,90.24285714285715,90.49955834723721,2.397937001275765
17,0.5679376469925046,0.31942636036619804,0.31367926701450816,90.24285714285715,90.49955834723721,2.397937001275765
18,0.6087149591185153,0.31941041898207556,0.3136613848836925,90.24285714285715,90.49955834723721,2.397937001275765
19,0.7335655479691923,0.3193944838049808,0.3136435455972302,90.24285714285715,90.49955834723721,2.397937001275765
