,times,train_loss,test_loss,train_acc,test_acc,eta
0,0.6500884457491338,0.3517383460776674,0.3479872731101259,90.24285714285715,90.49955834723721,30.970547307245088
1,0.6589705557562411,0.46332167550874825,0.45129403809086666,90.24285714285715,90.49955834723721,30.970547307245088
2,0.6293928688392043,0.33919711490803656,0.33501331815741464,90.24285714285715,90.49955834723721,30.970547307245088
3,0.5930740218609571,0.3724525722512169,0.363272578438427,90.24285714285715,90.49955834723721,30.970547307245088
4,0.8283525500446558,0.3594439141926825,0.3558337299934184,90.24285714285715,90.49955834723721,30.970547307245088
5,0.597947012167424,0.42774669004611227,0.41664052978320754,90.24285714285715,90.49955834723721,30.970547307245088
6,0.5994768440723419,0.33018463403862947,0.3255715834154739,90.24285714285715,90.49955834723721,30.970547307245088
7,0.625163828022778,0.33687713760481675,0.32909608922324335,90.24285714285715,90.49955834723721,30.970547307245088
8,0.6567307459190488,0.34720586795981817,0.34320345964898835,90.24285714285715,90.49955834723721,30.970547307245088
9,0.65489850519225,0.42969105925075646,0.4183908212458923,90.24285714285715,90.49955834723721,30.970547307245088
10,0.6368622700683773,0.3235740738949385,0.3185114380698147,90.24285714285715,90.49955834723721,30.970547307245088
11,0.6590785798616707,0.38217962715262227,0.37235981834815274,90.24285714285715,90.49955834723721,30.970547307245088
12,0.7031370364129543,0.35784173704971134,0.35406531722675333,90.24285714285715,90.49955834723721,30.970547307245088
13,0.7285420470871031,0.3580306774946186,0.349053032024868,90.24285714285715,90.49955834723721,30.970547307245088
14,0.6922391420230269,0.3575291493325189,0.3537055599537577,90.24285714285715,90.49955834723721,30.970547307245088
15,0.6878408761695027,0.4585686953922024,0.44619376108499503,90.24285714285715,90.49955834723721,30.970547307245088
16,0.7008538553491235,0.32872939152110314,0.32389342233755075,90.24285714285715,90.49955834723721,30.970547307245088
17,0.6332530793733895,0.37632777624323677,0.3664979076929128,90.24285714285715,90.49955834723721,30.970547307245088
18,0.5713730077259243,0.3555574975240755,0.35161282786746034,90.24285714285715,90.49955834723721,30.970547307245088
19,0.5704482039436698,0.4169515973176314,0.40569651980227284,90.24285714285715,90.49955834723721,30.970547307245088
