,times,train_loss,test_loss,train_acc,test_acc,eta
0,1.6364747281186283,0.5881610871619121,0.5874322742700007,90.24285714285715,90.49955834723721,0.0018566355334451114
1,1.6718454123474658,0.40698441471491537,0.40437037240883905,90.24285714285715,90.49955834723721,0.0018566355334451114
2,1.6957995099946856,0.34825877243515063,0.34443229525421215,90.24285714285715,90.49955834723721,0.0018566355334451114
3,1.6629479262046516,0.32826914068218827,0.3236354987007183,90.24285714285715,90.49955834723721,0.0018566355334451114
4,1.8188288202509284,0.3220169261711795,0.3168816810386129,90.24285714285715,90.49955834723721,0.0018566355334451114
5,1.7362176342867315,0.32027517283140094,0.31485567190484776,90.24285714285715,90.49955834723721,0.0018566355334451114
6,1.7998205819167197,0.31983623162649394,0.314267958628056,90.24285714285715,90.49955834723721,0.0018566355334451114
7,1.7220096769742668,0.3197326045827948,0.31409049633574015,90.24285714285715,90.49955834723721,0.0018566355334451114
8,1.8908616420812905,0.3197087290950352,0.31403099043058735,90.24285714285715,90.49955834723721,0.0018566355334451114
9,1.823721386026591,0.3197029726259293,0.31400811031790954,90.24285714285715,90.49955834723721,0.0018566355334451114
10,1.9628160949796438,0.31970122304000187,0.313997781556956,90.24285714285715,90.49955834723721,0.0018566355334451114
11,2.075960521120578,0.319700290651976,0.3139917235969435,90.24285714285715,90.49955834723721,0.0018566355334451114
12,2.2636734186671674,0.3196992932264926,0.3139861207599374,90.24285714285715,90.49955834723721,0.0018566355334451114
13,2.271829484961927,0.31969757836942375,0.31397841354117606,90.24285714285715,90.49955834723721,0.0018566355334451114
14,2.1358949611894786,0.3196942796281831,0.31396659231858004,90.24285714285715,90.49955834723721,0.0018566355334451114
15,2.0364973917603493,0.31968800955464827,0.31394823987575343,90.24285714285715,90.49955834723721,0.0018566355334451114
16,2.1858384450897574,0.31967614654611415,0.31391914912475666,90.24285714285715,90.49955834723721,0.0018566355334451114
17,2.0867369300685823,0.3196537144571191,0.3138719048386203,90.24285714285715,90.49955834723721,0.0018566355334451114
18,2.068785729818046,0.3196111945063203,0.31379290533624465,90.24285714285715,90.49955834723721,0.0018566355334451114
19,2.071574036963284,0.3195310838856078,0.31365866396768777,90.24285714285715,90.49955834723721,0.0018566355334451114
