,times,train_loss,test_loss,train_acc,test_acc,eta
0,1.6856277878396213,0.683479584830138,0.6834180509796094,90.24285714285715,90.49955834723721,0.0001437525465521851
1,1.8144398722797632,0.6485105648992999,0.6482179234250127,90.24285714285715,90.49955834723721,0.0001437525465521851
2,1.7392056831158698,0.6172710659322954,0.616759227332329,90.24285714285715,90.49955834723721,0.0001437525465521851
3,1.96090891584754,0.58931369849335,0.5885935518752824,90.24285714285715,90.49955834723721,0.0001437525465521851
4,1.9112449469976127,0.5642132787005912,0.563294554788855,90.24285714285715,90.49955834723721,0.0001437525465521851
5,1.8240871960297227,0.5416150134407436,0.5405065406318976,90.24285714285715,90.49955834723721,0.0001437525465521851
6,1.937096029985696,0.5212197759065822,0.519929605945589,90.24285714285715,90.49955834723721,0.0001437525465521851
7,1.9351156088523567,0.5027816777054304,0.5013172115000556,90.24285714285715,90.49955834723721,0.0001437525465521851
8,2.159539906308055,0.48608312988991026,0.48445117953334194,90.24285714285715,90.49955834723721,0.0001437525465521851
9,2.0115652582608163,0.47094021765735067,0.4691471483597637,90.24285714285715,90.49955834723721,0.0001437525465521851
10,1.775041603948921,0.45719162531616336,0.4552434126781067,90.24285714285715,90.49955834723721,0.0001437525465521851
11,2.782496815081686,0.4446979807021235,0.442600172268038,90.24285714285715,90.49955834723721,0.0001437525465521851
12,1.9627841203473508,0.4333360323504359,0.4310939605829453,90.24285714285715,90.49955834723721,0.0001437525465521851
13,1.9104292490519583,0.4229967746117122,0.42061546355783486,90.24285714285715,90.49955834723721,0.0001437525465521851
14,1.89836485683918,0.41358272044931976,0.41106694973774144,90.24285714285715,90.49955834723721,0.0001437525465521851
15,1.7840284309349954,0.4050090794639047,0.4023634289237702,90.24285714285715,90.49955834723721,0.0001437525465521851
16,1.879502815194428,0.397198950088682,0.3944278109984537,90.24285714285715,90.49955834723721,0.0001437525465521851
17,1.9516667891293764,0.39008262698509427,0.38719024549551356,90.24285714285715,90.49955834723721,0.0001437525465521851
18,1.8981587863527238,0.38359856428368816,0.38058904592808296,90.24285714285715,90.49955834723721,0.0001437525465521851
19,1.8141627660952508,0.3776905997481972,0.3745679116060184,90.24285714285715,90.49955834723721,0.0001437525465521851
