,times,train_loss,test_loss,train_acc,test_acc,eta
0,1.0085439472459257,0.37913647056130223,0.36981125514973706,90.24285714285715,90.49955834723721,0.6666666666666666
1,1.0105789108201861,0.3438481997685145,0.33981310486992145,90.24285714285715,90.49955834723721,0.6666666666666666
2,0.3773212512023747,0.38938485607553086,0.3796019881492604,90.24285714285715,90.49955834723721,0.6666666666666666
3,0.6915096379816532,0.3739300017002703,0.36462210092485625,90.24285714285715,90.49955834723721,0.6666666666666666
4,0.3738446761853993,0.34106208643305336,0.3368763555285549,90.24285714285715,90.49955834723721,0.6666666666666666
5,0.6943688890896738,0.3917354358036862,0.3816793736701444,90.24285714285715,90.49955834723721,0.6666666666666666
6,0.6862895702943206,0.3409974321269804,0.3367292206319834,90.24285714285715,90.49955834723721,0.6666666666666666
7,0.7553843152709305,0.34161586614461986,0.33733400922294127,90.24285714285715,90.49955834723721,0.6666666666666666
8,0.3874176125973463,0.38273907167615256,0.37283428767469196,90.24285714285715,90.49955834723721,0.6666666666666666
9,0.97098822100088,0.33524247159494347,0.33065881726346236,90.24285714285715,90.49955834723721,0.6666666666666666
10,0.6538511477410793,0.3373477645056197,0.33281798481339225,90.24285714285715,90.49955834723721,0.6666666666666666
11,0.6713238102383912,0.3816094671004033,0.3715019346044354,90.24285714285715,90.49955834723721,0.6666666666666666
12,0.3577242479659617,0.3360164007486547,0.3313966214513238,90.24285714285715,90.49955834723721,0.6666666666666666
13,0.6991121843457222,0.3393673637816578,0.33482441359849585,90.24285714285715,90.49955834723721,0.6666666666666666
14,0.6491130427457392,0.39030713035704045,0.3796936221514187,90.24285714285715,90.49955834723721,0.6666666666666666
15,1.5665613040328026,0.38488701157091587,0.374350876849729,90.24285714285715,90.49955834723721,0.6666666666666666
16,0.671197809278965,0.3706076866167226,0.3605125722423202,90.24285714285715,90.49955834723721,0.6666666666666666
17,0.32698679016903043,0.33836488125981673,0.33367838019623847,90.24285714285715,90.49955834723721,0.6666666666666666
18,0.43423244822770357,0.3821178631528013,0.3715411477624938,90.24285714285715,90.49955834723721,0.6666666666666666
19,1.239866804331541,0.3623139920163391,0.3523102205222808,90.24285714285715,90.49955834723721,0.6666666666666666
