,times,train_loss,test_loss,train_acc,test_acc,eta
0,0.28508110996335745,0.37392725079400685,0.3738599648569224,87.3182706104033,87.18019637671138,2.041241452319315
1,0.3232506630010903,0.23549932660548772,0.23602615990488676,91.97711203692499,92.23482229290555,2.041241452319315
2,0.25845863996073604,0.2231664826749246,0.22429199805031919,93.1249675869103,93.32734061678883,2.041241452319315
3,0.26026043901219964,0.21357031683038974,0.2151403520117149,93.81126073953706,93.94966118102613,2.041241452319315
4,0.27877093805000186,0.17904535751442005,0.18190242334621895,95.0835825539786,94.83473931683031,2.041241452319315
5,0.2630914207547903,0.17471491347922005,0.17772950960756786,95.23052189396165,94.99377679435763,2.041241452319315
6,0.2800684683024883,0.17078988805762452,0.17397459540687416,95.3549881584179,95.14589959894897,2.041241452319315
7,0.2563638179562986,0.14953441672325493,0.15362398053229095,95.82173665012878,95.47780389987554,2.041241452319315
8,0.25761356204748154,0.14720911383996427,0.15142788760836792,95.89779936729649,95.50546259161942,2.041241452319315
9,0.2506155432201922,0.1450594892609983,0.14941636221978036,95.97904817881653,95.57460932097912,2.041241452319315
10,0.27679903293028474,0.1430468076971168,0.14754756671037442,96.07066917904126,95.62992670446688,2.041241452319315
11,0.294719479046762,0.1160286556529991,0.12211455823652453,96.6618839352084,96.065551099433,2.041241452319315
12,0.2817299459129572,0.10928711108909735,0.11588266349905513,96.78807889778209,96.22458857696031,2.041241452319315
13,0.25931552005931735,0.10858852542836804,0.11529998676735403,96.81919546389614,96.24533259576822,2.041241452319315
14,0.2947410619817674,0.09955455601988702,0.10718151792109844,97.02491053987242,96.4112847462315,2.041241452319315
15,0.28126038890331984,0.09631396293473363,0.10437920999408873,97.10961674762736,96.4596874567833,2.041241452319315
16,0.25554385501891375,0.09586543274599207,0.10403739243103481,97.13554721938908,96.48734614852718,2.041241452319315
17,0.2898100349120796,0.09117669853043305,0.10010976806445811,97.28421525748958,96.63255428018255,2.041241452319315
18,0.252054744400084,0.09080058926394186,0.099834775518971,97.3032309367815,96.64638362605449,2.041241452319315
19,0.3430874841287732,0.0850541041489172,0.09526033714358222,97.49857382405311,96.86073848706957,2.041241452319315
