,times,train_loss,test_loss,train_acc,test_acc,eta
0,0.26248623011633754,0.34706045323897694,0.3478947868702805,90.81369820388265,90.97635181855898,1.2236921017635911
1,0.261012424249202,0.27140136438997936,0.2729406227159826,93.30648088924231,93.50712211312405,1.2236921017635911
2,0.2612990397028625,0.23349099812046448,0.2356534452696876,94.35925804276799,94.46134697828792,1.2236921017635911
3,0.2635243437252939,0.20955014448214546,0.21223837134502865,95.00579113869345,94.94537408380583,1.2236921017635911
4,0.2605463429354131,0.19262569614834224,0.19582895191562966,95.4310508755856,95.15281427188494,1.2236921017635911
5,0.3121848152950406,0.12229858644488872,0.12620712707627244,95.69899908379,95.47780389987554,1.2236921017635911
6,0.26674559200182557,0.11862782253917054,0.12309840796359293,95.95830380140715,95.56769464804314,1.2236921017635911
7,0.3095431849360466,0.10356407444788056,0.10932611492242231,96.36454785900739,95.85119623841793,1.2236921017635911
8,0.2608226169832051,0.10148141543590546,0.1075919066916209,96.48728542534617,95.96874567832941,1.2236921017635911
9,0.3062255410477519,0.09250210117785235,0.10000427361158244,96.84512593565786,96.1831005393445,1.2236921017635911
10,0.30121226282790303,0.08749816668834505,0.09594965815913707,97.05084101163413,96.39745540035956,1.2236921017635911
11,0.2902247039601207,0.08499600950634532,0.09401738418312257,97.17876467232527,96.47351680265524,1.2236921017635911
12,0.31419947603717446,0.08202306430043053,0.0918009292780863,97.29458744619427,96.58415156963076,1.2236921017635911
13,0.2877489570528269,0.08014232018900463,0.09048426361435427,97.40349542759348,96.65329829899046,1.2236921017635911
14,0.2727841720916331,0.07947264724532574,0.09004156729289826,97.44498418241223,96.67404231779837,1.2236921017635911
15,0.295694992877543,0.07753441859173457,0.08874841693533932,97.55734956004633,96.7362743742221,1.2236921017635911
16,0.2860160106793046,0.07593256729061613,0.08771295795508512,97.62995488097914,96.81925044945375,1.2236921017635911
17,0.35513060400262475,0.07286290038434869,0.08579732696059426,97.78553771154944,96.92988521642927,1.2236921017635911
18,0.3056891681626439,0.07168931970327393,0.08510184945659602,97.8460421456601,96.95062923523717,1.2236921017635911
19,0.29063294967636466,0.070863810652438,0.08462181027759036,97.8858022023614,96.96445858110911,1.2236921017635911
