,times,train_loss,test_loss,train_acc,test_acc,eta
0,0.26050687301903963,0.30044733245626365,0.3016362939009083,92.31247947170985,92.55981192089614,0.9474603531792863
1,0.2658768258988857,0.23279706555930177,0.234985079453712,94.40766159005653,94.47517632415986,0.9474603531792863
2,0.30738012958317995,0.13822717056620237,0.14161869401097163,95.45006655487752,95.28419305766838,0.9474603531792863
3,0.2649326450191438,0.1316653787221222,0.13589196543725107,95.85631061247774,95.5538653021712,0.9474603531792863
4,0.28652827395126224,0.1163891945845187,0.12186397470169937,96.36973395335973,95.87885493016181,0.9474603531792863
5,0.28867361415177584,0.10677659056335985,0.11332740441252286,96.70164399190969,96.08629511824091,0.9474603531792863
6,0.2841255869716406,0.0988996197787839,0.10662525768200268,97.01626704928519,96.3421380168718,0.9474603531792863
7,0.2693409342318773,0.09711260598211971,0.10522959149768152,97.08368627586565,96.40437007329554,0.9474603531792863
8,0.2861207681708038,0.09128958400358014,0.10053014306423405,97.32397531419089,96.63255428018255,0.9474603531792863
9,0.2647378887049854,0.08995969154162803,0.09954859080975004,97.38447974830156,96.66021297192643,0.9474603531792863
10,0.36619814159348607,0.08188609296632005,0.09335499928530108,97.68008712638512,96.90222652468539,0.9474603531792863
11,0.26146920677274466,0.08095636983254215,0.0927180074363515,97.72676197555622,96.91605587055733,0.9474603531792863
12,0.2634361828677356,0.08006259597223299,0.09210980745292491,97.74404895673068,96.92988521642927,0.9474603531792863
13,0.26750661339610815,0.07920186615169046,0.0915280271570147,97.76652203225751,96.94371456230121,0.9474603531792863
14,0.293479782063514,0.07586645543774917,0.08926904225259853,97.89790308918353,97.04051998340478,0.9474603531792863
15,0.30535385804250836,0.07278760165230137,0.08722988978190868,98.031012844227,97.12349605863642,0.9474603531792863
16,0.2609467483125627,0.0721580788102004,0.08682798956537147,98.06731550469341,97.1304107315724,0.9474603531792863
17,0.3292930363677442,0.06900371726910708,0.08482200865947133,98.16930869362284,97.17881344212418,0.9474603531792863
18,0.2838066020049155,0.0679688718199715,0.08417961920948142,98.21079744844158,97.19264278799612,0.9474603531792863
19,0.2637606388889253,0.06746245628381693,0.08386805741014199,98.23154182585095,97.21338680680404,0.9474603531792863
