,times,train_loss,test_loss,train_acc,test_acc,eta
0,0.7127210609614849,0.4251942836916346,0.4228377200529084,90.24285714285715,90.49955834723721,0.023979370012757645
1,0.6956572998315096,0.3219039332515017,0.31674906455106155,90.24285714285715,90.49955834723721,0.023979370012757645
2,0.6991959889419377,0.31971817106824313,0.3140367106563237,90.24285714285715,90.49955834723721,0.023979370012757645
3,0.7029642341658473,0.31970979114243625,0.31399781832149676,90.24285714285715,90.49955834723721,0.023979370012757645
4,0.708458767272532,0.31970793545266557,0.3139939429003164,90.24285714285715,90.49955834723721,0.023979370012757645
5,0.7179016643203795,0.31969561172895405,0.31396593497333164,90.24285714285715,90.49955834723721,0.023979370012757645
6,0.6734931627288461,0.31958739797376523,0.31379893674833964,90.24285714285715,90.49955834723721,0.023979370012757645
7,0.7008147011511028,0.3189051450084668,0.31290504422733256,90.24285714285715,90.49955834723721,0.023979370012757645
8,0.7306401343084872,0.31473539860618455,0.30773325020704445,90.24285714285715,90.49955834723721,0.023979370012757645
9,0.9071079893037677,0.2972609621234601,0.2841882439443984,90.24285714285715,90.49955834723721,0.023979370012757645
10,0.9358545569702983,0.280587087234855,0.25374483123190106,90.29142857142857,90.5377258699469,0.023979370012757645
11,0.8269578320905566,0.2795127284389019,0.25076958763206425,90.34,90.53227336670265,0.023979370012757645
12,0.7835651189088821,0.2794951848538166,0.25080841812397525,90.34571428571428,90.54317837319113,0.023979370012757645
13,0.7946284981444478,0.2794925350454612,0.25083507301399255,90.34571428571428,90.54535937448883,0.023979370012757645
14,0.7971199713647366,0.2794861081215266,0.2508624159406872,90.35142857142857,90.54644987513768,0.023979370012757645
15,0.8069231202825904,0.2794230880316478,0.25096415774586045,90.35428571428571,90.54972137708423,0.023979370012757645
16,0.802187632303685,0.27902203064067854,0.25097172842500953,90.34857142857143,90.55299287903077,0.023979370012757645
17,0.8004746427759528,0.27703219512012367,0.24953916739648796,90.39142857142858,90.6129704147174,0.023979370012757645
18,0.7928001680411398,0.2737959685365981,0.24577156853779622,90.42,90.72202047960218,0.023979370012757645
19,0.7847469737753272,0.27302976907690196,0.24347163782336723,90.41142857142857,90.80053652631923,0.023979370012757645
