,times,train_loss,test_loss,train_acc,test_acc,eta
0,0.56815246026963,0.1997768757933249,0.19122919452485904,0.0,0.0,2.4473842035271822
1,0.8568991790525615,0.19973126733215216,0.19122580069292852,0.0,0.0,2.4473842035271822
2,1.3839130867272615,0.19962177589137295,0.19114361506145697,0.0,0.0,2.4473842035271822
3,0.7245593229308724,0.1995706528336422,0.1911053976536681,0.0,0.0,2.4473842035271822
4,1.199818222783506,0.19946774495901903,0.19102892072731645,0.0,0.0,2.4473842035271822
5,0.5887050679884851,0.19944718616718035,0.19101154309538462,0.0,0.0,2.4473842035271822
6,0.67077596206218,0.1993699634911174,0.19094698658993792,0.0,0.0,2.4473842035271822
7,0.4061138480901718,0.19934945838494578,0.19093647936940394,0.0,0.0,2.4473842035271822
8,0.6834374973550439,0.1992507472099166,0.19085445874201995,0.0,0.0,2.4473842035271822
9,1.106364234816283,0.19909570839338112,0.19075092825068682,0.0,0.0,2.4473842035271822
10,0.7413534335792065,0.1990128211959644,0.19068009666575833,0.0,0.0,2.4473842035271822
11,0.4033950846642256,0.19899249370740393,0.1906644251451158,0.0,0.0,2.4473842035271822
12,0.8519603321328759,0.19889524573888767,0.19059781297569217,0.0,0.0,2.4473842035271822
13,0.7673075767233968,0.19879133399009163,0.19050802076558643,0.0,0.0,2.4473842035271822
14,1.1740127243101597,0.19862563412474574,0.1903828939745255,0.0,0.0,2.4473842035271822
15,0.7062081480398774,0.19854768212438606,0.19032150062218983,0.0,0.0,2.4473842035271822
16,0.9313159910961986,0.19841075530881544,0.1902196299278118,0.0,0.0,2.4473842035271822
17,0.40369613002985716,0.19839071963139884,0.1902076995978488,0.0,0.0,2.4473842035271822
18,1.1026298068463802,0.19823453764304316,0.19008386680692482,0.0,0.0,2.4473842035271822
19,0.992600800935179,0.1981010343535077,0.18998482704354588,0.0,0.0,2.4473842035271822
