,times,train_loss,test_loss,train_acc,test_acc,eta
0,0.6714796628803015,0.31973837571099334,0.31408810461142134,90.24285714285715,90.49955834723721,0.3097054730724509
1,0.7621671878732741,0.319689439831037,0.31397395795379446,90.24285714285715,90.49955834723721,0.3097054730724509
2,0.6550413691438735,0.3196654968818818,0.31394612430561564,90.24285714285715,90.49955834723721,0.3097054730724509
3,0.6671763136982918,0.2795001331667969,0.25061170142695216,90.35428571428571,90.54754037578653,0.3097054730724509
4,0.6803835751488805,0.27771339389860294,0.2490713946589887,90.36571428571429,90.56389788551924,0.3097054730724509
5,0.7287675612606108,0.2732266714808543,0.24316972230532508,90.4,90.71329647441141,0.3097054730724509
6,0.7051871498115361,0.27293306781743676,0.2428159617752883,90.41142857142857,90.79835552502153,0.3097054730724509
7,0.6530796871520579,0.2727907303925764,0.24253295929596255,90.41428571428571,90.7907220204796,0.3097054730724509
8,0.6034903833642602,0.27234286129337004,0.2412513009605173,90.42857142857143,90.78090751463998,0.3097054730724509
9,0.6308461180888116,0.2722376977959122,0.24112970706607914,90.43142857142857,90.77981701399112,0.3097054730724509
10,0.6018318100832403,0.27216192013450996,0.24103028955389202,90.43142857142857,90.80162702696808,0.3097054730724509
11,0.612667300272733,0.272151535653526,0.24085439562400365,90.43428571428572,90.79835552502153,0.3097054730724509
12,0.6161476699635386,0.29832667996946083,0.23905214393087632,90.40571428571428,90.70457246922062,0.3097054730724509
13,0.6502273920923471,0.2721788675743269,0.24019926632430713,90.43714285714286,90.83107054448698,0.3097054730724509
14,0.6831958587281406,0.27215264039021175,0.24074928960051856,90.43142857142857,90.79726502437269,0.3097054730724509
15,0.6856817281804979,0.27215229860824575,0.24078660370847166,90.43142857142857,90.79617452372383,0.3097054730724509
16,0.6548936278559268,,,0.0,0.0,0.3097054730724509
17,0.68066162802279,,,0.0,0.0,0.3097054730724509
18,0.7189911999739707,,,0.0,0.0,0.3097054730724509
19,0.766266779974103,,,0.0,0.0,0.3097054730724509
