,times,train_loss,test_loss,train_acc,test_acc,eta
0,0.7255167001858354,0.3302983167927832,0.32577223533717264,90.24285714285715,90.49955834723721,0.0861773876012753
1,0.742800802923739,0.3197090890751894,0.31399613907219953,90.24285714285715,90.49955834723721,0.0861773876012753
2,0.7297801701352,0.3197025890403021,0.3139886019418533,90.24285714285715,90.49955834723721,0.0861773876012753
3,0.6979975393041968,0.3196941716986135,0.3139757420314455,90.24285714285715,90.49955834723721,0.0861773876012753
4,0.675741015933454,0.3149620292731625,0.308409470343095,90.24285714285715,90.49955834723721,0.0861773876012753
5,0.7108434848487377,0.279773133364712,0.2533309319950617,90.32285714285715,90.53881637059574,0.0861773876012753
6,0.7173259565606713,0.2782033038967879,0.2495444354652499,90.36571428571429,90.55517388032845,0.0861773876012753
7,0.726396125741303,0.2775881474504913,0.24837494911297722,90.37714285714286,90.57480289200772,0.0861773876012753
8,0.7348259701393545,0.2729585392805364,0.24290263343642007,90.41428571428571,90.80926053151002,0.0861773876012753
9,0.7373013021424413,0.27291142581549677,0.24277411586696981,90.41142857142857,90.79835552502153,0.0861773876012753
10,0.74616116611287,0.2728739327976908,0.24266834004669322,90.41142857142857,90.79835552502153,0.0861773876012753
11,0.7380575449205935,0.2724788308662051,0.2414837765741071,90.42571428571429,90.77981701399112,0.0861773876012753
12,0.735960606019944,0.27241348548742306,0.24139445963583317,90.42285714285714,90.77763601269342,0.0861773876012753
13,0.7614939622581005,0.27222173008364614,0.24108821694501817,90.42857142857143,90.78745051853306,0.0861773876012753
14,0.7586065782234073,0.2721940371563894,0.2410342387897105,90.42857142857143,90.80926053151002,0.0861773876012753
15,0.7680701860226691,0.3001512118298834,0.29427438487695406,90.24285714285715,90.50173934853491,0.0861773876012753
16,0.7726539219729602,0.2722547370087631,0.2418353979379274,90.44,90.82452754059389,0.0861773876012753
17,0.7768958816304803,0.2721923697212533,0.24101888859736514,90.42857142857143,90.81035103215886,0.0861773876012753
18,0.7495691427029669,0.2721922910510073,0.24102081258466804,90.42571428571429,90.81035103215886,0.0861773876012753
19,0.7567922426387668,0.27219203179313245,0.24101407336134104,90.42571428571429,90.81035103215886,0.0861773876012753
