,times,train_loss,test_loss,train_acc,test_acc,eta
0,0.576450081076473,0.5735664177100762,0.5727198909551263,90.24285714285715,90.49955834723721,0.006672402148800233
1,0.5607336992397904,0.3883108060915474,0.3853814569583286,90.24285714285715,90.49955834723721,0.006672402148800233
2,0.5775424409657717,0.3377500947147722,0.3335594218781058,90.24285714285715,90.49955834723721,0.006672402148800233
3,0.61521106492728,0.32382658855418944,0.31887036452828693,90.24285714285715,90.49955834723721,0.006672402148800233
4,0.6621982492506504,0.32052167650114133,0.3151517582440265,90.24285714285715,90.49955834723721,0.006672402148800233
5,0.6879903399385512,0.3198551765426037,0.3142880885510394,90.24285714285715,90.49955834723721,0.006672402148800233
6,0.7130787819623947,0.31973516743781843,0.31408203785833816,90.24285714285715,90.49955834723721,0.006672402148800233
7,0.7133796960115433,0.31971443829924856,0.3140254021376269,90.24285714285715,90.49955834723721,0.006672402148800233
8,0.6220884928479791,0.3197104915640494,0.3140065159168501,90.24285714285715,90.49955834723721,0.006672402148800233
9,0.6593233738094568,0.319709261602422,0.3139984637427969,90.24285714285715,90.49955834723721,0.006672402148800233
10,0.6964564067311585,0.31970830412227286,0.3139928622205873,90.24285714285715,90.49955834723721,0.006672402148800233
11,0.8082332029007375,0.3197066501084037,0.3139852555666486,90.24285714285715,90.49955834723721,0.006672402148800233
12,0.744662266690284,0.3197029776768329,0.31397231118223906,90.24285714285715,90.49955834723721,0.006672402148800233
13,0.7420111591927707,0.31969517987991886,0.31395044778197717,90.24285714285715,90.49955834723721,0.006672402148800233
14,0.7425313466228545,0.319678835392649,0.3139126788164916,90.24285714285715,90.49955834723721,0.006672402148800233
15,0.734618463087827,0.3196445022314218,0.31384507589589705,90.24285714285715,90.49955834723721,0.006672402148800233
16,0.7503500431776047,0.3195721566386215,0.313719452356983,90.24285714285715,90.49955834723721,0.006672402148800233
17,0.7500414079986513,0.3194202248842905,0.3134793725168307,90.24285714285715,90.49955834723721,0.006672402148800233
18,0.7364944228902459,0.3191062694489635,0.31301685080964703,90.24285714285715,90.49955834723721,0.006672402148800233
19,0.7281659208238125,0.3184650350571379,0.31211787561079196,90.24285714285715,90.49955834723721,0.006672402148800233
