,times,train_loss,test_loss,train_acc,test_acc,eta
0,4.470073339063674,0.42287798963712964,0.4310474374232103,0.0,0.0,0.5994842503189413
1,4.509751582983881,0.4057777452726034,0.4132278124082438,0.0,0.0,0.5994842503189413
2,4.433218928053975,0.39708463010812045,0.40407408278600154,0.0,0.0,0.5994842503189413
3,4.4291353351436555,0.3915658987407967,0.39821004714306474,0.0,0.0,0.5994842503189413
4,4.486362385097891,0.3876998258876867,0.3941024993859826,0.0,0.0,0.5994842503189413
5,4.460086839273572,0.3848370733767959,0.3910377121321145,0.0,0.0,0.5994842503189413
6,4.467358491849154,0.3826465245538885,0.38868399020916944,0.0,0.0,0.5994842503189413
7,4.449192498810589,0.380928202775474,0.3868408498511215,0.0,0.0,0.5994842503189413
8,4.342162305023521,0.3795524693530544,0.38535662884678845,0.0,0.0,0.5994842503189413
9,4.4223944609984756,0.3784321759502697,0.384149497886383,0.0,0.0,0.5994842503189413
10,4.405915763229132,0.37750461906398575,0.3831489466701498,0.0,0.0,0.5994842503189413
11,4.4487548540346324,0.376725264066505,0.3823042490481428,0.0,0.0,0.5994842503189413
12,4.470768064726144,0.3760614267472513,0.38158723157448904,0.0,0.0,0.5994842503189413
13,4.490217428654432,0.37548846143837905,0.38096983343452967,0.0,0.0,0.5994842503189413
14,4.418387532699853,0.37498777013031387,0.38043082757041613,0.0,0.0,0.5994842503189413
15,4.443337003700435,0.37454530792217267,0.3799540912387077,0.0,0.0,0.5994842503189413
16,4.476722778286785,0.3741500473368686,0.3795294937766673,0.0,0.0,0.5994842503189413
17,4.485258133150637,0.37379370966506376,0.37914782532961233,0.0,0.0,0.5994842503189413
18,4.458455480169505,0.37346953557888707,0.3788014138283714,0.0,0.0,0.5994842503189413
19,4.507254492025822,0.37317233752659823,0.3784843831047797,0.0,0.0,0.5994842503189413
