,times,train_loss,test_loss,train_acc,test_acc,eta
0,4.296902636997402,0.48268830459171463,0.4926019047684457,0.0,0.0,0.04641588833612778
1,4.330962471198291,0.4704868610578216,0.4800773224343675,0.0,0.0,0.04641588833612778
2,4.281383068300784,0.4613731296133823,0.4707143055414588,0.0,0.0,0.04641588833612778
3,4.373913335148245,0.45423516695037675,0.4633733109119733,0.0,0.0,0.04641588833612778
4,4.337992916814983,0.44842862073094686,0.4574002440804712,0.0,0.0,0.04641588833612778
5,4.3375855246558785,0.4435664538542903,0.45239433909438476,0.0,0.0,0.04641588833612778
6,4.260172022972256,0.4394048022242971,0.4481088158418576,0.0,0.0,0.04641588833612778
7,4.3374739601276815,0.43578059160497923,0.44437325434229596,0.0,0.0,0.04641588833612778
8,4.327524695079774,0.43258287149407354,0.441076634126066,0.0,0.0,0.04641588833612778
9,4.295428113080561,0.42973141163386575,0.4381332057486686,0.0,0.0,0.04641588833612778
10,4.270736126229167,0.42716679802384533,0.4354849323341395,0.0,0.0,0.04641588833612778
11,4.309890062082559,0.42484368620680835,0.43308254348663827,0.0,0.0,0.04641588833612778
12,4.328623780049384,0.4227263662984581,0.4308922916023333,0.0,0.0,0.04641588833612778
13,4.353751860093325,0.42078616505107985,0.4288821503776375,0.0,0.0,0.04641588833612778
14,4.3068851651623845,0.4189998273517276,0.42702919156517394,0.0,0.0,0.04641588833612778
15,4.4053802797570825,0.417348041140334,0.42531396919964776,0.0,0.0,0.04641588833612778
16,4.44784085219726,0.41581471833701034,0.4237199502398624,0.0,0.0,0.04641588833612778
17,4.476721653249115,0.41438631307786444,0.4222343302696385,0.0,0.0,0.04641588833612778
18,4.204806456808001,0.41305129313779043,0.42084303518303645,0.0,0.0,0.04641588833612778
19,4.334039276931435,0.4117998498910156,0.41953796786942416,0.0,0.0,0.04641588833612778
