,times,train_loss,test_loss,train_acc,test_acc,eta
0,0.6048522810451686,0.19978336298784546,0.19124370046820108,0.0,0.0,0.9999999999999999
1,0.6899383519776165,0.19976913687214745,0.19125505214000763,0.0,0.0,0.9999999999999999
2,0.7273767068982124,0.1997507353260436,0.19132032244745795,0.0,0.0,0.9999999999999999
3,0.7721848520450294,0.1579595307700074,0.1530725358689945,0.0,0.0,0.9999999999999999
4,0.8202275801450014,0.15250836689282724,0.14404049065410335,0.0,0.0,0.9999999999999999
5,0.8691437882371247,57.00978504886719,22.422093535968365,0.0,0.0,0.9999999999999999
6,0.9172606281936169,8346348373706860.0,779549034793625.4,0.0,0.0,0.9999999999999999
7,1.040463736280799,8.04220838579138e+35,3.333449494300139e+36,0.0,0.0,0.9999999999999999
8,1.0632455619052052,4.3922532478077397e+36,1.8880923116146426e+37,0.0,0.0,0.9999999999999999
9,1.1286436226218939,9.244267730407607e+46,4.4173619952245873e+46,0.0,0.0,0.9999999999999999
10,1.1832277197390795,1.9643713702510913e+78,8.23280866520273e+78,0.0,0.0,0.9999999999999999
11,1.1491990983486176,3.0083812199145673e+105,1.3028862642007119e+106,0.0,0.0,0.9999999999999999
12,1.1343434979207814,2.3899688921408055e+134,7.750786483166861e+132,0.0,0.0,0.9999999999999999
13,1.1315551190637052,inf,inf,0.0,0.0,0.9999999999999999
14,1.141296842135489,,,0.0,0.0,0.9999999999999999
15,1.1584573481231928,,,0.0,0.0,0.9999999999999999
16,1.127915991935879,,,0.0,0.0,0.9999999999999999
17,1.133233627770096,,,0.0,0.0,0.9999999999999999
18,1.13027434470132,,,0.0,0.0,0.9999999999999999
19,1.122928443364799,,,0.0,0.0,0.9999999999999999
