,times,train_loss,test_loss,train_acc,test_acc,eta
0,12.778808280825615,417.42167837271825,407.3968586515456,0.0,0.0,1.8949207063585727
1,58.31598754879087,136.63078923108543,134.02042718361395,0.0,0.0,1.8949207063585727
2,11.541989359073341,82.72534051637669,79.21115339708696,0.0,0.0,1.8949207063585727
3,9.575595716945827,76.27949966253118,72.98854496004148,0.0,0.0,1.8949207063585727
4,23.891206636559218,69.97768708305884,68.0497590503601,0.0,0.0,1.8949207063585727
5,9.758657848928124,66.10561576456419,64.18372033752311,0.0,0.0,1.8949207063585727
6,10.074000106658787,64.38083144815121,62.50855020030834,0.0,0.0,1.8949207063585727
7,9.821506628766656,63.20293345426579,61.421241137860605,0.0,0.0,1.8949207063585727
8,10.374135313089937,62.406281213293205,60.7154768775118,0.0,0.0,1.8949207063585727
9,24.104720790870488,59.5345217409036,58.58937685921876,0.0,0.0,1.8949207063585727
10,10.266229141969234,58.62562536908133,57.6782438333519,0.0,0.0,1.8949207063585727
11,65.590504410211,58.06231381868332,57.10777298799417,0.0,0.0,1.8949207063585727
12,10.341242082882673,57.67074847638081,56.72627478818644,0.0,0.0,1.8949207063585727
13,22.97344132931903,57.03084693845478,56.39906044952672,0.0,0.0,1.8949207063585727
14,35.938188556116074,58.54516773130282,58.089896512497944,0.0,0.0,1.8949207063585727
15,9.761280762962997,57.61290850458378,57.167613922235184,0.0,0.0,1.8949207063585727
16,23.245419643819332,56.845546949499784,56.41780957723354,0.0,0.0,1.8949207063585727
17,51.830479118041694,55.82574335486809,55.42142740730542,0.0,0.0,1.8949207063585727
18,56.7969247950241,55.180558816421104,54.78925259233485,0.0,0.0,1.8949207063585727
19,9.857822285033762,54.89248042014922,54.503962811748494,0.0,0.0,1.8949207063585727
