,times,train_loss,test_loss,train_acc,test_acc,eta
0,36.98120906110853,,,0.0,0.0,0.6666666666666666
1,10.018454293254763,,,0.0,0.0,0.6666666666666666
2,37.858921265695244,,,0.0,0.0,0.6666666666666666
3,38.651822798885405,,,0.0,0.0,0.6666666666666666
4,23.944084859918803,,,0.0,0.0,0.6666666666666666
5,10.003135479055345,,,0.0,0.0,0.6666666666666666
6,24.07792613375932,,,0.0,0.0,0.6666666666666666
7,37.52938148798421,,,0.0,0.0,0.6666666666666666
8,9.667454808019102,,,0.0,0.0,0.6666666666666666
9,9.330628820229322,,,0.0,0.0,0.6666666666666666
10,9.620816229842603,,,0.0,0.0,0.6666666666666666
11,35.48544644378126,,,0.0,0.0,0.6666666666666666
12,36.02633555000648,,,0.0,0.0,0.6666666666666666
13,10.0082067232579,,,0.0,0.0,0.6666666666666666
14,24.398814520332962,,,0.0,0.0,0.6666666666666666
15,37.57866439409554,,,0.0,0.0,0.6666666666666666
16,39.44659038307145,,,0.0,0.0,0.6666666666666666
17,11.275511681102216,,,0.0,0.0,0.6666666666666666
18,11.052755021955818,,,0.0,0.0,0.6666666666666666
19,39.47018021019176,,,0.0,0.0,0.6666666666666666
