,times,train_loss,test_loss,train_acc,test_acc,eta
0,0.289618740323931,0.34918646154834565,0.3497190744333846,89.91823257904473,89.83543078412391,1.5804591241141248
1,0.26012953417375684,0.29269812621553687,0.29387350995111,92.33840994347158,92.62204397731988,1.5804591241141248
2,0.29980677319690585,0.18314913490967927,0.18523179936361983,94.4284059674659,94.44751763241598,1.5804591241141248
3,0.2597448215819895,0.17609259022749854,0.17861346957069216,94.89861185541169,94.75176324159867,1.5804591241141248
4,0.26278006890788674,0.16996643628480448,0.17287501363949462,95.17693225232078,94.90388604619001,1.5804591241141248
5,0.25943708373233676,0.16456529007296267,0.1678254332117136,95.40512040382389,95.1873876365648,1.5804591241141248
6,0.2828034586273134,0.13937003209793772,0.1437405504699345,95.97213338634674,95.54695062923524,1.5804591241141248
7,0.26199631905183196,0.1367041886487741,0.1413257661837439,96.09659965080299,95.6714147420827,1.5804591241141248
8,0.28458992298692465,0.1207631104200642,0.12640529984155874,96.51148719899044,95.97566035126539,1.5804591241141248
9,0.3013991806656122,0.10489836441324914,0.11185170166949186,96.86587031306723,96.26607661457614,1.5804591241141248
10,0.2732300669886172,0.10067699213979003,0.10808531798057325,96.9626774076443,96.3421380168718,1.5804591241141248
11,0.2563342419452965,0.09985452171297322,0.10742672122556145,97.00070876622816,96.35596736274374,1.5804591241141248
12,0.29607768869027495,0.09313331889795172,0.101706763415438,97.20642384220443,96.57032222375882,1.5804591241141248
13,0.28442653408274055,0.09061300254292129,0.0996680013468572,97.29113004995938,96.61181026137464,1.5804591241141248
14,0.3234549621120095,0.08652319617216496,0.09643768647840442,97.45362767299946,96.8054211035818,1.5804591241141248
15,0.30070936772972345,0.08476496851779129,0.09512769436262203,97.51240340899268,96.86073848706957,1.5804591241141248
16,0.2620464148931205,0.08431144911448207,0.0948161753586434,97.52796169204971,96.84690914119763,1.5804591241141248
17,0.3003152022138238,0.08227178347596911,0.0933768761486455,97.6213113903919,96.89531185174941,1.5804591241141248
18,0.28192211501300335,0.08119057976327249,0.09263143612394954,97.66280014521064,96.92297054349329,1.5804591241141248
19,0.28237864607945085,0.08008198588860845,0.09187646341034483,97.70083150379449,96.95754390817315,1.5804591241141248
