,times,train_loss,test_loss,train_acc,test_acc,eta
0,0.6799408691003919,5.03122258274078,4.898108203942133,90.24285714285715,90.49955834723721,111.30237608828492
1,0.6775155542418361,8.230166013681522,8.012036096547014,90.24285714285715,90.49955834723721,111.30237608828492
2,0.6792164309881628,0.5247690405733378,0.5106290596744693,90.24285714285715,90.49955834723721,111.30237608828492
3,0.7060260497964919,3.716316838663443,3.6176923123777227,90.24285714285715,90.49955834723721,111.30237608828492
4,0.6988683259114623,6.917523004802231,6.733893291085947,90.24285714285715,90.49955834723721,111.30237608828492
5,0.6761409183964133,2.763067204257594,2.7717218410066184,9.757142857142853,9.500441652762788,111.30237608828492
6,0.7016139510087669,2.888774738125917,2.811540387423235,90.24285714285715,90.49955834723721,111.30237608828492
7,0.6975831273011863,6.09262180454947,5.9304693936548,90.24285714285715,90.49955834723721,111.30237608828492
8,0.7011716039851308,9.29229454525178,9.044971006601896,90.24285714285715,90.49955834723721,111.30237608828492
9,0.7027051132172346,1.5870271077280658,1.5437941068511025,90.24285714285715,90.49955834723721,111.30237608828492
10,0.7211291189305484,4.774499630960704,4.646881426062644,90.24285714285715,90.49955834723721,111.30237608828492
11,0.7068061181344092,7.979121726850856,7.766334870329722,90.24285714285715,90.49955834723721,111.30237608828492
12,0.7028270838782191,0.7583481605058585,0.7366343955191448,90.24285714285715,90.49955834723721,111.30237608828492
13,0.6737763280980289,3.9557232817152923,3.8494722260921588,90.24285714285715,90.49955834723721,111.30237608828492
14,0.672350293956697,7.155884692593943,6.964602362941963,90.24285714285715,90.49955834723721,111.30237608828492
15,0.6800141469575465,4.566790718613042,4.579484077411967,9.757142857142853,9.500441652762788,111.30237608828492
16,0.7496549459174275,2.653568050351472,2.5811192720838827,90.24285714285715,90.49955834723721,111.30237608828492
17,0.6949164075776935,5.8392132927444695,5.6822413665432325,90.24285714285715,90.49955834723721,111.30237608828492
18,0.6851396751590073,9.040479511151593,8.798404590014401,90.24285714285715,90.49955834723721,111.30237608828492
19,0.694420644082129,1.82034219532667,1.7695607859966824,90.24285714285715,90.49955834723721,111.30237608828492
