,times,train_loss,test_loss,train_acc,test_acc,eta
0,0.6959312232211232,0.34839917974747026,0.3445576294919448,90.24285714285715,90.49955834723721,30.970547307245088
1,0.7034045932814479,0.44249285157146195,0.4310814326659336,90.24285714285715,90.49955834723721,30.970547307245088
2,0.7400036701001227,0.3317578575555495,0.3272650158221637,90.24285714285715,90.49955834723721,30.970547307245088
3,0.7239718702621758,0.34993687419195907,0.34167166768290724,90.24285714285715,90.49955834723721,30.970547307245088
4,0.7527649728581309,0.3529377626690438,0.3491557776568205,90.24285714285715,90.49955834723721,30.970547307245088
5,0.7538339802995324,0.4574733849806151,0.44548844275634747,90.24285714285715,90.49955834723721,30.970547307245088
6,0.7683548838831484,0.32353742755534803,0.31850163725979574,90.24285714285715,90.49955834723721,30.970547307245088
7,0.8275369671173394,0.3474525490255569,0.33916021224478,90.24285714285715,90.49955834723721,30.970547307245088
8,0.9084392366930842,0.3527473114157244,0.34886399719593353,90.24285714285715,90.49955834723721,30.970547307245088
9,0.7664448888972402,0.4547059744529541,0.4426861709442778,90.24285714285715,90.49955834723721,30.970547307245088
10,0.7249403866007924,0.328200052868367,0.32339597477748605,90.24285714285715,90.49955834723721,30.970547307245088
11,0.6965989107266068,0.3375115088990832,0.3295656999244985,90.24285714285715,90.49955834723721,30.970547307245088
12,0.7038037362508476,0.35218816890644905,0.3482111083454329,90.24285714285715,90.49955834723721,30.970547307245088
13,0.7067775828763843,0.46001595168829207,0.44769558065362197,90.24285714285715,90.49955834723721,30.970547307245088
14,0.7087856968864799,0.321787504785174,0.31653314707587354,90.24285714285715,90.49955834723721,30.970547307245088
15,0.7040353710763156,0.38852688399060303,0.3783714329046243,90.24285714285715,90.49955834723721,30.970547307245088
16,0.7198091242462397,0.3446735405329039,0.34041629356684483,90.24285714285715,90.49955834723721,30.970547307245088
17,0.673200230114162,0.46084431223316047,0.44837124461798455,90.24285714285715,90.49955834723721,30.970547307245088
18,0.6781720751896501,0.32051235770291386,0.31511337889990815,90.24285714285715,90.49955834723721,30.970547307245088
19,0.6694595082663,0.3912404115494377,0.3808468175717688,90.24285714285715,90.49955834723721,30.970547307245088
