,times,train_loss,test_loss,train_acc,test_acc,eta
0,0.6926736766472459,7.52190725839464,7.322310886127133,90.24285714285715,90.49955834723721,400.0
1,0.6694780038669705,34.48670004443872,33.5598422840287,90.24285714285715,90.49955834723721,400.0
2,0.6796997422352433,0.93479115218441,0.908799545980813,90.24285714285715,90.49955834723721,400.0
3,0.6775366789661348,9.822138982999343,9.559756576283618,90.24285714285715,90.49955834723721,400.0
4,0.6773417252115905,30.902760095109688,30.072173535782216,90.24285714285715,90.49955834723721,400.0
5,0.6830002898350358,30.362141750339383,29.545779626509432,90.24285714285715,90.49955834723721,400.0
6,0.6859003086574376,22.863097347362636,22.249566602649132,90.24285714285715,90.49955834723721,400.0
7,0.6780713810585439,30.641085016341957,29.81629739977451,90.24285714285715,90.49955834723721,400.0
8,0.6676765149459243,29.359044603988092,28.568267903119725,90.24285714285715,90.49955834723721,400.0
9,0.632225011009723,22.588384878629373,21.980667067403633,90.24285714285715,90.49955834723721,400.0
10,0.6578810885548592,11.713857862372434,11.73772623988103,9.757142857142853,9.500441652762788,400.0
11,0.6597397299483418,26.75779228602417,26.036168048231676,90.24285714285715,90.49955834723721,400.0
12,0.7181086172349751,22.691377332098227,22.07929353890892,90.24285714285715,90.49955834723721,400.0
13,0.8092641537077725,26.197887380174787,25.49017374069218,90.24285714285715,90.49955834723721,400.0
14,0.8036593426950276,11.309221690050068,11.00148861770719,90.24285714285715,90.49955834723721,400.0
15,0.8071034452877939,7.468398519032419,7.2622412892582995,90.24285714285715,90.49955834723721,400.0
16,0.683100953232497,26.99135179689554,26.260282972946104,90.24285714285715,90.49955834723721,400.0
17,0.6787104280665517,33.21805017943216,32.31685382232373,90.24285714285715,90.49955834723721,400.0
18,0.6854978702031076,6.11798259149975,5.945379301082375,90.24285714285715,90.49955834723721,400.0
19,0.645388095639646,18.894644608049777,18.379883391277094,90.24285714285715,90.49955834723721,400.0
