,times,train_loss,test_loss,train_acc,test_acc,eta
0,4.37449513701722,0.4102166217975736,0.41794925758344936,0.0,0.0,0.9999999999999999
1,4.438034711871296,,,0.0,0.0,0.9999999999999999
2,4.468967464286834,,,0.0,0.0,0.9999999999999999
3,4.40363182593137,,,0.0,0.0,0.9999999999999999
4,4.393631697166711,,,0.0,0.0,0.9999999999999999
5,4.4507107408717275,,,0.0,0.0,0.9999999999999999
6,4.450171982869506,,,0.0,0.0,0.9999999999999999
7,4.504606839735061,,,0.0,0.0,0.9999999999999999
8,4.398617754690349,,,0.0,0.0,0.9999999999999999
9,4.424684860277921,,,0.0,0.0,0.9999999999999999
10,4.390335727017373,,,0.0,0.0,0.9999999999999999
11,4.417907959781587,,,0.0,0.0,0.9999999999999999
12,4.403062512166798,,,0.0,0.0,0.9999999999999999
13,4.414321566000581,,,0.0,0.0,0.9999999999999999
14,4.409167203120887,,,0.0,0.0,0.9999999999999999
15,4.416767742950469,,,0.0,0.0,0.9999999999999999
16,4.419154759030789,,,0.0,0.0,0.9999999999999999
17,4.418946663849056,,,0.0,0.0,0.9999999999999999
18,4.408286090940237,,,0.0,0.0,0.9999999999999999
19,4.420184929389507,,,0.0,0.0,0.9999999999999999
