,times,train_loss,test_loss,train_acc,test_acc,eta
0,4.341804096009582,0.4973634441005037,0.5076391322935883,0.0,0.0,0.005994842503189411
1,4.374482731800526,0.44615331498052,0.45420922885157045,0.0,0.0,0.005994842503189411
2,4.393930864986032,0.4009783102244251,0.4079903255616094,0.0,0.0,0.005994842503189411
3,4.458982498850673,0.3890159937784058,0.39523125902077594,0.0,0.0,0.005994842503189411
4,4.233511364087462,0.3782828142917371,0.3836120816656646,0.0,0.0,0.005994842503189411
5,4.263276412617415,0.37490153232621815,0.37992312873739953,0.0,0.0,0.005994842503189411
6,4.268578293733299,0.3722851640477091,0.3773047978783357,0.0,0.0,0.005994842503189411
7,4.301880804821849,0.36981810879628707,0.37489158069738204,0.0,0.0,0.005994842503189411
8,4.311756040900946,,,0.0,0.0,0.005994842503189411
9,4.434369525872171,,,0.0,0.0,0.005994842503189411
10,4.772132546175271,,,0.0,0.0,0.005994842503189411
11,4.2781848651356995,,,0.0,0.0,0.005994842503189411
12,4.268588248174638,,,0.0,0.0,0.005994842503189411
13,4.2740220092237,,,0.0,0.0,0.005994842503189411
14,4.520245544146746,,,0.0,0.0,0.005994842503189411
15,4.597524487879127,,,0.0,0.0,0.005994842503189411
16,4.567564046010375,,,0.0,0.0,0.005994842503189411
17,4.590937600005418,,,0.0,0.0,0.005994842503189411
18,4.565888290293515,,,0.0,0.0,0.005994842503189411
19,4.595934964250773,,,0.0,0.0,0.005994842503189411
