,times,train_loss,test_loss,train_acc,test_acc,eta
0,4.189361825585365,0.4741208822235967,0.4838063793636384,0.0,0.0,0.07742636826811272
1,4.304219027981162,,,0.0,0.0,0.07742636826811272
2,4.359674566891044,,,0.0,0.0,0.07742636826811272
3,4.139072807971388,,,0.0,0.0,0.07742636826811272
4,4.34288048511371,,,0.0,0.0,0.07742636826811272
5,4.375595403835177,,,0.0,0.0,0.07742636826811272
6,4.378890303894877,,,0.0,0.0,0.07742636826811272
7,4.425613059196621,,,0.0,0.0,0.07742636826811272
8,4.43533626710996,,,0.0,0.0,0.07742636826811272
9,4.510108751710504,,,0.0,0.0,0.07742636826811272
10,4.485453178174794,,,0.0,0.0,0.07742636826811272
11,4.517092955298722,,,0.0,0.0,0.07742636826811272
12,4.490553577896208,,,0.0,0.0,0.07742636826811272
13,4.500277437735349,,,0.0,0.0,0.07742636826811272
14,4.504453144036233,,,0.0,0.0,0.07742636826811272
15,4.510270751081407,,,0.0,0.0,0.07742636826811272
16,4.5024909735657275,,,0.0,0.0,0.07742636826811272
17,4.546019293833524,,,0.0,0.0,0.07742636826811272
18,4.501154399011284,,,0.0,0.0,0.07742636826811272
19,4.46304241893813,,,0.0,0.0,0.07742636826811272
