,times,train_loss,test_loss,train_acc,test_acc,eta
0,0.28804405173286796,0.43440714045164386,0.43476757296670704,87.58794751672515,87.43603927534228,2.0396183152034384
1,0.26763298315927386,0.359042997977005,0.3597629781603131,90.355593202759,90.45083667542525,2.0396183152034384
2,0.2721844706684351,0.3151030091265699,0.31616081683754177,91.87857624423047,92.10344350712211,2.0396183152034384
3,0.2932389215566218,0.21065523675817588,0.21180902916878447,93.21485988901757,93.43106071082838,2.0396183152034384
4,0.29156255163252354,0.17348796106234646,0.17502239316616208,94.011789721161,94.17093071497717,2.0396183152034384
5,0.30663680098950863,0.1436916229769303,0.14608619436040107,94.90206925164658,94.72410454985479,2.0396183152034384
6,0.2874026009812951,0.13345041128063204,0.1365992804679569,95.25818106384082,95.04909417784539,2.0396183152034384
7,0.3271823921240866,0.12004467772219195,0.12431057260373968,95.76468961225301,95.37408380583598,2.0396183152034384
8,0.2739757406525314,0.11865256068898224,0.12308449031891071,95.83383753695092,95.42940118932374,2.0396183152034384
9,0.2913252906873822,0.11362416187538471,0.11862417201488447,96.07758397151106,95.59535333978702,2.0396183152034384
10,0.2699811472557485,0.11254173727425676,0.11768865162561498,96.14673189620896,95.64375605033882,2.0396183152034384
11,0.2648886009119451,0.11151286057606817,0.11680534662220755,96.20550763220218,95.6921587608906,2.0396183152034384
12,0.2640365893021226,0.11053294291107507,0.11596960329617219,96.27292685878265,95.78896418199419,2.0396183152034384
13,0.26772319013252854,0.10959834132934268,0.11517758788906148,96.32997389665843,95.83045221961001,2.0396183152034384
14,0.2690789308398962,0.10870475495406862,0.1144249469923247,96.3870209345342,95.87194025722583,2.0396183152034384
15,0.270553280133754,0.10784921435775231,0.1137088282359507,96.41640880253081,95.89268427603375,2.0396183152034384
16,0.2684115320444107,0.10702834256117259,0.11302576357089139,96.45271146299721,95.91342829484165,2.0396183152034384
17,0.26647573709487915,0.10623955280503378,0.11237297326151244,96.50111501028576,95.93417231364957,2.0396183152034384
18,0.309221004601568,0.09456738261177898,0.10268813272495707,97.11480284197971,96.50117549439912,2.0396183152034384
19,0.30473872134462,0.0893080731627181,0.09861399301652674,97.36200667277474,96.6671276448624,2.0396183152034384
