,times,train_loss,test_loss,train_acc,test_acc,eta
0,0.2917511141858995,0.19938997489049803,0.200880202888543,93.73174062613445,93.92891716221823,0.7335841422469557
1,0.2625587419606745,0.17157290458478622,0.17476395359537214,95.3947482151192,95.15972894482091,0.7335841422469557
2,0.28973934706300497,0.13277515687289004,0.13768672605666657,96.21587982090688,95.76130549025031,0.7335841422469557
3,0.2823012191802263,0.1153722763790655,0.12166090591822203,96.68262831261777,96.07938044530493,0.7335841422469557
4,0.2660666280426085,0.11096636075829176,0.11793556624008768,96.84858333189275,96.24533259576822,0.7335841422469557
5,0.2636894192546606,0.10713780532132645,0.11473287031209072,97.00416616246305,96.37671138155166,0.7335841422469557
6,0.2885065097361803,0.09563893835325493,0.10482130256472284,97.33607620101301,96.6187249343106,0.7335841422469557
7,0.2685483689419925,0.09335723041757288,0.10304519763347199,97.40868152194582,96.68787166367031,0.7335841422469557
8,0.2835365361534059,0.08515341675556631,0.09640897535318445,97.65242795650596,96.90914119762135,0.7335841422469557
9,0.2713927160948515,0.08360178852814273,0.09528468646449234,97.71638978685152,96.92988521642927,0.7335841422469557
10,0.3157865251414478,0.07622441538462219,0.08967088739341952,97.92729095718015,97.10275203982852,0.7335841422469557
11,0.2869371837005019,0.07390477060612038,0.08804139831534638,98.02236935363977,97.13732540450837,0.7335841422469557
12,0.296487086918205,0.07161888607377344,0.08651103613208895,98.06731550469341,97.19264278799612,0.7335841422469557
13,0.31124307587742805,0.0689508505717026,0.08478282200415399,98.16757999550539,97.22721615267598,0.7335841422469557
14,0.2880482911132276,0.06764911777948696,0.08396980011483436,98.21944093902881,97.23413082561194,0.7335841422469557
15,0.28889274690300226,0.06604175587499225,0.08298450552953408,98.28167407125693,97.26178951735582,0.7335841422469557
16,0.2827261849306524,0.06478164324908212,0.08222350086379641,98.33180631666292,97.27561886322776,0.7335841422469557
17,0.28552623791620135,0.06323787464889602,0.08130559159369069,98.3888533545387,97.28253353616374,0.7335841422469557
18,0.3133974908851087,0.06144066944285884,0.08025567241172916,98.44935778864937,97.27561886322776,0.7335841422469557
19,0.28603585390374064,0.06050624157088394,0.07971939445977617,98.48566044911577,97.30327755497164,0.7335841422469557
