,times,train_loss,test_loss,train_acc,test_acc,eta
0,48.4927463340573,,,0.0,0.0,0.8795442791215591
1,46.292043016292155,,,0.0,0.0,0.8795442791215591
2,9.654757380951196,,,0.0,0.0,0.8795442791215591
3,9.620856863912195,,,0.0,0.0,0.8795442791215591
4,9.84777065506205,,,0.0,0.0,0.8795442791215591
5,9.477844114881009,,,0.0,0.0,0.8795442791215591
6,9.525769534055144,,,0.0,0.0,0.8795442791215591
7,22.927867277991027,,,0.0,0.0,0.8795442791215591
8,10.121001130901277,,,0.0,0.0,0.8795442791215591
9,23.49287503026426,,,0.0,0.0,0.8795442791215591
10,71.26865692902356,,,0.0,0.0,0.8795442791215591
11,34.518097842112184,,,0.0,0.0,0.8795442791215591
12,24.660266894847155,,,0.0,0.0,0.8795442791215591
13,10.286359142977744,,,0.0,0.0,0.8795442791215591
14,10.737800986971706,,,0.0,0.0,0.8795442791215591
15,10.202642164658755,,,0.0,0.0,0.8795442791215591
16,24.142795612104237,,,0.0,0.0,0.8795442791215591
17,9.987658297177404,,,0.0,0.0,0.8795442791215591
18,24.177665408235043,,,0.0,0.0,0.8795442791215591
19,53.99722549598664,,,0.0,0.0,0.8795442791215591
