,times,train_loss,test_loss,train_acc,test_acc,eta
0,22.47118588211015,,,0.0,0.0,0.6809991926337756
1,10.26670959405601,,,0.0,0.0,0.6809991926337756
2,32.44724057801068,,,0.0,0.0,0.6809991926337756
3,35.3053920022212,,,0.0,0.0,0.6809991926337756
4,22.192837896756828,,,0.0,0.0,0.6809991926337756
5,22.468259735032916,,,0.0,0.0,0.6809991926337756
6,9.256855280138552,,,0.0,0.0,0.6809991926337756
7,9.68657003622502,,,0.0,0.0,0.6809991926337756
8,22.267966360319406,,,0.0,0.0,0.6809991926337756
9,36.214850035030395,,,0.0,0.0,0.6809991926337756
10,95.49310560710728,,,0.0,0.0,0.6809991926337756
11,10.567118062172085,,,0.0,0.0,0.6809991926337756
12,52.23574958415702,,,0.0,0.0,0.6809991926337756
13,58.998041255399585,,,0.0,0.0,0.6809991926337756
14,76.11201895214617,,,0.0,0.0,0.6809991926337756
15,25.58224487071857,,,0.0,0.0,0.6809991926337756
16,13.370458148885518,,,0.0,0.0,0.6809991926337756
17,25.14961500139907,,,0.0,0.0,0.6809991926337756
18,11.420318110845983,,,0.0,0.0,0.6809991926337756
19,12.298956303857267,,,0.0,0.0,0.6809991926337756
