,times,train_loss,test_loss,train_acc,test_acc,eta
0,23.740634955931455,,,0.0,0.0,0.6666666666666666
1,74.86951571004465,,,0.0,0.0,0.6666666666666666
2,25.9045980470255,,,0.0,0.0,0.6666666666666666
3,9.322746285703033,,,0.0,0.0,0.6666666666666666
4,36.62562145292759,,,0.0,0.0,0.6666666666666666
5,23.256607004906982,,,0.0,0.0,0.6666666666666666
6,22.320905211847275,,,0.0,0.0,0.6666666666666666
7,22.669745948165655,,,0.0,0.0,0.6666666666666666
8,9.35361594799906,,,0.0,0.0,0.6666666666666666
9,9.497570166364312,,,0.0,0.0,0.6666666666666666
10,24.4776748130098,,,0.0,0.0,0.6666666666666666
11,22.78536227112636,,,0.0,0.0,0.6666666666666666
12,47.94890621025115,,,0.0,0.0,0.6666666666666666
13,49.212691492866725,,,0.0,0.0,0.6666666666666666
14,9.340309103019536,,,0.0,0.0,0.6666666666666666
15,9.735393465030938,,,0.0,0.0,0.6666666666666666
16,23.252581589855254,,,0.0,0.0,0.6666666666666666
17,9.868835397064686,,,0.0,0.0,0.6666666666666666
18,23.84589136391878,,,0.0,0.0,0.6666666666666666
19,9.486800959799439,,,0.0,0.0,0.6666666666666666
