,times,train_loss,test_loss,train_acc,test_acc,eta
0,4.299093421082944,0.41002767081385055,0.41770802254124023,0.0,0.0,0.9999999999999999
1,4.355847487226129,,,0.0,0.0,0.9999999999999999
2,4.364343914203346,,,0.0,0.0,0.9999999999999999
3,4.363838918041438,,,0.0,0.0,0.9999999999999999
4,4.39817738160491,,,0.0,0.0,0.9999999999999999
5,4.425292688887566,,,0.0,0.0,0.9999999999999999
6,4.434407697059214,,,0.0,0.0,0.9999999999999999
7,4.461621486116201,,,0.0,0.0,0.9999999999999999
8,4.477263872977346,,,0.0,0.0,0.9999999999999999
9,4.48488400503993,,,0.0,0.0,0.9999999999999999
10,4.515531841199845,,,0.0,0.0,0.9999999999999999
11,4.508370256051421,,,0.0,0.0,0.9999999999999999
12,4.5276983277872205,,,0.0,0.0,0.9999999999999999
13,4.510072008706629,,,0.0,0.0,0.9999999999999999
14,4.518183675128967,,,0.0,0.0,0.9999999999999999
15,4.517023365013301,,,0.0,0.0,0.9999999999999999
16,4.496484007686377,,,0.0,0.0,0.9999999999999999
17,4.510729341767728,,,0.0,0.0,0.9999999999999999
18,4.536495022010058,,,0.0,0.0,0.9999999999999999
19,4.573202045634389,,,0.0,0.0,0.9999999999999999
