,times,train_loss,test_loss,train_acc,test_acc,eta
0,0.30113725597038865,0.28770128410159296,0.28845821064597116,91.39626946946255,91.70930714977182,1.2236921017635911
1,0.28095353906974196,0.1976376594373966,0.19969059169373599,94.30739709924455,94.4198589406721,1.2236921017635911
2,0.2587617700919509,0.18426514243248904,0.18696157531683186,95.01270593116324,94.84856866270225,1.2236921017635911
3,0.2798583758994937,0.14889211017463025,0.15278462577166801,95.71282866872959,95.44323053519568,1.2236921017635911
4,0.30458850879222155,0.12226704155229398,0.1275408345990159,96.30058602866181,95.80279352786613,1.2236921017635911
5,0.29981125658378005,0.11175694427530372,0.11789895955767883,96.62558127474199,96.05172175356105,1.2236921017635911
6,0.25986596988514066,0.10988500588673662,0.11632808152490015,96.69645789755735,96.14161250172867,1.2236921017635911
7,0.28977035311982036,0.10441201661768182,0.11162422100229116,96.91254516223832,96.26607661457614,1.2236921017635911
8,0.280379984062165,0.09982257023969421,0.1077986662265326,97.09924455892268,96.40437007329554,1.2236921017635911
9,0.30916002904996276,0.0946451180429351,0.10358293673273833,97.28594395560704,96.58415156963076,1.2236921017635911
10,0.267541681881994,0.09364950748737177,0.1028266627095695,97.32916140854323,96.61181026137464,1.2236921017635911
11,0.3081774841994047,0.08931419946614771,0.09946462000157351,97.49338772970076,96.76393306596599,1.2236921017635911
12,0.318274246994406,0.08634713491341967,0.09722459420378336,97.60402440921742,96.81925044945375,1.2236921017635911
13,0.2930822526104748,0.08457699029044122,0.09592133046264155,97.66107144709319,96.90914119762135,1.2236921017635911
14,0.3262280719354749,0.08389273056034126,0.09542805848957762,97.69218801320726,96.93679988936523,1.2236921017635911
15,0.3382122740149498,0.08188132036308599,0.09397492931551217,97.75960723978771,96.96445858110911,1.2236921017635911
16,0.2975055412389338,0.0799689070671529,0.09261222495484737,97.82529776825073,96.99903194578897,1.2236921017635911
17,0.3236220180988312,0.07750723659274143,0.09088274660959986,97.89790308918353,97.0612640022127,1.2236921017635911
18,0.29039399698376656,0.07607744199912474,0.0898938283569627,97.95667882517677,97.08200802102061,1.2236921017635911
19,0.2943714829161763,0.07464939073802129,0.08891971901972659,98.02928414610956,97.1096667127645,1.2236921017635911
