,times,train_loss,test_loss,train_acc,test_acc,eta
0,0.651604883838445,0.21530325133342412,0.2606502738622884,0.0,0.0,0.04641588833612778
1,0.628913635853678,0.1998352678664326,0.19401678420611326,0.0,0.0,0.04641588833612778
2,0.6167699871584773,0.19979574991731017,0.1914128919961638,0.0,0.0,0.04641588833612778
3,0.609304181765765,0.19979499211262114,0.19128379145332416,0.0,0.0,0.04641588833612778
4,0.6062245420180261,0.1997943316310671,0.19127685688958423,0.0,0.0,0.04641588833612778
5,0.6068371278233826,0.1997936714038823,0.1912760304762329,0.0,0.0,0.04641588833612778
6,0.6097153490409255,0.19979301118779685,0.19127550739906146,0.0,0.0,0.04641588833612778
7,0.6171425650827587,0.19979235098222042,0.1912749989465738,0.0,0.0,0.04641588833612778
8,0.6048088502138853,0.19979169078699835,0.19127450009123903,0.0,0.0,0.04641588833612778
9,0.6033418253064156,0.1997910306023589,0.19127400309060805,0.0,0.0,0.04641588833612778
10,0.6079298933036625,0.199790370428151,0.19127349911865535,0.0,0.0,0.04641588833612778
11,0.6113290078938007,0.19978971026439812,0.19127299694252203,0.0,0.0,0.04641588833612778
12,0.6098696338012815,0.1997890501112711,0.1912724970804966,0.0,0.0,0.04641588833612778
13,0.6032244367524981,0.19978838996862677,0.19127199580753892,0.0,0.0,0.04641588833612778
14,0.6044519199058414,0.19978772983631415,0.19127148046858392,0.0,0.0,0.04641588833612778
15,0.60567088983953,0.1997870697146613,0.19127098562542705,0.0,0.0,0.04641588833612778
16,0.6146734799258411,0.19978640960327118,0.19127047747776213,0.0,0.0,0.04641588833612778
17,0.6086876629851758,0.19978574950249858,0.19126998160285852,0.0,0.0,0.04641588833612778
18,0.6062407358549535,0.1997850894121564,0.19126947377323963,0.0,0.0,0.04641588833612778
19,0.6115337028168142,0.19978442933225993,0.1912689752101988,0.0,0.0,0.04641588833612778
