,times,train_loss,test_loss,train_acc,test_acc,eta
0,0.633347590919584,415191516.7101073,415208202.83543134,0.0,0.0,2.154434690031883
1,0.5887258402071893,2.792738278557624e+16,2.7929094533271384e+16,0.0,0.0,2.154434690031883
2,0.6650257688015699,1.8763036593215442e+24,1.8764210894303367e+24,0.0,0.0,2.154434690031883
3,0.6204646988771856,1.2611107781329813e+32,1.2611884235501292e+32,0.0,0.0,2.154434690031883
4,0.6050344598479569,8.472836807546145e+39,8.473372422299397e+39,0.0,0.0,2.154434690031883
5,0.6045801867730916,5.6958634488155396e+47,5.696212400196888e+47,0.0,0.0,2.154434690031883
6,0.6068499772809446,3.824553452727139e+55,3.824789638420143e+55,0.0,0.0,2.154434690031883
7,0.5991134559735656,2.569970698261673e+63,2.570131414031724e+63,0.0,0.0,2.154434690031883
8,0.5556397899053991,1.7253267108318683e+71,1.7254334695264359e+71,0.0,0.0,2.154434690031883
9,0.5537324878387153,1.158594588421071e+79,1.158666634727632e+79,0.0,0.0,2.154434690031883
10,0.5655291001312435,7.786186426393002e+86,7.786664168236155e+86,0.0,0.0,2.154434690031883
11,0.6104314508847892,5.237615527571285e+94,5.237943487279174e+94,0.0,0.0,2.154434690031883
12,0.6288918000645936,3.5169181408831785e+102,3.5171369071076405e+102,0.0,0.0,2.154434690031883
13,0.6221770797856152,2.3615148375460712e+110,2.3616621281803206e+110,0.0,0.0,2.154434690031883
14,0.6392922308295965,1.5862900473147503e+118,1.5863893740284189e+118,0.0,0.0,2.154434690031883
15,0.6168906367383897,1.0656896827847253e+126,1.0657552471206819e+126,0.0,0.0,2.154434690031883
16,0.6092304899357259,7.160918717927576e+133,7.161366647228702e+133,0.0,0.0,2.154434690031883
17,0.5994646861217916,4.806308181134059e+141,4.806604230990511e+141,0.0,0.0,2.154434690031883
18,0.6062215100973845,3.2299585490220136e+149,3.230160536720716e+149,0.0,0.0,2.154434690031883
19,0.6597978658974171,2.169714804323068e+157,2.169848322547496e+157,0.0,0.0,2.154434690031883
