,times,train_loss,test_loss,train_acc,test_acc,eta
0,0.5780294612050056,0.353667637915253,0.3499888301582619,90.24285714285715,90.49955834723721,0.05166198660059535
1,0.5772399599663913,0.32606662264245445,0.3212855704960931,90.24285714285715,90.49955834723721,0.05166198660059535
2,0.5899075199849904,0.32121198399311224,0.3159630145981974,90.24285714285715,90.49955834723721,0.05166198660059535
3,0.5961433942429721,0.3201019644443367,0.31462830497241734,90.24285714285715,90.49955834723721,0.05166198660059535
4,0.5871849418617785,0.31981823534424697,0.31423080082855176,90.24285714285715,90.49955834723721,0.05166198660059535
5,0.6154829799197614,0.31974160437765664,0.31409506725246444,90.24285714285715,90.49955834723721,0.05166198660059535
6,0.5924574150703847,0.3197201711342395,0.3140425266302643,90.24285714285715,90.49955834723721,0.05166198660059535
7,0.5955953979864717,0.3197139155750336,0.3140197801640536,90.24285714285715,90.49955834723721,0.05166198660059535
8,0.6206310070119798,0.3197119015323321,0.3140089842140209,90.24285714285715,90.49955834723721,0.05166198660059535
9,0.6062022200785577,0.31971108295806266,0.3140034713784103,90.24285714285715,90.49955834723721,0.05166198660059535
10,0.6121193682774901,0.31971060285059977,0.3140004705931976,90.24285714285715,90.49955834723721,0.05166198660059535
11,0.5842996090650558,0.319710218803265,0.31399872339740625,90.24285714285715,90.49955834723721,0.05166198660059535
12,0.605113941244781,0.31970986205591995,0.3139976204672873,90.24285714285715,90.49955834723721,0.05166198660059535
13,0.5996639728546143,0.3197095130728675,0.3139968542349201,90.24285714285715,90.49955834723721,0.05166198660059535
14,0.5597174232825637,0.3197091663005934,0.31399626563832994,90.24285714285715,90.49955834723721,0.05166198660059535
15,0.5515496539883316,0.3197088201595136,0.31399577126291084,90.24285714285715,90.49955834723721,0.05166198660059535
16,0.7670077900402248,0.319708474200062,0.313995326970626,90.24285714285715,90.49955834723721,0.05166198660059535
17,0.5493002128787339,0.3197081282944052,0.31399490936318514,90.24285714285715,90.49955834723721,0.05166198660059535
18,0.5674868691712618,0.31970778240614467,0.31399450598093953,90.24285714285715,90.49955834723721,0.05166198660059535
19,0.5574739389121532,0.3197074365249147,0.31399411017638723,90.24285714285715,90.49955834723721,0.05166198660059535
