,times,train_loss,test_loss,train_acc,test_acc,eta
0,0.5545955332927406,0.3602180004079322,0.3566885147908931,90.24285714285715,90.49955834723721,30.970547307245088
1,0.5572125287726521,0.46139293870389314,0.44941935305159525,90.24285714285715,90.49955834723721,30.970547307245088
2,0.5581827941350639,0.33868944508141596,0.3344974951779441,90.24285714285715,90.49955834723721,30.970547307245088
3,0.5586511669680476,0.33504655824740753,0.3275252395231075,90.24285714285715,90.49955834723721,30.970547307245088
4,0.5569261973723769,0.3594831695761015,0.35588150042903666,90.24285714285715,90.49955834723721,30.970547307245088
5,0.5523356376215816,0.4310710404392384,0.41986593132094346,90.24285714285715,90.49955834723721,30.970547307245088
6,0.5435476722195745,0.32631525964372476,0.32147864260698283,90.24285714285715,90.49955834723721,30.970547307245088
7,0.5575515972450376,0.3353515098928519,0.3276638184505779,90.24285714285715,90.49955834723721,30.970547307245088
8,0.5791275249794126,0.3489214691633603,0.34494882248914854,90.24285714285715,90.49955834723721,30.970547307245088
9,0.5801914613693953,0.4353426225422725,0.42388918444263995,90.24285714285715,90.49955834723721,30.970547307245088
10,0.6103505217470229,0.32268951627998815,0.31754355606263523,90.24285714285715,90.49955834723721,30.970547307245088
11,0.6124632437713444,0.399005063649385,0.38863884939135546,90.24285714285715,90.49955834723721,30.970547307245088
12,0.6392052071169019,0.3534507847336927,0.34951086024545674,90.24285714285715,90.49955834723721,30.970547307245088
13,0.5909210378304124,0.4157326862715101,0.4047597804109189,90.24285714285715,90.49955834723721,30.970547307245088
14,0.558712427970022,0.3332773381434814,0.32865079120416824,90.24285714285715,90.49955834723721,30.970547307245088
15,0.5585874556563795,0.3416753134187611,0.33336405340573133,90.24285714285715,90.49955834723721,30.970547307245088
16,0.5510311927646399,0.3537915219935733,0.3497932648240897,90.24285714285715,90.49955834723721,30.970547307245088
17,0.5947896237485111,0.4566640163179115,0.4443052861211728,90.24285714285715,90.49955834723721,30.970547307245088
18,0.5903016179800034,0.32058530350018605,0.3151919480870432,90.24285714285715,90.49955834723721,30.970547307245088
19,0.5910673537291586,0.3592583141521238,0.35003908550575114,90.24285714285715,90.49955834723721,30.970547307245088
