,times,train_loss,test_loss,train_acc,test_acc,eta
0,0.2306023254059255,0.6921517616875162,0.6921552012272639,78.18555845592684,78.41239109390126,0.004
1,0.23034007102251053,0.691160490946383,0.6911673319478991,78.20284543710132,78.41239109390126,0.004
2,0.2349421801045537,0.690173335835679,0.690183540445581,78.23050460698047,78.40547642096529,0.004
3,0.22882786113768816,0.6891902787232165,0.6892038094998668,78.26507856932943,78.43313511270917,0.004
4,0.2359055201523006,0.6882112948684302,0.6882281148368649,78.2927377392086,78.44004978564514,0.004
5,0.23073839815333486,0.6872363675762054,0.6872564399393561,78.31866821097032,78.46770847738902,0.004
6,0.23314952198415995,0.686265468511283,0.6862887568959659,78.33941258837969,78.47462315032499,0.004
7,0.22987061413004994,0.6852985901693708,0.6853250583575631,78.36015696578906,78.47462315032499,0.004
8,0.2313968911767006,0.6843357016591753,0.6843653137157232,78.37744394696354,78.4953671691329,0.004
9,0.22725501516833901,0.6833767907747084,0.6834095111960627,78.4085605130776,78.52994053381275,0.004
10,0.2287263418547809,0.6824218248525145,0.6824576185178832,78.42930489048697,78.55759922555663,0.004
11,0.2345615653321147,0.6814707973831273,0.681509629175572,78.45523536224869,78.59217259023649,0.004
12,0.23739485582336783,0.6805236780051058,0.680565513374857,78.48116583401041,78.61291660904439,0.004
13,0.23406304977834225,0.6795804561928075,0.6796252607896653,78.50191021141978,78.62674595491633,0.004
14,0.23011326137930155,0.6786411065780503,0.6786888463850344,78.53129807941639,78.68206333840409,0.004
15,0.23039016081020236,0.6777055994869011,0.6777562408987664,78.55549985306067,78.70972203014797,0.004
16,0.23067270871251822,0.6767739343023146,0.6768274437998402,78.57624423047002,78.74429539482782,0.004
17,0.23030347423627973,0.675846069244787,0.6759024136658587,78.6004460041143,78.78578343244365,0.004
18,0.23537426395341754,0.6749220012175846,0.6749811478024237,78.61254689093644,78.81344212418753,0.004
19,0.23568983981385827,0.6740017042207637,0.6740636203761885,78.6436634570505,78.84110081593141,0.004
