,times,train_loss,test_loss,train_acc,test_acc,eta
0,0.23205603612586856,0.6806043935138272,0.6806459669413457,78.4777084377755,78.61291660904439,0.05166198660059535
1,0.2313358299434185,0.6687098418272842,0.6687872638905016,78.79060279703356,79.08311436869036,0.05166198660059535
2,0.23464681208133698,0.6574227820858155,0.657530959754959,79.11386934499629,79.51182409072051,0.05166198660059535
3,0.22701322101056576,0.6467034425294589,0.6468378826955855,79.45096547789859,79.84372839164708,0.05166198660059535
4,0.2314524739049375,0.6365135628888647,0.6366703315016239,79.76213113903918,80.1410593278938,0.05166198660059535
5,0.23028763104230165,0.6268178196570936,0.6269934893965431,80.14417342299514,80.54211035818005,0.05166198660059535
6,0.23528058733791113,0.6175838882337992,0.6177755131377277,80.46743997095787,80.8809293320426,0.05166198660059535
7,0.23433558084070683,0.6087796138921221,0.6089846857189185,80.77860563209846,81.11602821186558,0.05166198660059535
8,0.23391195619478822,0.6003758286789171,0.6005922129447135,81.08458519888671,81.37187111049647,0.05166198660059535
9,0.2338994932360947,0.5923473377074557,0.5925732260268561,81.43032482237626,81.6415433549993,0.05166198660059535
10,0.23431754298508167,0.5846687212507563,0.5849026069373096,81.6740712569364,81.98036232886184,0.05166198660059535
11,0.23523644404485822,0.577316796627015,0.5775574533933849,81.93337597455357,82.32609597566035,0.05166198660059535
12,0.23228319780901074,0.5702700152463435,0.5705164343363492,82.19786678652306,82.56810952841931,0.05166198660059535
13,0.23410404985770583,0.5635093635793703,0.563760742513102,82.46062890037513,82.80320840824228,0.05166198660059535
14,0.26023581717163324,0.5570158545436029,0.5572715631618262,82.73203450481442,83.02447794219333,0.05166198660059535
15,0.2740827579982579,0.5507736165073708,0.5510331798127712,82.98615312807925,83.25266214908035,0.05166198660059535
16,0.27071239380165935,0.5447664056086513,0.5450294556942891,83.20396909087766,83.51541972064722,0.05166198660059535
17,0.27545456774532795,0.5389805889807178,0.5392468844863044,83.46327380849482,83.80583598395796,0.05166198660059535
18,0.22353983810171485,0.5334025358482859,0.5336719183093047,83.71739243175963,84.027105517909,0.05166198660059535
19,0.222468342166394,0.5280198606982229,0.5282922539134836,83.96805365878956,84.2138016871802,0.05166198660059535
