,times,train_loss,test_loss,train_acc,test_acc,eta
0,0.20441921800374985,0.10931116693165215,0.11856352354241156,97.17876467232527,96.5495782049509,111.30237608828492
1,0.20663577783852816,0.08311783931545277,0.09647744675992966,97.90481788165333,97.02669063753285,111.30237608828492
2,0.2149077458307147,0.07073046489303329,0.08722602033889011,98.25055750514288,97.16498409625224,111.30237608828492
3,0.2153198979794979,0.06292324913979117,0.08195229187519489,98.48911784535066,97.30327755497164,111.30237608828492
4,0.21034503588452935,0.05737838836740664,0.07850764098749928,98.66890244956524,97.34476559258746,111.30237608828492
5,0.21237021824344993,0.05316914533756306,0.07610335998746978,98.79336871402147,97.37933895726732,111.30237608828492
6,0.21120165986940265,0.049829240513563584,0.07435370521510554,98.91610628036027,97.39316830313926,111.30237608828492
7,0.21355556324124336,0.047098963830056434,0.07301420728990013,99.01118467681988,97.42082699488314,111.30237608828492
8,0.21433338895440102,0.04481625095642564,0.07198759359030031,99.08724739398758,97.45540035956299,111.30237608828492
9,0.21883931010961533,0.04287243480926053,0.07116973151606588,99.13737963939357,97.44848568662702,111.30237608828492
10,0.2189492047764361,0.04119367940643766,0.0705191538983046,99.18924058291701,97.45540035956299,111.30237608828492
11,0.21743037505075336,0.039728893287030206,0.0699873716717452,99.22554324338341,97.42082699488314,111.30237608828492
12,0.21867878222838044,0.0384390461994277,0.06956372054922476,99.26530330008471,97.4277416678191,111.30237608828492
13,0.21822856273502111,0.03729399262787667,0.06921439513210954,99.3119781492558,97.4277416678191,111.30237608828492
14,0.21960027096793056,0.03627071401467372,0.06893095859865644,99.33617992290006,97.4069976490112,111.30237608828492
15,0.21857287269085646,0.03535080140888979,0.06870068658766677,99.36038169654434,97.4069976490112,111.30237608828492
16,0.2190288668498397,0.03451970011844146,0.0685134339980785,99.37939737583626,97.40008297607523,111.30237608828492
17,0.22109026601538062,0.03376547160053486,0.06836143577817207,99.38976956454094,97.40008297607523,111.30237608828492
18,0.22128872526809573,0.033078382455677416,0.06823641364838541,99.41224264006776,97.39316830313926,111.30237608828492
19,0.22208611806854606,0.0324497514469191,0.06814417075399543,99.43471571559459,97.40008297607523,111.30237608828492
