,times,train_loss,test_loss,train_acc,test_acc,eta
0,0.2336727762594819,0.4306538040701031,0.43107036990513836,87.95270281950663,87.80943161388467,2.397937001275765
1,0.2334885993041098,0.34689757485170225,0.34771183170714587,90.80678341141287,90.9279491080072,2.397937001275765
2,0.2360199219547212,0.3012153059458878,0.3024111769973464,92.27963420747835,92.53215322915226,2.397937001275765
3,0.33658479200676084,0.27137204294518213,0.2729088935843753,93.30648088924231,93.520951458996,2.397937001275765
4,0.23646526504307985,0.24987827010695499,0.25172866306374414,93.94437049458053,94.12252800442539,2.397937001275765
5,0.2306585879996419,0.2334210599405164,0.23556694709557116,94.36617283523778,94.45443230535196,2.397937001275765
6,0.23164709890261292,0.22028015377923735,0.22270572227888516,94.71536985496223,94.75176324159867,2.397937001275765
7,0.22666280204430223,0.2094614657943647,0.2121529665518394,95.01789202551558,94.93154473793389,2.397937001275765
8,0.23128831526264548,0.20034219619870008,0.20328868785133727,95.23397929019656,95.07675286958927,2.397937001275765
9,0.22831849986687303,0.19251431387665968,0.19570515417227025,95.42240738499835,95.138984926013,2.397937001275765
10,0.2997744530439377,0.18569318937781715,0.1891188917631257,95.55205974380694,95.33951044115614,2.397937001275765
11,0.23542162496596575,0.17967753404734974,0.18332934546145033,95.67998340449807,95.50546259161942,2.397937001275765
12,0.2273098868317902,0.1743159068563524,0.1781863100608018,95.78889138589729,95.56077997510718,2.397937001275765
13,0.23130194144323468,0.16949694781836122,0.17357853213812988,95.88569848047436,95.61609735859494,2.397937001275765
14,0.23487302800640464,0.16513281279607586,0.1694186739161764,96.00497865057825,95.70598810676255,2.397937001275765
15,0.2442022729665041,0.16115415728303273,0.16563856042722713,96.08449876398085,95.76822016318629,2.397937001275765
16,0.23030909895896912,0.15750644830553018,0.16218353964609208,96.18476325479281,95.85811091135389,2.397937001275765
17,0.2258290760219097,0.15414480512451606,0.15900898579433068,96.26428336819541,95.92725764071359,2.397937001275765
18,0.22513080993667245,0.15103323305413272,0.15607959482078668,96.33343129289332,95.97566035126539,2.397937001275765
19,0.22665127087384462,0.14814108374340626,0.153364822198812,96.40085051947378,96.02406306181717,2.397937001275765
