,times,train_loss,test_loss,train_acc,test_acc,eta
0,0.2195325279608369,0.17484378458092914,0.17868710654173287,95.7785191971926,95.4847185728115,30.970547307245088
1,0.21887118695303798,0.13456630687825,0.14073619703944157,96.72930316178886,96.19001521228046,30.970547307245088
2,0.22000534273684025,0.11554458633899752,0.12350225203936252,97.10788804950991,96.45277278384732,30.970547307245088
3,0.22329925000667572,0.10367497805681875,0.11311580556979037,97.39312323888879,96.68095699073434,30.970547307245088
4,0.22509051393717527,0.09526071955521169,0.10600329949851134,97.60229571109997,96.85382381413359,30.970547307245088
5,0.22222402412444353,0.08884252102263593,0.10074887820862934,97.75614984355282,96.89531185174941,30.970547307245088
6,0.22520644729956985,0.08371042272643012,0.09668181557525356,97.89790308918353,97.01977596459687,30.970547307245088
7,0.22304410906508565,0.07946756016108131,0.09342097619867287,97.99643888187806,97.03360531046881,30.970547307245088
8,0.22474114410579205,0.07587371562669519,0.09073948134404576,98.09670337269003,97.1304107315724,30.970547307245088
9,0.221355598885566,0.07277129500471441,0.08848751298811745,98.17968088232752,97.1511547503803,30.970547307245088
10,0.22811876516789198,0.0700538508581147,0.08656890467446199,98.28686016560928,97.22721615267598,30.970547307245088
11,0.22527767391875386,0.06764524103801683,0.08491391887496373,98.34390720348506,97.24104549854792,30.970547307245088
12,0.2259404081851244,0.06548928125202347,0.08346895529550034,98.41651252441785,97.27561886322776,30.970547307245088
13,0.22625382291153073,0.06354343262351837,0.08219804373538482,98.46837346794129,97.31019222790762,30.970547307245088
14,0.22706980910152197,0.061774937520687634,0.0810698895545465,98.52023441146473,97.32402157377956,30.970547307245088
15,0.22918539913371205,0.06015782475205998,0.08006274754459201,98.59111103428009,97.32402157377956,30.970547307245088
16,0.2273387908935547,0.05867106665641852,0.07915797575338915,98.61877020415925,97.31710690084358,30.970547307245088
17,0.22654022090137005,0.05729793375377664,0.07834222161513245,98.66198765709544,97.34476559258746,30.970547307245088
18,0.2289316370151937,0.05602422481658214,0.07760169878196269,98.70520511003164,97.37242428433134,30.970547307245088
19,0.2340249763801694,0.054838650659882957,0.07692824067706129,98.75360865732017,97.37933895726732,30.970547307245088
