,times,train_loss,test_loss,train_acc,test_acc,eta
0,0.23573630582541227,0.07277424094314029,0.090948836644083,97.94630663647207,96.97137325404509,400.0
1,0.23369708703830838,0.049884561526409785,0.07489794768434865,98.86251663871938,97.34476559258746,400.0
2,0.23890277603641152,0.041691635015606694,0.07103940311294941,99.14429443186336,97.46922970543493,400.0
3,0.2333399043418467,0.03696222345906588,0.06936916940270282,99.30333465866856,97.43465634075508,400.0
4,0.23500437010079622,0.033834079345119,0.06860790344900769,99.40187045136308,97.4761443783709,400.0
5,0.22974033188074827,0.03160712897753878,0.0682252449602036,99.44508790429927,97.46231503249896,400.0
6,0.2339106327854097,0.0299493643034372,0.06810232235934871,99.49003405535291,97.4761443783709,400.0
7,0.2348311929963529,0.028673520742679995,0.06814996110687249,99.51942192334953,97.4761443783709,400.0
8,0.238328926730901,0.027669258514336163,0.0682506226585235,99.54880979134613,97.48997372424284,400.0
9,0.23233838379383087,0.026864098104388216,0.06841803045130448,99.56955416875552,97.46922970543493,400.0
10,0.2327691656537354,0.026209325237683198,0.06861260965396267,99.59029854616489,97.49688839717881,400.0
11,0.23060078592970967,0.025671042128606172,0.06881696742420626,99.60412813110446,97.4761443783709,400.0
12,0.2332666888833046,0.025223165165606735,0.06905228917279944,99.62141511227894,97.45540035956299,400.0
13,0.22978122206404805,0.024847659546788307,0.06926692653691473,99.62660120663129,97.44157101369105,400.0
14,0.23468090686947107,0.024530878312197756,0.06949666898436158,99.63697339533597,97.43465634075508,400.0
15,0.2325662849470973,0.024261614738787206,0.06972472509461934,99.64907428215811,97.43465634075508,400.0
16,0.2355064838193357,0.02403133963363942,0.06995758606456644,99.65771777274534,97.4277416678191,400.0
17,0.2307745860889554,0.023833281036241376,0.07017106955090162,99.66290386709768,97.4069976490112,400.0
18,0.23138543404638767,0.02366234243871391,0.07037470110605767,99.66808996145004,97.42082699488314,400.0
19,0.23149412125349045,0.02351412068572619,0.07057155802839932,99.67154735768493,97.4277416678191,400.0
