,times,train_loss,test_loss,train_acc,test_acc,eta
0,37.156214440241456,326.3747798827942,322.48634207049184,0.0,0.0,1.4671682844939113
1,40.133076627738774,88.59043819598773,85.2960318844615,0.0,0.0,1.4671682844939113
2,24.885490516666323,69.79755793040431,67.53895530761537,0.0,0.0,1.4671682844939113
3,14.568834159057587,66.64122789080675,64.57978154300476,0.0,0.0,1.4671682844939113
4,40.88697172421962,61.066563109548355,59.789992572296306,0.0,0.0,1.4671682844939113
5,10.764800881035626,60.04902862958906,58.75515560228293,0.0,0.0,1.4671682844939113
6,59.26395998895168,57.303331627581436,56.29253845186185,0.0,0.0,1.4671682844939113
7,36.601053623016924,56.11098637255275,55.2691093378213,0.0,0.0,1.4671682844939113
8,9.914968330878764,55.8837264120446,55.049635158204566,0.0,0.0,1.4671682844939113
9,22.43540772330016,55.28976842821441,54.51892567855145,0.0,0.0,1.4671682844939113
10,23.102576942183077,54.8495290293959,54.12129086240733,0.0,0.0,1.4671682844939113
11,9.374731570947915,54.72818311438584,54.0096712384329,0.0,0.0,1.4671682844939113
12,10.738388922065496,54.61575014197625,53.90863783522276,0.0,0.0,1.4671682844939113
13,49.460387533996254,54.11976247117163,53.469237781127376,0.0,0.0,1.4671682844939113
14,9.926890533883125,54.04070114277907,53.40616574773718,0.0,0.0,1.4671682844939113
15,9.967455368023366,53.96025184739818,53.33438973838166,0.0,0.0,1.4671682844939113
16,24.186453592963517,53.546763210441235,52.98176943652865,0.0,0.0,1.4671682844939113
17,22.928492865059525,53.221726851606824,52.71259356629578,0.0,0.0,1.4671682844939113
18,49.7914552828297,52.79520801884616,52.37282336616537,0.0,0.0,1.4671682844939113
19,25.141069016885012,52.6879922498655,52.288692235394834,0.0,0.0,1.4671682844939113
