,times,train_loss,test_loss,train_acc,test_acc,eta
0,19.813675025012344,0.581068872869803,0.5811097092519463,74.50342222222223,74.52199999999999,0.9474603531792863
1,68.5178300626576,0.4850532630652492,0.4844775083194328,77.98237777777777,77.9722,0.9474603531792863
2,35.63757480122149,0.47631792455636907,0.47547472503934746,78.23304444444445,78.238,0.9474603531792863
3,50.96645599184558,0.4700800616253417,0.4690318453843463,78.35733333333333,78.35640000000001,0.9474603531792863
4,18.808604263234884,0.4689868536111523,0.46790282081681245,78.40697777777778,78.3998,0.9474603531792863
5,69.19687599921599,0.46518475031119894,0.46389957211575494,78.5544,78.5534,0.9474603531792863
6,20.539178205188364,0.4647067989069687,0.46340873803695193,78.58737777777777,78.5832,0.9474603531792863
7,68.77783974679187,0.4630100635685994,0.46164041992120497,78.68506666666667,78.6724,0.9474603531792863
8,19.17326130811125,0.46269328039401986,0.4613154244340484,78.70344444444444,78.6854,0.9474603531792863
9,36.7160565238446,0.4619094268500897,0.4605046706778058,78.75255555555556,78.7398,0.9474603531792863
10,21.022507816087455,0.4616619247519131,0.460245586489167,78.76891111111111,78.7578,0.9474603531792863
11,20.580645164009184,0.461408917383056,0.45999238059993436,78.78355555555555,78.7728,0.9474603531792863
12,35.60309312492609,0.4606009176831605,0.45916000142192925,78.834,78.8366,0.9474603531792863
13,54.045259142294526,0.45970284545319334,0.45823188513134666,78.88982222222222,78.88380000000001,0.9474603531792863
14,35.73296160530299,0.4592717115257033,0.4577838627482246,78.9166,78.9046,0.9474603531792863
15,52.77553121186793,0.45877953755525197,0.457275303710249,78.9447111111111,78.9382,0.9474603531792863
16,20.23522422881797,0.45866003097791314,0.4571519327748639,78.95062222222222,78.9504,0.9474603531792863
17,20.370014291256666,0.4585448795207541,0.45703359810896904,78.95653333333334,78.957,0.9474603531792863
18,36.5025098240003,0.45816749228302833,0.4566411246923036,78.97984444444444,78.9664,0.9474603531792863
19,20.321286051068455,0.458069344773898,0.4565401212099493,78.986,78.9708,0.9474603531792863
