,times,train_loss,test_loss,train_acc,test_acc,eta
0,19.075829278677702,0.6070340388008947,0.6071538957579318,72.34882222222222,72.3156,1.2236921017635911
1,53.78878451185301,0.5111284699908006,0.5107984499514138,77.6736,77.6816,1.2236921017635911
2,37.464755637105554,0.4905747599031982,0.49002383748462625,78.00444444444445,77.9966,1.2236921017635911
3,20.116527329199016,0.48626920063647294,0.4856447053119305,78.07353333333333,78.0706,1.2236921017635911
4,19.76636837888509,0.4827711907306173,0.4820374236938542,78.22306666666667,78.2152,1.2236921017635911
5,20.010540176182985,0.4799911131342946,0.479200552880185,78.26693333333333,78.2614,1.2236921017635911
6,20.390815086197108,0.4776712139287877,0.4768407404940173,78.30202222222222,78.2908,1.2236921017635911
7,33.942447651177645,0.4677340252492303,0.4665806887405709,78.43293333333334,78.4262,1.2236921017635911
8,20.299768039025366,0.467397741087067,0.46625057176801804,78.43317777777779,78.4334,1.2236921017635911
9,36.82153542712331,0.4647966369390238,0.4633900455825851,78.52484444444444,78.507,1.2236921017635911
10,36.65055989380926,0.4641070708643744,0.46255220274955927,78.5798,78.5688,1.2236921017635911
11,20.356143167242408,0.46372995781641285,0.46216604967154246,78.59402222222222,78.5796,1.2236921017635911
12,20.394830980338156,0.4633745091692135,0.4618211227931929,78.62175555555555,78.61,1.2236921017635911
13,36.1752452859655,0.4626059286314121,0.4609615708114012,78.67888888888889,78.6802,1.2236921017635911
14,35.616218846291304,0.4619026861333906,0.46021565063847164,78.73577777777777,78.7356,1.2236921017635911
15,20.380299225915223,0.4616150032805561,0.45993555503066247,78.74873333333333,78.7454,1.2236921017635911
16,36.924113226123154,0.4608486198344946,0.45915932392299347,78.79713333333333,78.8052,1.2236921017635911
17,20.542572281789035,0.4606218123782461,0.4589414406485604,78.81046666666667,78.8118,1.2236921017635911
18,37.63307995535433,0.4598088639799401,0.45814007263367545,78.86162222222222,78.8446,1.2236921017635911
19,36.53878970909864,0.4591867512343944,0.4575304771142488,78.9006888888889,78.887,1.2236921017635911
