,times,train_loss,test_loss,train_acc,test_acc,eta
0,23.213234703056514,,,0.0,0.0,7.742636826811272
1,23.01185658480972,,,0.0,0.0,7.742636826811272
2,23.023606091737747,,,0.0,0.0,7.742636826811272
3,22.776263794861734,,,0.0,0.0,7.742636826811272
4,24.867044460959733,,,0.0,0.0,7.742636826811272
5,24.61286247195676,,,0.0,0.0,7.742636826811272
6,23.432084223721176,,,0.0,0.0,7.742636826811272
7,23.36969672702253,,,0.0,0.0,7.742636826811272
8,23.151597965043038,,,0.0,0.0,7.742636826811272
9,23.992763952817768,,,0.0,0.0,7.742636826811272
10,23.44792019901797,,,0.0,0.0,7.742636826811272
11,23.54619618691504,,,0.0,0.0,7.742636826811272
12,23.95435487292707,,,0.0,0.0,7.742636826811272
13,23.840457590762526,,,0.0,0.0,7.742636826811272
14,29.537294405978173,,,0.0,0.0,7.742636826811272
15,24.434491659048945,,,0.0,0.0,7.742636826811272
16,23.907435583882034,,,0.0,0.0,7.742636826811272
17,31.729253876022995,,,0.0,0.0,7.742636826811272
18,31.67429555999115,,,0.0,0.0,7.742636826811272
19,30.305481779389083,,,0.0,0.0,7.742636826811272
