,times,train_loss,test_loss,train_acc,test_acc,eta
0,25.97572992509231,3714.1407458131393,3557.696628696459,0.0,0.0,0.012915496650148838
1,25.97911305213347,3523.6691454305064,3377.724791813507,0.0,0.0,0.012915496650148838
2,24.275671625044197,3348.9837913091787,3211.5838520950833,0.0,0.0,0.012915496650148838
3,25.283457888755947,3187.3656900916308,3057.7037490181433,0.0,0.0,0.012915496650148838
4,25.186967593152076,3037.0722748537178,2914.4815360853877,0.0,0.0,0.012915496650148838
5,24.459375456906855,2896.796022162877,2780.6290000789154,0.0,0.0,0.012915496650148838
6,24.661366190295666,2765.515408001903,2655.2958779681053,0.0,0.0,0.012915496650148838
7,24.55520684691146,2642.3946185117475,2537.6238886627175,0.0,0.0,0.012915496650148838
8,23.55256115878001,2526.7146445838803,2427.00669696906,0.0,0.0,0.012915496650148838
9,23.922183956950903,2417.868436135384,2322.844219954642,0.0,0.0,0.012915496650148838
10,23.19646357325837,2315.30140431026,2224.654652287156,0.0,0.0,0.012915496650148838
11,22.723585728555918,2218.5387554283766,2131.9740105183814,0.0,0.0,0.012915496650148838
12,23.506023455876857,2127.1571984156362,2044.403373530525,0.0,0.0,0.012915496650148838
13,22.5705503099598,2040.7643567260288,1961.5706773263594,0.0,0.0,0.012915496650148838
14,24.198359191883355,1959.0143264604724,1883.180372250081,0.0,0.0,0.012915496650148838
15,23.515150111168623,1881.5861854790514,1808.8885889830242,0.0,0.0,0.012915496650148838
16,24.16119088185951,1808.1954159133468,1738.460988886463,0.0,0.0,0.012915496650148838
17,24.143476812168956,1738.5712612024088,1671.6253988037574,0.0,0.0,0.012915496650148838
18,30.77457308024168,1672.468731606419,1608.1599026260958,0.0,0.0,0.012915496650148838
19,30.172626646235585,1609.6679946220445,1547.839966787086,0.0,0.0,0.012915496650148838
