,times,train_loss,test_loss,train_acc,test_acc,eta
0,23.450484049972147,3253.6485909015755,3121.3420908718244,0.0,0.0,0.04641588833612778
1,26.03185201389715,2743.4466383457084,2634.357341548044,0.0,0.0,0.04641588833612778
2,22.528988837264478,2338.22850289348,2246.6452593967338,0.0,0.0,0.04641588833612778
3,25.302597774658352,2010.1629117827208,1932.2751621180198,0.0,0.0,0.04641588833612778
4,26.328108795918524,1740.9771022209648,1673.9446065888912,0.0,0.0,0.04641588833612778
5,26.565003386233002,1517.7562231302902,1459.5940680943543,0.0,0.0,0.04641588833612778
6,24.52546480903402,1331.0559058574127,1280.1281035721763,0.0,0.0,0.04641588833612778
7,23.596947193145752,1173.6386439556766,1128.7052753245873,0.0,0.0,0.04641588833612778
8,28.000668787863106,1040.0895917761839,1000.178683892431,0.0,0.0,0.04641588833612778
9,31.0808723741211,926.089650942973,890.4287618131914,0.0,0.0,0.04641588833612778
10,24.785459268838167,828.294609643054,796.199594595379,0.0,0.0,0.04641588833612778
11,28.386064832098782,743.988290146099,714.9723318272157,0.0,0.0,0.04641588833612778
12,24.10367730120197,671.0477460683102,644.6481595650614,0.0,0.0,0.04641588833612778
13,22.97743435902521,607.7076817485588,583.5724244745996,0.0,0.0,0.04641588833612778
14,22.322636852040887,552.5262544862037,530.3476707843669,0.0,0.0,0.04641588833612778
15,22.741350897122175,504.3109504824129,483.82247503603355,0.0,0.0,0.04641588833612778
16,23.290613712277263,462.07151547841386,443.07384082212855,0.0,0.0,0.04641588833612778
17,28.09106868505478,424.97872215680337,407.2750578449789,0.0,0.0,0.04641588833612778
18,24.884102889802307,392.3290727749439,375.7656697415954,0.0,0.0,0.04641588833612778
19,24.318620436824858,363.52998633807323,347.9699092293409,0.0,0.0,0.04641588833612778
