,times,train_loss,test_loss,train_acc,test_acc,eta
0,23.41977281915024,3713.8966279488636,3558.3501251019507,0.0,0.0,0.012915496650148838
1,25.004116924945265,3523.5240528831487,3377.8249940690907,0.0,0.0,0.012915496650148838
2,23.946832061279565,3348.854819798671,3211.681537204974,0.0,0.0,0.012915496650148838
3,23.3679987071082,3187.2744997903087,3057.834443460517,0.0,0.0,0.012915496650148838
4,24.407090550288558,3037.0150524141472,2914.593684179584,0.0,0.0,0.012915496650148838
5,22.65117806615308,2896.763273132137,2780.7682030038222,0.0,0.0,0.012915496650148838
6,22.09571258025244,2765.5026577728922,2655.4120932640685,0.0,0.0,0.012915496650148838
7,22.066840139683336,2642.3899860216857,2537.7356805326913,0.0,0.0,0.012915496650148838
8,23.09065043879673,2526.707602861541,2427.0912398520513,0.0,0.0,0.012915496650148838
9,22.394299828913063,2417.8524041133737,2322.929505930647,0.0,0.0,0.012915496650148838
10,22.190424949862063,2315.2783524762694,2224.7165080003297,0.0,0.0,0.012915496650148838
11,23.054505211301148,2218.510308423495,2132.0194439205115,0.0,0.0,0.012915496650148838
12,22.3116140300408,2127.117300602138,2044.4318269844387,0.0,0.0,0.012915496650148838
13,22.36740505695343,2040.712905773539,1961.5828178249967,0.0,0.0,0.012915496650148838
14,22.22197924973443,1958.952279038414,1883.1725234706876,0.0,0.0,0.012915496650148838
15,22.171264929231256,1881.5182797782586,1808.8686469986808,0.0,0.0,0.012915496650148838
16,22.400018102955073,1808.1133918996663,1738.429201350403,0.0,0.0,0.012915496650148838
17,23.736747954040766,1738.480250220276,1671.5767239699255,0.0,0.0,0.012915496650148838
18,22.71560928458348,1672.3717882109497,1608.0990811975942,0.0,0.0,0.012915496650148838
19,24.307357866317034,1609.5650045235423,1547.7755067699081,0.0,0.0,0.012915496650148838
