,times,train_loss,test_loss,train_acc,test_acc,eta
0,23.117987345904112,3252.036171054104,3120.3919768965716,0.0,0.0,0.04641588833612778
1,22.40121305687353,2742.1090142414632,2633.155713438842,0.0,0.0,0.04641588833612778
2,23.61838534101844,2337.551464954057,2245.9581202817885,0.0,0.0,0.04641588833612778
3,22.851869367994368,2009.8134209838845,1931.941801170465,0.0,0.0,0.04641588833612778
4,23.3899353351444,1740.7823353432968,1673.7956638991145,0.0,0.0,0.04641588833612778
5,23.60268111806363,1517.6664359118597,1459.4459707795615,0.0,0.0,0.04641588833612778
6,23.542334785684943,1330.9878501898,1280.0088252534194,0.0,0.0,0.04641588833612778
7,23.863987226970494,1173.5838569567823,1128.6232769556325,0.0,0.0,0.04641588833612778
8,23.475662857759744,1039.9991261462926,1000.0757328829029,0.0,0.0,0.04641588833612778
9,22.82275914400816,925.9875457233686,890.2992754700648,0.0,0.0,0.04641588833612778
10,23.286262955982238,828.1641882987063,796.0407263065064,0.0,0.0,0.04641588833612778
11,22.855523040052503,743.8729254476634,714.814536241755,0.0,0.0,0.04641588833612778
12,22.862915952224284,670.9236933160696,644.5006215566243,0.0,0.0,0.04641588833612778
13,23.07061677519232,607.5724680006767,583.4071412742919,0.0,0.0,0.04641588833612778
14,22.644221435301006,552.388006345858,530.1807348000294,0.0,0.0,0.04641588833612778
15,23.28008470311761,504.17104848445314,483.6702248809841,0.0,0.0,0.04641588833612778
16,23.10348543524742,461.9318578041701,442.9163402362439,0.0,0.0,0.04641588833612778
17,23.10910934768617,424.8377733562204,407.1192784747793,0.0,0.0,0.04641588833612778
18,23.06560260988772,392.18842641191094,375.6104477568951,0.0,0.0,0.04641588833612778
19,22.35069044213742,363.3882568309021,347.8177207864401,0.0,0.0,0.04641588833612778
