,times,train_loss,test_loss,train_acc,test_acc,eta
0,0.7054681959562004,0.3197007328528494,0.3139866321980978,90.24285714285715,90.49955834723721,2.0476975279865255
1,0.3673268179409206,0.31968735740633414,0.31397166723565395,90.24285714285715,90.49955834723721,2.0476975279865255
2,0.6755105219781399,0.31965256357437966,0.31393270729044637,90.24285714285715,90.49955834723721,2.0476975279865255
3,0.3777077170088887,0.3196392095876362,0.3139177974783866,90.24285714285715,90.49955834723721,2.0476975279865255
4,0.6924978788010776,0.3195857568577511,0.3138579083273253,90.24285714285715,90.49955834723721,2.0476975279865255
5,0.6612344547174871,0.3195322850117897,0.31379803587597715,90.24285714285715,90.49955834723721,2.0476975279865255
6,0.34777128463611007,0.31951897354489517,0.3137831405975044,90.24285714285715,90.49955834723721,2.0476975279865255
7,0.6903662458062172,0.3194584896562129,0.3137153835344189,90.24285714285715,90.49955834723721,2.0476975279865255
8,0.6624520821496844,0.3193966922808525,0.31364608329150284,90.24285714285715,90.49955834723721,2.0476975279865255
9,0.6403336189687252,0.319337727659695,0.31357998580149665,90.24285714285715,90.49955834723721,2.0476975279865255
10,1.1109302989207208,0.3192445502886732,0.31347547573130585,90.24285714285715,90.49955834723721,2.0476975279865255
11,1.2357603488489985,0.3191495748170508,0.31336889623728087,90.24285714285715,90.49955834723721,2.0476975279865255
12,0.607661128975451,0.3191119271081127,0.3133266414923714,90.24285714285715,90.49955834723721,2.0476975279865255
13,0.6432872572913766,0.3190649988783111,0.3132739268024132,90.24285714285715,90.49955834723721,2.0476975279865255
14,0.6343860663473606,0.3190178394375055,0.31322096024259116,90.24285714285715,90.49955834723721,2.0476975279865255
15,0.9489453621208668,0.318945353085046,0.3131395323963175,90.24285714285715,90.49955834723721,2.0476975279865255
16,0.9891559020616114,0.3188805072992505,0.3130666562179466,90.24285714285715,90.49955834723721,2.0476975279865255
17,0.6371037368662655,0.31884284833568904,0.3130243298105029,90.24285714285715,90.49955834723721,2.0476975279865255
18,0.34114627866074443,0.3188297565454758,0.31300957389420464,90.24285714285715,90.49955834723721,2.0476975279865255
19,0.48064966779202223,0.31881667210583164,0.31299489944764575,90.24285714285715,90.49955834723721,2.0476975279865255
