,times,train_loss,test_loss,train_acc,test_acc,eta
0,0.6794069432653487,0.3196454949951619,0.31392545157492696,90.24285714285715,90.49955834723721,0.9474603531792863
1,0.6727198017761111,0.31956267354066836,0.31383281128536034,90.24285714285715,90.49955834723721,0.9474603531792863
2,0.367885516025126,0.3195142640608943,0.3137785253515938,90.24285714285715,90.49955834723721,0.9474603531792863
3,0.6775659779086709,0.3193971592851112,0.313647472128915,90.24285714285715,90.49955834723721,0.9474603531792863
4,1.3362974990159273,0.31920375951398194,0.31343075398433556,90.24285714285715,90.49955834723721,0.9474603531792863
5,0.38428537640720606,0.3191557705046104,0.31337683878119765,90.24285714285715,90.49955834723721,0.9474603531792863
6,0.6990862325765193,0.31904424426328976,0.31325156770053875,90.24285714285715,90.49955834723721,0.9474603531792863
7,0.3817683099769056,0.318996463191374,0.313197820912504,90.24285714285715,90.49955834723721,0.9474603531792863
8,0.3940350618213415,0.31894875694982544,0.31314435862112366,90.24285714285715,90.49955834723721,0.9474603531792863
9,0.38942877668887377,0.31890112676418914,0.3130905115642127,90.24285714285715,90.49955834723721,0.9474603531792863
10,1.3822653139941394,0.3185537904839909,0.3127001570566818,90.24285714285715,90.49955834723721,0.9474603531792863
11,0.3895002920180559,0.31850657390487325,0.31264703751813755,90.24285714285715,90.49955834723721,0.9474603531792863
12,1.0394569649361074,0.3183173048917567,0.31243368283790657,90.24285714285715,90.49955834723721,0.9474603531792863
13,0.7030876101925969,0.3181999704270359,0.3123013141695,90.24285714285715,90.49955834723721,0.9474603531792863
14,1.28344543883577,0.3180463701729355,0.3121280450265112,90.24285714285715,90.49955834723721,0.9474603531792863
15,1.0280337408185005,0.3179295165653809,0.3119960940895656,90.24285714285715,90.49955834723721,0.9474603531792863
16,0.7241105949506164,0.31784640416804455,0.3119021011126944,90.24285714285715,90.49955834723721,0.9474603531792863
17,1.0531377750448883,0.3177115693271023,0.3117497137904913,90.24285714285715,90.49955834723721,0.9474603531792863
18,0.39523545978590846,0.31766531206343224,0.31169736055813174,90.24285714285715,90.49955834723721,0.9474603531792863
19,0.3952986439689994,0.31761912653479635,0.311645120414742,90.24285714285715,90.49955834723721,0.9474603531792863
