,times,train_loss,test_loss,train_acc,test_acc,eta
0,0.8883930300362408,0.31963348580500717,0.3139125181044689,90.24285714285715,90.49955834723721,0.7335841422469557
1,0.36105017410591245,0.3195613082627221,0.3138313423523738,90.24285714285715,90.49955834723721,0.7335841422469557
2,0.36453195195645094,0.31948929118041963,0.31375112770455904,90.24285714285715,90.49955834723721,0.7335841422469557
3,0.3735192730091512,0.3194174370070321,0.3136710970929502,90.24285714285715,90.49955834723721,0.7335841422469557
4,0.7120163920335472,0.3191769434583035,0.31340126980251487,90.24285714285715,90.49955834723721,0.7335841422469557
5,0.38054066291078925,0.3191056284536034,0.3133211507462329,90.24285714285715,90.49955834723721,0.7335841422469557
6,1.035915921907872,0.3187896655052599,0.3129656757303021,90.24285714285715,90.49955834723721,0.7335841422469557
7,0.7230385751463473,0.31864343383143495,0.3128014720949609,90.24285714285715,90.49955834723721,0.7335841422469557
8,1.0802366347052157,0.3184641302490342,0.312599428944781,90.24285714285715,90.49955834723721,0.7335841422469557
9,0.41938593657687306,0.3183940065673222,0.31252080140137467,90.24285714285715,90.49955834723721,0.7335841422469557
10,0.40299617731943727,0.31832403587676955,0.31244136703809505,90.24285714285715,90.49955834723721,0.7335841422469557
11,1.0466217291541398,0.3180509273242293,0.3121336114467112,90.24285714285715,90.49955834723721,0.7335841422469557
12,0.385301249101758,0.31798152629643267,0.31205522751937487,90.24285714285715,90.49955834723721,0.7335841422469557
13,0.37458466505631804,0.31791227666755384,0.3119770275059334,90.24285714285715,90.49955834723721,0.7335841422469557
14,0.3539094775915146,0.31784317764649406,0.31189871888493165,90.24285714285715,90.49955834723721,0.7335841422469557
15,0.6918843500316143,0.31757743929582544,0.31159884380276603,90.24285714285715,90.49955834723721,0.7335841422469557
16,0.3872113348916173,0.3175088943254163,0.31152001268853535,90.24285714285715,90.49955834723721,0.7335841422469557
17,1.3337416700087488,0.3171462204875413,0.3111097759876282,90.24285714285715,90.49955834723721,0.7335841422469557
18,0.3763475310988724,0.3170783478839422,0.3110324783739745,90.24285714285715,90.49955834723721,0.7335841422469557
19,1.3072258811444044,0.316831517422733,0.31075244285367215,90.24285714285715,90.49955834723721,0.7335841422469557
