,times,train_loss,test_loss,train_acc,test_acc,eta
0,0.750526949763298,0.31967401702619364,0.31395704101537936,90.24285714285715,90.49955834723721,1.2236921017635911
1,0.7545935669913888,0.31962233656153194,0.3138992663407367,90.24285714285715,90.49955834723721,1.2236921017635911
2,1.660105878021568,0.319485331172281,0.3137459066785101,90.24285714285715,90.49955834723721,1.2236921017635911
3,1.012824174016714,0.3194108109340278,0.3136623907504073,90.24285714285715,90.49955834723721,1.2236921017635911
4,1.644295684993267,0.3193067483508114,0.3135456957431791,90.24285714285715,90.49955834723721,1.2236921017635911
5,1.0124653419479728,0.3192345187832681,0.3134646719157602,90.24285714285715,90.49955834723721,1.2236921017635911
6,0.36921285232529044,0.3192027618639009,0.3134290297507609,90.24285714285715,90.49955834723721,1.2236921017635911
7,0.6845654943026602,0.31912453541235075,0.3133412626101291,90.24285714285715,90.49955834723721,1.2236921017635911
8,0.6931845089420676,0.3190382719155172,0.31324439294890266,90.24285714285715,90.49955834723721,1.2236921017635911
9,0.6929141469299793,0.31895510325580295,0.3131510031438848,90.24285714285715,90.49955834723721,1.2236921017635911
10,0.8141812160611153,0.31886966941995126,0.3130549027497182,90.24285714285715,90.49955834723721,1.2236921017635911
11,0.3779518981464207,0.3188382109154346,0.31301952330423244,90.24285714285715,90.49955834723721,1.2236921017635911
12,0.37854126933962107,0.3188067877278307,0.31298404088825504,90.24285714285715,90.49955834723721,1.2236921017635911
13,0.6984491031616926,0.3186778152256124,0.31283930126627013,90.24285714285715,90.49955834723721,1.2236921017635911
14,0.6984004881232977,0.31855254926620713,0.3126982558564719,90.24285714285715,90.49955834723721,1.2236921017635911
15,0.37928479071706533,0.31852134234828255,0.3126630160866808,90.24285714285715,90.49955834723721,1.2236921017635911
16,0.4857286619953811,0.3184901703357795,0.31262776128053676,90.24285714285715,90.49955834723721,1.2236921017635911
17,0.4715946801006794,0.3184590328688725,0.3125928333382525,90.24285714285715,90.49955834723721,1.2236921017635911
18,0.7905148547142744,0.3182870279899258,0.3123988742759156,90.24285714285715,90.49955834723721,1.2236921017635911
19,1.759058068972081,0.3180081878484097,0.3120842705165272,90.24285714285715,90.49955834723721,1.2236921017635911
