,times,train_loss,test_loss,train_acc,test_acc,eta
0,0.72701898496598,0.31969977414575573,0.31398567730381577,90.24285714285715,90.49955834723721,2.041241452319315
1,1.0067255566827953,0.3196593205080929,0.3139404897391646,90.24285714285715,90.49955834723721,2.041241452319315
2,0.7021175879053771,0.3196242944012474,0.3139013052553749,90.24285714285715,90.49955834723721,2.041241452319315
3,0.38321477407589555,0.31961087350260414,0.3138862808349425,90.24285714285715,90.49955834723721,2.041241452319315
4,0.6994346468709409,0.31956097385762283,0.31383040308335114,90.24285714285715,90.49955834723721,2.041241452319315
5,1.0124598140828311,0.3194893242657006,0.31375017251390275,90.24285714285715,90.49955834723721,2.041241452319315
6,0.7049684789963067,0.3194416969340284,0.3136967925412602,90.24285714285715,90.49955834723721,2.041241452319315
7,1.0155737991444767,0.31937394529148866,0.3136208479854728,90.24285714285715,90.49955834723721,2.041241452319315
8,0.384688638150692,0.3193606079985242,0.313605896913504,90.24285714285715,90.49955834723721,2.041241452319315
9,0.9942857455462217,0.31927795037809054,0.31351321007976934,90.24285714285715,90.49955834723721,2.041241452319315
10,0.3683767430484295,0.31926464535863364,0.31349828362411164,90.24285714285715,90.49955834723721,2.041241452319315
11,0.3688541492447257,0.31925134788615644,0.31348340753179044,90.24285714285715,90.49955834723721,2.041241452319315
12,0.3700681352056563,0.31923805791882864,0.3134684070096731,90.24285714285715,90.49955834723721,2.041241452319315
13,0.3741272152401507,0.31922477547517897,0.31345353584619756,90.24285714285715,90.49955834723721,2.041241452319315
14,0.9998507918789983,0.3190913746505448,0.31330377627354455,90.24285714285715,90.49955834723721,2.041241452319315
15,0.6591979376971722,0.31902926223506206,0.3132340693732287,90.24285714285715,90.49955834723721,2.041241452319315
16,0.9325639801099896,0.31893664832037083,0.3131300140984553,90.24285714285715,90.49955834723721,2.041241452319315
17,0.6492749298922718,0.31888007706137456,0.3130664211853989,90.24285714285715,90.49955834723721,2.041241452319315
18,1.2653535064309835,0.318770665117971,0.3129433900383124,90.24285714285715,90.49955834723721,2.041241452319315
19,0.4741735477000475,0.3187575185923331,0.31292862620960005,90.24285714285715,90.49955834723721,2.041241452319315
