,times,train_loss,test_loss,train_acc,test_acc,eta
0,0.8137847003526986,0.34026487857805787,0.33615954214530763,90.24285714285715,90.49955834723721,0.6666666666666666
1,1.886321296915412,0.33701017440886116,0.33275292009776547,90.24285714285715,90.49955834723721,0.6666666666666666
2,0.48730693431571126,0.3805451524049771,0.37105813364364276,90.24285714285715,90.49955834723721,0.6666666666666666
3,0.3718916089273989,0.3408771395378619,0.33672655413903635,90.24285714285715,90.49955834723721,0.6666666666666666
4,0.6949716522358358,0.3738366547494957,0.36448743029381325,90.24285714285715,90.49955834723721,0.6666666666666666
5,0.39964792504906654,0.3405476197615256,0.33631549054444126,90.24285714285715,90.49955834723721,0.6666666666666666
6,0.4709323039278388,0.3873154226321257,0.37742681900625297,90.24285714285715,90.49955834723721,0.6666666666666666
7,1.0213001030497253,0.37803152044943833,0.3683832902317581,90.24285714285715,90.49955834723721,0.6666666666666666
8,0.7697918619960546,0.3402230912528941,0.33587803959415263,90.24285714285715,90.49955834723721,0.6666666666666666
9,0.776900100056082,0.3411418453977892,0.33678131197587363,90.24285714285715,90.49955834723721,0.6666666666666666
10,0.7843991918489337,0.3909010976902781,0.38056927040892286,90.24285714285715,90.49955834723721,0.6666666666666666
11,0.7851972170174122,0.334123561614118,0.3294305956146937,90.24285714285715,90.49955834723721,0.6666666666666666
12,0.45126849925145507,0.3852149827017992,0.3749931684212674,90.24285714285715,90.49955834723721,0.6666666666666666
13,1.1156024718657136,0.3902127778968686,0.37969562422739384,90.24285714285715,90.49955834723721,0.6666666666666666
14,0.737612287979573,0.33569824658969827,0.33095189914114437,90.24285714285715,90.49955834723721,0.6666666666666666
15,0.3983253575861454,0.3832313484919722,0.37286534683901745,90.24285714285715,90.49955834723721,0.6666666666666666
16,0.39395439997315407,0.3361690589743477,0.33140142283286056,90.24285714285715,90.49955834723721,0.6666666666666666
17,0.3931794688105583,0.3843578625766247,0.3738876333548308,90.24285714285715,90.49955834723721,0.6666666666666666
18,0.7279693740420043,0.3331453585609243,0.3281854883604071,90.24285714285715,90.49955834723721,0.6666666666666666
19,0.7250610808841884,0.39010518599412086,0.3792321913912375,90.24285714285715,90.49955834723721,0.6666666666666666
