,times,train_loss,test_loss,train_acc,test_acc,eta
0,12.685091480612755,0.48510168490226335,0.4950383156495914,0.0,0.0,0.012915496650148838
1,12.91388838365674,0.47393264724012985,0.4835374274780434,0.0,0.0,0.012915496650148838
2,12.699681736528873,0.4652692587442653,0.47460033085445985,0.0,0.0,0.012915496650148838
3,12.95880713313818,0.45833422991816314,0.4674398640784585,0.0,0.0,0.012915496650148838
4,12.957914495840669,0.45262833397779056,0.4615434798298091,0.0,0.0,0.012915496650148838
5,12.973339941352606,0.4478227556760659,0.4565760859907594,0.0,0.0,0.012915496650148838
6,13.140960766002536,0.44369521955774194,0.45230859461327594,0.0,0.0,0.012915496650148838
7,12.896107680164278,0.44009224608390174,0.4485831510282985,0.0,0.0,0.012915496650148838
8,12.901609275490046,0.4369053269888146,0.4452887459905651,0.0,0.0,0.012915496650148838
9,12.90063058771193,0.4340556056782892,0.44234195617540356,0.0,0.0,0.012915496650148838
10,12.944363822229207,0.4314837795209233,0.4396824219131778,0.0,0.0,0.012915496650148838
11,12.775750196538866,0.42914529419529235,0.437263283081336,0.0,0.0,0.012915496650148838
12,12.779786258004606,0.4270048483635788,0.43504845131201514,0.0,0.0,0.012915496650148838
13,12.748581473715603,0.42503459350136336,0.4330086079210304,0.0,0.0,0.012915496650148838
14,12.837427953258157,0.423211909260402,0.4311208048961685,0.0,0.0,0.012915496650148838
15,12.760227959603071,0.4215184172100724,0.42936582595725087,0.0,0.0,0.012915496650148838
16,12.797578957863152,0.4199387299268779,0.4277276648862375,0.0,0.0,0.012915496650148838
17,12.75987881142646,0.41845996359248766,0.42619288569262626,0.0,0.0,0.012915496650148838
18,12.906564047560096,0.4170711929360794,0.42475015236248465,0.0,0.0,0.012915496650148838
19,12.769547033123672,0.41576319067113765,0.4233906071535563,0.0,0.0,0.012915496650148838
