,times,train_loss,test_loss,train_acc,test_acc,eta
0,12.72833944670856,0.3959564410160901,0.40256578458529707,0.0,0.0,0.5994842503189413
1,12.681961983442307,0.3833277405399308,0.38910478257403475,0.0,0.0,0.5994842503189413
2,12.721589393913746,0.3782954611240904,0.3836806333832023,0.0,0.0,0.5994842503189413
3,12.697668760083616,0.37574073151337306,0.38092796386176087,0.0,0.0,0.5994842503189413
4,12.807149657048285,0.37420274407159965,0.3792896561527672,0.0,0.0,0.5994842503189413
5,12.853320307098329,0.3731503046334727,0.37819138310858474,0.0,0.0,0.5994842503189413
6,12.875446752645075,0.37236070465528887,0.3773765281748512,0.0,0.0,0.5994842503189413
7,12.856086898595095,0.3717297327891238,0.37673780206086516,0.0,0.0,0.5994842503189413
8,12.907825777307153,0.3712026766959871,0.37621874076693645,0.0,0.0,0.5994842503189413
9,12.805890654213727,0.37074961713513677,0.37577669973068445,0.0,0.0,0.5994842503189413
10,12.77673716749996,0.37035162004270494,0.37539382517093023,0.0,0.0,0.5994842503189413
11,12.78791269287467,0.3699964593260063,0.37505806440884193,0.0,0.0,0.5994842503189413
12,12.7849857583642,0.3696756982525353,0.37475637863201244,0.0,0.0,0.5994842503189413
13,12.881545891985297,0.36938328560435796,0.37448525553596296,0.0,0.0,0.5994842503189413
14,12.828254949301481,0.3691146955555935,0.37423838186544656,0.0,0.0,0.5994842503189413
15,12.729765576310456,0.3688665096188549,0.37401287130644095,0.0,0.0,0.5994842503189413
16,12.711132798343897,0.3686359156706644,0.3738062793491754,0.0,0.0,0.5994842503189413
17,12.746392684057355,0.3684208190426407,0.3736149290782998,0.0,0.0,0.5994842503189413
18,12.828182976692915,0.3682193931757511,0.37343675883402766,0.0,0.0,0.5994842503189413
19,12.739173193462193,0.3680301612473109,0.3732715606711918,0.0,0.0,0.5994842503189413
