,times,train_loss,test_loss,train_acc,test_acc,eta
0,78.24072469770908,1110067.4443336742,1109573.6295885756,0.0,0.0,0.00012915496650148838
1,79.13020842568949,275388.0870341861,274601.6933625305,0.0,0.0,0.00012915496650148838
2,78.15565080707893,70954.78927283711,70363.85875964565,0.0,0.0,0.00012915496650148838
3,78.66310408944264,20673.316689929616,20263.19801227152,0.0,0.0,0.00012915496650148838
4,78.76195991737768,8209.876019637935,7910.829417402282,0.0,0.0,0.00012915496650148838
5,79.12427998706698,5118.380524934638,4880.2914084976965,0.0,0.0,0.00012915496650148838
6,78.41828328184783,4333.095247079836,4127.317775340819,0.0,0.0,0.00012915496650148838
7,78.69039421994239,4107.828115615686,3919.7354887281895,0.0,0.0,0.00012915496650148838
8,77.04512740205973,4020.722110124633,3843.2009075704664,0.0,0.0,0.00012915496650148838
9,75.99054567888379,3963.0694752911613,3793.529044311084,0.0,0.0,0.00012915496650148838
10,76.05901169776917,3896.2255404306034,3735.4307642690374,0.0,0.0,0.00012915496650148838
11,77.09622196713462,3792.852072942319,3644.1587637170473,0.0,0.0,0.00012915496650148838
12,76.06138589791954,3647.434296030168,3512.4265774302326,0.0,0.0,0.00012915496650148838
13,77.12363966973498,3447.2206968380783,3326.692430827152,0.0,0.0,0.00012915496650148838
14,77.25751910032704,3176.385817760491,3070.2635425058006,0.0,0.0,0.00012915496650148838
15,75.97796533117071,2816.2068395069364,2723.8743412195595,0.0,0.0,0.00012915496650148838
16,76.38756356481463,2183.1840630304237,2114.573930692119,0.0,0.0,0.00012915496650148838
17,77.40470634121448,1380.8463929018899,1336.969337873498,0.0,0.0,0.00012915496650148838
18,77.0978568228893,884.3343991423695,856.8466593718933,0.0,0.0,0.00012915496650148838
19,76.24246671516448,665.3638262905615,647.2853395181695,0.0,0.0,0.00012915496650148838
