,times,train_loss,test_loss,train_acc,test_acc,eta
0,0.9896407020278275,0.3196298302775077,0.31390736793361806,90.24285714285715,90.49955834723721,0.9474603531792863
1,1.0003772717900574,0.3195483947911529,0.31381618965780805,90.24285714285715,90.49955834723721,0.9474603531792863
2,0.6893847221508622,0.31946899380741717,0.31372725446089933,90.24285714285715,90.49955834723721,0.9474603531792863
3,0.6823633322492242,0.3193652826331463,0.3136109463094997,90.24285714285715,90.49955834723721,0.9474603531792863
4,0.6817632680758834,0.31924378561977995,0.31347471181625414,90.24285714285715,90.49955834723721,0.9474603531792863
5,1.2635845760814846,0.31908637998541395,0.31329805426334506,90.24285714285715,90.49955834723721,0.9474603531792863
6,1.5839658663608134,0.318930522244298,0.3131229731345712,90.24285714285715,90.49955834723721,0.9474603531792863
7,0.35956332739442587,0.3188828440460172,0.31306940635864744,90.24285714285715,90.49955834723721,0.9474603531792863
8,0.4003729517571628,0.31883524099507665,0.3130158547995522,90.24285714285715,90.49955834723721,0.9474603531792863
9,1.0360928890295327,0.3186480821695218,0.31280530720528804,90.24285714285715,90.49955834723721,0.9474603531792863
10,0.3963800701312721,0.31860075176570896,0.31275218223497914,90.24285714285715,90.49955834723721,0.9474603531792863
11,0.7274685753509402,0.31847090752314233,0.3126057460700366,90.24285714285715,90.49955834723721,0.9474603531792863
12,1.3869452043436468,0.31827838262213004,0.31238889092132105,90.24285714285715,90.49955834723721,0.9474603531792863
13,1.0510615189559758,0.31818903834431567,0.312287953879229,90.24285714285715,90.49955834723721,0.9474603531792863
14,1.0493767680600286,0.31806337555539005,0.31214623978164524,90.24285714285715,90.49955834723721,0.9474603531792863
15,0.39818914886564016,0.3180167186669554,0.3120936102616548,90.24285714285715,90.49955834723721,0.9474603531792863
16,0.7253662911243737,0.3178943307907154,0.3119553625808169,90.24285714285715,90.49955834723721,0.9474603531792863
17,0.8312221448868513,0.31777063649934867,0.3118155824876883,90.24285714285715,90.49955834723721,0.9474603531792863
18,0.4738904880359769,0.3177243297394523,0.31176338935256026,90.24285714285715,90.49955834723721,0.9474603531792863
19,0.7083761938847601,0.3175831418107287,0.3116033966549001,90.24285714285715,90.49955834723721,0.9474603531792863
