,times,train_loss,test_loss,train_acc,test_acc,eta
0,0.2968322839587927,0.09701290326842442,0.10557402201504318,97.20296644596954,96.49426082146314,0.6666666666666666
1,0.36057615000754595,0.06896985905782457,0.08390519955111547,98.05694331598873,97.08892269395658,0.6666666666666666
2,0.26379487523809075,0.06372781971761496,0.0809704045394697,98.29896105243141,97.22721615267598,0.6666666666666666
3,0.30455042934045196,0.053954828173651076,0.07581669263819245,98.68446073262226,97.37242428433134,0.6666666666666666
4,0.2921905959956348,0.04924656702446107,0.0736060361213249,98.88326101612876,97.38625363020329,0.6666666666666666
5,0.2709045293740928,0.04739685042869214,0.07279297111326638,98.9541376389441,97.42082699488314,0.6666666666666666
6,0.26384413382038474,0.0457629086891824,0.07210885334077008,99.01118467681988,97.4069976490112,0.6666666666666666
7,0.29798650788143277,0.04033366627139792,0.07011193504418069,99.1926979791519,97.4069976490112,0.6666666666666666
8,0.30442820210009813,0.037786720464461764,0.06934549973911713,99.27394679067194,97.37242428433134,0.6666666666666666
9,0.2564592217095196,0.03703197083790307,0.06912811174177395,99.29123377184642,97.39316830313926,0.6666666666666666
10,0.28401760291308165,0.03556916037695221,0.06876605943388958,99.33617992290006,97.4069976490112,0.6666666666666666
11,0.2834644978865981,0.03413493371497662,0.06846360007733819,99.37421128148391,97.39316830313926,0.6666666666666666
12,0.26243872102349997,0.03362982599672545,0.06837413045324413,99.39668435701074,97.37933895726732,0.6666666666666666
13,0.28711439575999975,0.03247864517344732,0.06820732708140123,99.4243435268899,97.3585949384594,0.6666666666666666
14,0.3152680629864335,0.03129977687140698,0.0680948305028507,99.45200269676906,97.4069976490112,0.6666666666666666
15,0.25721135595813394,0.03095751295010365,0.06807150225248917,99.45718879112141,97.38625363020329,0.6666666666666666
16,0.28358537424355745,0.030212880660604215,0.06804929931606253,99.47793316853078,97.39316830313926,0.6666666666666666
17,0.2878919648937881,0.029514769739857317,0.06805914674569104,99.49694884782271,97.39316830313926,0.6666666666666666
18,0.2712334729731083,0.029262230855996996,0.06806788681741444,99.5004062440576,97.4069976490112,0.6666666666666666
19,0.2854426479898393,0.02856073709997957,0.06812063497910319,99.52633671581931,97.39316830313926,0.6666666666666666
