,times,train_loss,test_loss,train_acc,test_acc,eta
0,0.5926021668128669,3.0948945193804196,3.8225615135539748,0.0,0.0,0.005994842503189411
1,0.7012409451417625,1.5568698719235543,2.052343438160353,0.0,0.0,0.005994842503189411
2,0.7482806583866477,0.8360060899673402,1.1725510638891754,0.0,0.0,0.005994842503189411
3,0.938308619428426,0.49804056320190165,0.725770475193853,0.0,0.0,0.005994842503189411
4,0.8351955711841583,0.33961215325731486,0.49284576254953144,0.0,0.0,0.005994842503189411
5,1.001775394193828,0.26533466723242244,0.367558036706994,0.0,0.0,0.005994842503189411
6,1.0959767950698733,0.23051968155238006,0.29782287541461233,0.0,0.0,0.005994842503189411
7,1.041657092049718,0.21419812038302982,0.25759136968040447,0.0,0.0,0.005994842503189411
8,1.0488353888504207,0.2065475694622103,0.23357200270281214,0.0,0.0,0.005994842503189411
9,1.0977885806933045,0.20296100784555052,0.21877825549985003,0.0,0.0,0.005994842503189411
10,1.1553046107292175,0.20127947536745708,0.20942296560245777,0.0,0.0,0.005994842503189411
11,1.167965051252395,0.20049109081864785,0.20338040994253928,0.0,0.0,0.005994842503189411
12,1.1851402469910681,0.20012130965610844,0.19941188002283292,0.0,0.0,0.005994842503189411
13,1.187283432111144,0.1999479302961533,0.19677497594400967,0.0,0.0,0.005994842503189411
14,1.1810317211784422,0.19986654991897898,0.19500629153475305,0.0,0.0,0.005994842503189411
15,1.3677839250303805,0.19982829418729628,0.19381182834928132,0.0,0.0,0.005994842503189411
16,1.3098265980370343,0.19981025668205576,0.1930008492100073,0.0,0.0,0.005994842503189411
17,1.1977817872539163,0.19980169857155172,0.192447601796164,0.0,0.0,0.005994842503189411
18,1.2502294620499015,0.1997975813370025,0.19206775693041375,0.0,0.0,0.005994842503189411
19,1.6373796383850276,0.19979554562504695,0.1918044952309472,0.0,0.0,0.005994842503189411
