,times,train_loss,test_loss,train_acc,test_acc,eta
0,1.283790527842939,0.7879249210599292,0.7670560498530129,90.24285714285715,90.49955834723721,0.6666666666666666
1,0.3377430932596326,0.8042799985373261,0.782911126472455,90.24285714285715,90.49955834723721,0.6666666666666666
2,0.34146813582628965,0.5483077462661862,0.533729008186216,90.24285714285715,90.49955834723721,0.6666666666666666
3,0.36484673991799355,0.4652919982359503,0.45301986078607054,90.24285714285715,90.49955834723721,0.6666666666666666
4,1.0207658307626843,0.4231615742667177,0.4205162466507604,90.24285714285715,90.49955834723721,0.6666666666666666
5,0.3984505543485284,0.9689194451441097,0.9429108573978192,90.24285714285715,90.49955834723721,0.6666666666666666
6,1.0489279618486762,1.1936601024642453,1.161601457415029,90.24285714285715,90.49955834723721,0.6666666666666666
7,0.4577535637654364,1.6840088570489178,1.638962751912809,90.24285714285715,90.49955834723721,0.6666666666666666
8,1.0250239199958742,0.6692153980164519,0.6508617744200986,90.24285714285715,90.49955834723721,0.6666666666666666
9,1.3208270529285073,0.6207730650256912,0.6189463119119673,90.36857142857143,90.53445436800035,0.6666666666666666
10,1.2562260068953037,0.36664564750918527,0.35677235642879596,90.24285714285715,90.49955834723721,0.6666666666666666
11,0.334824463352561,0.873226497598485,0.8491955836559041,90.24285714285715,90.49955834723721,0.6666666666666666
12,0.3641852419823408,0.4949842051189491,0.4920833967711734,90.24285714285715,90.49955834723721,0.6666666666666666
13,0.4816814078949392,0.9323188224841497,0.906619496019998,90.24285714285715,90.49955834723721,0.6666666666666666
14,1.206846056971699,0.5439029471155309,0.5413142229847486,90.24285714285715,90.50064884788607,0.6666666666666666
15,0.8398777078837156,0.7179925383134266,0.6976094060175214,90.24285714285715,90.49955834723721,0.6666666666666666
16,0.4761392339132726,1.0285870449424621,0.9999338275416461,90.24285714285715,90.49955834723721,0.6666666666666666
17,0.835182199254632,0.4073119068959923,0.3953159686149819,90.24285714285715,90.49955834723721,0.6666666666666666
18,0.8466070629656315,0.40490334251033566,0.40075593747983074,90.24285714285715,90.49955834723721,0.6666666666666666
19,0.48168107820674777,0.3240041246415128,0.31804967669952255,90.24285714285715,90.49955834723721,0.6666666666666666
