,times,train_loss,test_loss,train_acc,test_acc,eta
0,4.260376127902418,0.4229762981056138,0.43108093326960273,0.0,0.0,0.5994842503189413
1,4.272107295691967,0.405788632169906,0.4132552044460768,0.0,0.0,0.5994842503189413
2,4.201823854353279,0.3970938054997912,0.4040708074602913,0.0,0.0,0.5994842503189413
3,4.2598024928011,0.391572156253895,0.3982292110394438,0.0,0.0,0.5994842503189413
4,4.250323166605085,0.38770128069257837,0.39409989101236864,0.0,0.0,0.5994842503189413
5,4.268030267674476,0.38483933146326266,0.3910337938115974,0.0,0.0,0.5994842503189413
6,4.23933751322329,0.3826490039421721,0.3886870859532652,0.0,0.0,0.5994842503189413
7,4.254438765812665,0.38093064401200466,0.38683802689435165,0.0,0.0,0.5994842503189413
8,4.287825687788427,0.3795544733055038,0.3853578529567201,0.0,0.0,0.5994842503189413
9,4.2915626731701195,0.378433461584136,0.38414909908360695,0.0,0.0,0.5994842503189413
10,4.289486657362431,0.3775057623762103,0.38314705365454826,0.0,0.0,0.5994842503189413
11,4.213769800029695,0.3767264715457478,0.38230503457239806,0.0,0.0,0.5994842503189413
12,4.175430430099368,0.3760624544432501,0.38158944910777176,0.0,0.0,0.5994842503189413
13,4.016177729237825,0.3754893537181096,0.3809719617049293,0.0,0.0,0.5994842503189413
14,4.098676512949169,0.37498856319289425,0.3804314770420659,0.0,0.0,0.5994842503189413
15,3.974662979133427,0.3745459157361106,0.37995489911159297,0.0,0.0,0.5994842503189413
16,3.9733585882931948,0.37415063347109134,0.37952927235948536,0.0,0.0,0.5994842503189413
17,3.9642562847584486,0.37379422271798446,0.3791469913991612,0.0,0.0,0.5994842503189413
18,4.119151725899428,0.3734699755677638,0.3788005874326885,0.0,0.0,0.5994842503189413
19,4.254624838940799,0.3731727511884036,0.378485112418424,0.0,0.0,0.5994842503189413
