,times,train_loss,test_loss,train_acc,test_acc,eta
0,22.953551318030804,356.76488829930645,350.2581027520335,0.0,0.0,4.08248290463863
1,23.377458585891873,485.7848199279897,475.78860858502884,0.0,0.0,4.08248290463863
2,22.739316007122397,311.5691933172867,306.6215612755052,0.0,0.0,4.08248290463863
3,9.59511920902878,134.74094260438753,131.9645191862758,0.0,0.0,4.08248290463863
4,22.528832896612585,170.55988904702335,164.80307826811608,0.0,0.0,4.08248290463863
5,36.57840581610799,195.11900333547086,188.30194318974384,0.0,0.0,4.08248290463863
6,9.719432465266436,100.73444423099964,97.39784181947674,0.0,0.0,4.08248290463863
7,9.725086987949908,80.50013577347161,77.97583955364286,0.0,0.0,4.08248290463863
8,10.028764610178769,74.32737851374478,72.07904705003148,0.0,0.0,4.08248290463863
9,22.827987866010517,79.61732246024067,78.08146078474526,0.0,0.0,4.08248290463863
10,38.48534811241552,83.58696754982617,82.26517161746209,0.0,0.0,4.08248290463863
11,9.658025823999196,68.21334617696257,66.96620921143395,0.0,0.0,4.08248290463863
12,81.63700822461396,77.01469232990488,76.26829974509263,0.0,0.0,4.08248290463863
13,10.93898911587894,64.60505074277634,63.960986607255045,0.0,0.0,4.08248290463863
14,10.161937390919775,61.55592288537273,60.87226977218956,0.0,0.0,4.08248290463863
15,24.580815732013434,62.85089212509148,61.933431527636095,0.0,0.0,4.08248290463863
16,52.631527779158205,61.55647417025411,60.460856759040176,0.0,0.0,4.08248290463863
17,9.877738913986832,58.44345634100954,57.51439471042268,0.0,0.0,4.08248290463863
18,37.02911544498056,59.341001048063404,58.62901840128815,0.0,0.0,4.08248290463863
19,11.993398776743561,57.210219486274475,56.50810920725351,0.0,0.0,4.08248290463863
