,times,train_loss,test_loss,train_acc,test_acc,eta
0,1.924783708062023,0.4013059499055412,0.408636306560232,0.0,0.0,1.8949207063585731
1,4.2447459399700165,0.3768732161972015,0.3818478214587483,0.0,0.0,1.8949207063585731
2,4.260044706054032,0.3737999969435457,0.3784983501226535,0.0,0.0,1.8949207063585731
3,4.244642212986946,0.3717833430861058,0.3764659057208894,0.0,0.0,1.8949207063585731
4,4.256107752211392,0.3696552948181663,0.374503477171948,0.0,0.0,1.8949207063585731
5,6.633999423123896,0.36766526530131105,0.372673936770205,0.0,0.0,1.8949207063585731
6,11.859909685794264,0.3662516553842815,0.3714060980256506,0.0,0.0,1.8949207063585731
7,4.299355415161699,0.36582442645122426,0.3709993100079606,0.0,0.0,1.8949207063585731
8,1.9335266738198698,0.36566286969863876,0.3708451549724301,0.0,0.0,1.8949207063585731
9,8.932553260121495,0.3649946297178968,0.3702636163019138,0.0,0.0,1.8949207063585731
10,4.284740689676255,0.36475077105104103,0.3700824976493352,0.0,0.0,1.8949207063585731
11,4.268713461700827,0.36455442402564003,0.36993409841197594,0.0,0.0,1.8949207063585731
12,4.253776762634516,0.364356312617819,0.3697855039138476,0.0,0.0,1.8949207063585731
13,1.9041215521283448,0.3643026869484801,0.369742965260981,0.0,0.0,1.8949207063585731
14,4.227852147072554,0.3640911763432104,0.3695905305334078,0.0,0.0,1.8949207063585731
15,1.8977765990421176,0.3640459175995409,0.36955893795422196,0.0,0.0,1.8949207063585731
16,1.8834232366643846,0.36400209514878784,0.36952766251958885,0.0,0.0,1.8949207063585731
17,4.2567742029204965,0.36375431311515205,0.36936180425818943,0.0,0.0,1.8949207063585731
18,1.8929920992814004,0.36371840015449536,0.3693368497798832,0.0,0.0,1.8949207063585731
19,4.288008007686585,0.3635070221442733,0.36921051039132013,0.0,0.0,1.8949207063585731
