,times,train_loss,test_loss,train_acc,test_acc,eta
0,24.710802630055696,13785.32741155166,13421.238699335972,0.0,0.0,0.003593813663804627
1,27.360948713030666,3855.4533454942602,3680.0085393442464,0.0,0.0,0.003593813663804627
2,26.430220691952854,3748.837329732499,3590.5098710801367,0.0,0.0,0.003593813663804627
3,28.230659370776266,3692.6353514891957,3538.162556394359,0.0,0.0,0.003593813663804627
4,25.836824444588274,3638.202854016516,3486.558192624236,0.0,0.0,0.003593813663804627
5,23.99326164415106,3585.193170666707,3436.221069562156,0.0,0.0,0.003593813663804627
6,23.984295981936157,3533.5140592677294,3387.122897360916,0.0,0.0,0.003593813663804627
7,23.666648850776255,3483.084717767741,3339.1944550123867,0.0,0.0,0.003593813663804627
8,23.826623321976513,3433.8350319459196,3292.3714944493527,0.0,0.0,0.003593813663804627
9,22.866099814884365,3385.702797680845,3246.593509156731,0.0,0.0,0.003593813663804627
10,22.90578198619187,3338.6329150830566,3201.8107569637255,0.0,0.0,0.003593813663804627
11,23.908133416902274,3292.5788871438676,3157.9754864265287,0.0,0.0,0.003593813663804627
12,23.133249674923718,3247.4949525910856,3115.053886991004,0.0,0.0,0.003593813663804627
13,22.69445829698816,3203.342266837552,3073.0025996009344,0.0,0.0,0.003593813663804627
14,23.941452719736844,3160.084262341892,3031.7930740138236,0.0,0.0,0.003593813663804627
15,22.403571155387908,3117.688219658756,2991.389719138311,0.0,0.0,0.003593813663804627
16,23.55731379101053,3076.1245914923074,2951.7714207829003,0.0,0.0,0.003593813663804627
17,24.266994148958474,3035.363555832663,2912.9061291257117,0.0,0.0,0.003593813663804627
18,24.330587083939463,2995.379878713472,2874.769532635943,0.0,0.0,0.003593813663804627
19,24.944918212946504,2956.1492370333312,2837.343665028164,0.0,0.0,0.003593813663804627
