,times,train_loss,test_loss,train_acc,test_acc,eta
0,23.54959119996056,3251.672368792478,3118.3874841535485,0.0,0.0,0.04641588833612778
1,23.53484243992716,2741.391587443022,2632.2839546218293,0.0,0.0,0.04641588833612778
2,25.5360140921548,2336.4735577715437,2245.006468094127,0.0,0.0,0.04641588833612778
3,23.34217361593619,2008.7312135710454,1930.897705703535,0.0,0.0,0.04641588833612778
4,23.604996600653976,1739.79454906438,1672.8188553121358,0.0,0.0,0.04641588833612778
5,24.203222356271,1516.79236587802,1458.7125246975866,0.0,0.0,0.04641588833612778
6,23.59034414868802,1330.2289474912418,1279.337017524504,0.0,0.0,0.04641588833612778
7,22.641015734057873,1172.955289016571,1128.053420856639,0.0,0.0,0.04641588833612778
8,22.660947788041085,1039.479368674112,999.5659668290562,0.0,0.0,0.04641588833612778
9,24.603534725960344,925.5529218670627,889.903286688795,0.0,0.0,0.04641588833612778
10,23.554276587907225,827.8053719310958,795.7485381403627,0.0,0.0,0.04641588833612778
11,24.89787680329755,743.5523355539261,714.528739980761,0.0,0.0,0.04641588833612778
12,24.976778232026845,670.648580326074,644.2640379525201,0.0,0.0,0.04641588833612778
13,23.496492797043175,607.3393603600817,583.2096602405991,0.0,0.0,0.04641588833612778
14,22.892830413766205,552.1824161106008,530.0076428495412,0.0,0.0,0.04641588833612778
15,22.805297310929745,503.98960061421667,483.50699285402584,0.0,0.0,0.04641588833612778
16,22.145673588383943,461.7740111521601,442.77301754043896,0.0,0.0,0.04641588833612778
17,23.959642202593386,424.69623022738847,406.988547000251,0.0,0.0,0.04641588833612778
18,24.26494981534779,392.0606983398485,375.49977247842304,0.0,0.0,0.04641588833612778
19,22.666080083698034,363.27132436265924,347.7116497389501,0.0,0.0,0.04641588833612778
