,times,train_loss,test_loss,train_acc,test_acc,eta
0,24.913089571055025,,,0.0,0.0,7.742636826811272
1,23.69468463305384,,,0.0,0.0,7.742636826811272
2,23.190615409053862,,,0.0,0.0,7.742636826811272
3,22.55095787299797,,,0.0,0.0,7.742636826811272
4,22.289914135821164,,,0.0,0.0,7.742636826811272
5,22.2140030763112,,,0.0,0.0,7.742636826811272
6,23.19813873898238,,,0.0,0.0,7.742636826811272
7,23.227467149030417,,,0.0,0.0,7.742636826811272
8,22.579695002175868,,,0.0,0.0,7.742636826811272
9,23.06667756801471,,,0.0,0.0,7.742636826811272
10,22.40064167091623,,,0.0,0.0,7.742636826811272
11,22.809054844081402,,,0.0,0.0,7.742636826811272
12,22.42833926388994,,,0.0,0.0,7.742636826811272
13,22.1638617021963,,,0.0,0.0,7.742636826811272
14,22.077294257935137,,,0.0,0.0,7.742636826811272
15,22.541392769198865,,,0.0,0.0,7.742636826811272
16,23.85710491007194,,,0.0,0.0,7.742636826811272
17,24.09182616509497,,,0.0,0.0,7.742636826811272
18,22.91813662275672,,,0.0,0.0,7.742636826811272
19,24.8028603377752,,,0.0,0.0,7.742636826811272
