,times,train_loss,test_loss,train_acc,test_acc,eta
0,0.21129764476791024,0.6931113356207877,0.6931114598894795,78.15271319169534,78.39164707509335,0.0001437525465521851
1,0.2875265828333795,0.6716605078610751,0.6717962809073743,87.61387798848688,87.49135665883004,0.0001437525465521851
2,0.3113470608368516,0.6420822226065692,0.6424561519942731,89.26824208688437,89.37906237034989,0.0001437525465521851
3,0.3362391102127731,0.6203837276723408,0.6209224131590775,90.08591629643715,90.22265246853824,0.0001437525465521851
4,0.3769074962474406,0.5982357760242915,0.5989550871909026,90.85345826058395,90.99018116443092,0.0001437525465521851
5,0.3899939227849245,0.5789933281276702,0.5798600163286807,91.37725379017063,91.64707509334808,0.0001437525465521851
6,0.417628875002265,0.5584803510020684,0.5594810366139299,92.00131381056926,92.14493154473793,0.0001437525465521851
7,0.4407942108809948,0.5388273678108964,0.5399620916160288,92.44558922675333,92.594385285576,0.0001437525465521851
8,0.4701609229668975,0.521281935836698,0.5225334620920321,92.8967794354072,93.01618033467017,0.0001437525465521851
9,0.5007375767454505,0.5047762449963049,0.5061418016539155,93.22696077583971,93.32734061678883,0.0001437525465521851
10,0.5296796117909253,0.48561155766934144,0.4871321295467233,93.64357702214463,93.63158622597152,0.0001437525465521851
11,0.5379348397254944,0.4693871840146748,0.4710656726327468,93.94437049458053,93.9358318351542,0.0001437525465521851
12,0.5412228112109005,0.45479222466228153,0.4565802946921359,94.15872906114406,94.08795463974553,0.0001437525465521851
13,0.5419854931533337,0.440241757232192,0.44215183608318837,94.33851366535862,94.21933342552897,0.0001437525465521851
14,0.5441075237467885,0.42609273774101436,0.42814372240463344,94.53212785451277,94.41294426773614,0.0001437525465521851
15,0.5406338749453425,0.41074539662287457,0.41291955594150864,94.65659411896901,94.53049370764762,0.0001437525465521851
16,0.5420469967648387,0.3965169545650117,0.39883140183539456,94.7793316853078,94.59272576407136,0.0001437525465521851
17,0.540591396857053,0.38349534615662556,0.3859836803792457,94.9210849309385,94.71027520398285,0.0001437525465521851
18,0.5408181729726493,0.3711095565853786,0.37376150973143824,95.04555119539475,94.80708062508643,0.0001437525465521851
19,0.5375746819190681,0.35920480878569,0.3620288609461227,95.14062959185438,94.8831420273821,0.0001437525465521851
