,times,train_loss,test_loss,train_acc,test_acc,eta
0,0.3056713594123721,0.17513810321119858,0.17797903844180815,95.12852870503224,94.97303277554971,0.6666666666666666
1,0.2693785149604082,0.14902876195459766,0.15358600752169205,96.08104136774595,95.73364679850643,0.6666666666666666
2,0.25924883177503943,0.13312004895649085,0.13898355423950493,96.61348038791986,96.11395380998479,0.6666666666666666
3,0.3221686161123216,0.09323048261917949,0.10251130581797531,97.34471969160026,96.69478633660628,0.6666666666666666
4,0.2606687410734594,0.08995816870505928,0.09998562211734104,97.47955814476119,96.75010372009405,0.6666666666666666
5,0.31712699588388205,0.0808796283698601,0.09289976057053169,97.74232025861323,96.97137325404509,0.6666666666666666
6,0.2734410660341382,0.07882399461653623,0.09149223712722619,97.81492557954604,97.00594661872493,0.6666666666666666
7,0.2710000351071358,0.07692917234352176,0.0902080762281771,97.89271699483119,97.0612640022127,0.6666666666666666
8,0.33815288031473756,0.06978519792969852,0.08541766133280111,98.1572078068007,97.19264278799612,0.6666666666666666
9,0.2889480059966445,0.06752922072617464,0.0839844666850598,98.23845661832074,97.20647213386806,0.6666666666666666
10,0.3181129228323698,0.06523287071083965,0.08256258110301723,98.32316282607569,97.25487484441986,0.6666666666666666
11,0.2629924709908664,0.06418835327546325,0.08193137583435983,98.35946548654209,97.26178951735582,0.6666666666666666
12,0.2610769630409777,0.06319529440329642,0.08133728724900692,98.39403944889104,97.25487484441986,0.6666666666666666
13,0.26101148314774036,0.06224982443438974,0.08077874102665615,98.41651252441785,97.2687041902918,0.6666666666666666
14,0.26041556196287274,0.06134774124053571,0.08025213986450612,98.4614586754715,97.2894482090997,0.6666666666666666
15,0.2642953358590603,0.060486429412516855,0.07975336507002292,98.48911784535066,97.31710690084358,0.6666666666666666
16,0.3174828691408038,0.05518042848794918,0.07678024947196975,98.70174771379673,97.39316830313926,0.6666666666666666
17,0.28113787481561303,0.05398926303324221,0.07614956078684043,98.73632167614569,97.37933895726732,0.6666666666666666
18,0.2848970042541623,0.052779122128003196,0.07552345501360773,98.7726243366121,97.38625363020329,0.6666666666666666
19,0.3049740088172257,0.05132246808385772,0.07479040725074852,98.82794267637043,97.37242428433134,0.6666666666666666
