,times,train_loss,test_loss,train_acc,test_acc,eta
0,0.2552497177384794,0.12395573124674829,0.13138904303021262,96.98515048317113,96.41819941916748,0.6666666666666666
1,0.27712372364476323,0.0760291167459331,0.08814255586782668,97.55043476757653,96.81925044945375,0.6666666666666666
2,0.2885306649841368,0.061668868580725754,0.07855447571809918,98.1209051463343,97.09583736689254,0.6666666666666666
3,0.28107059886679053,0.05302096659455281,0.0741447219650264,98.47010216605874,97.20647213386806,0.6666666666666666
4,0.2787254201248288,0.04835127102927525,0.07225949360195552,98.70347641191418,97.22721615267598,0.6666666666666666
5,0.262577214743942,0.04641289621781981,0.07164349216542731,98.81411309143084,97.31019222790762,0.6666666666666666
6,0.2933674054220319,0.040825837038167535,0.07013706889045102,99.08551869587014,97.31710690084358,0.6666666666666666
7,0.25967911491170526,0.03979876683792718,0.06987361610900586,99.13219354504123,97.34476559258746,0.6666666666666666
8,0.27362778317183256,0.0372722296124711,0.0694108483112503,99.23418673397065,97.38625363020329,0.6666666666666666
9,0.2746236929669976,0.03550997373358811,0.06912308584574735,99.31370684737324,97.34476559258746,0.6666666666666666
10,0.2780691683292389,0.03433929605802342,0.06892881521954711,99.3482808097222,97.3378509196515,0.6666666666666666
11,0.2557042851112783,0.0338253583764026,0.06882689360993434,99.36902518713157,97.3585949384594,0.6666666666666666
12,0.25891673704609275,0.033345084648255134,0.06874273337468581,99.3880408664235,97.37933895726732,0.6666666666666666
13,0.27715748315677047,0.0318507483905986,0.0685873897692065,99.44335920618182,97.34476559258746,0.6666666666666666
14,0.2745851492509246,0.03098534058362334,0.06852631328783959,99.45718879112141,97.35168026552344,0.6666666666666666
15,0.2568489923141897,0.030665928292440317,0.06850101788814178,99.46237488547375,97.36550961139538,0.6666666666666666
16,0.2759228418581188,0.029797699725497662,0.06849285225634917,99.48830535723546,97.37933895726732,0.6666666666666666
17,0.27836644602939487,0.02914711902744852,0.06851000911537462,99.5038636402925,97.38625363020329,0.6666666666666666
18,0.25575727690011263,0.0289165418784279,0.06852158625985401,99.5107784327623,97.40008297607523,0.6666666666666666
19,0.25671910401433706,0.02869705512506699,0.06853164365026641,99.51596452711463,97.39316830313926,0.6666666666666666
