,times,train_loss,test_loss,train_acc,test_acc,eta
0,0.8028985960409045,0.4541355866445948,0.45337574140969805,87.07049054690246,86.96584151569631,0.6672402148800234
1,0.9071263317018747,0.3700135733011766,0.3694440770831497,90.05018986867657,89.98063891577928,0.6672402148800234
2,0.8408205104060471,0.3226899771878114,0.32244643008430923,91.61408543226096,91.86142995436316,0.6672402148800234
3,0.859214966185391,0.291308039753995,0.29139156757094925,92.64266081214238,92.90554556769465,0.6672402148800234
4,0.8271855968050659,0.2685232320089746,0.2689197153154907,93.40444044923102,93.56935416954778,0.6672402148800234
5,0.8357293661683798,0.25099343876061675,0.251687145800536,93.92765974611187,94.08795463974553,0.6672402148800234
6,0.7933245105668902,0.23695081330020387,0.2379269718001869,94.29183881618754,94.37837090305628,0.6672402148800234
7,0.7873362810350955,0.2253598845850651,0.22660606389424087,94.5839887980362,94.64804314755912,0.6672402148800234
8,0.7875684290193021,0.21557309039036393,0.2170776029736186,94.86749528929764,94.84165398976629,0.6672402148800234
9,0.8054226911626756,0.2071595935285872,0.20891211403818175,95.08243008856697,94.95920342967777,0.6672402148800234
10,0.7875414313748479,0.19982060425365228,0.20181152134538438,95.2535712021943,95.05600885078135,0.6672402148800234
11,0.7817127550952137,0.19334142804472332,0.19556218045972143,95.40512040382389,95.12515558014105,0.6672402148800234
12,0.7821441520936787,0.18756367265122614,0.19000636878410193,95.52958666828012,95.26344903886046,0.6672402148800234
13,0.7984617007896304,0.18236694397005604,0.18502408611539356,95.64252827862003,95.44323053519568,0.6672402148800234
14,0.8875591168180108,0.1776579967161759,0.18052273805715985,95.74336900213783,95.51929193749136,0.6672402148800234
15,0.7807801719754934,0.1733632439660826,0.17642925094305992,95.83095637342184,95.56077997510718,0.6672402148800234
16,0.8083237390965223,0.1694245818066518,0.1726859192698387,95.92488230446983,95.602268012723,0.6672402148800234
17,0.7854158231057227,0.1657936493057427,0.16924479410473947,96.01362214116548,95.67832941501867,0.6672402148800234
18,0.8192850835621357,0.16243168689456675,0.16606750112740745,96.08449876398085,95.73364679850643,0.6672402148800234
19,0.784149618819356,0.1593063329768445,0.16312187048506036,96.14730812891479,95.77513483612225,0.6672402148800234
