,times,train_loss,test_loss,train_acc,test_acc,eta
0,0.7824834431521595,0.07130439799196765,0.08761823307988681,98.21598354279392,97.13732540450837,111.30237608828492
1,0.7783014229498804,0.0521043553637635,0.07571007596639309,98.82851890907624,97.3585949384594,111.30237608828492
2,0.7459098240360618,0.04310735491223419,0.07163499327587364,99.12643121798307,97.39316830313926,111.30237608828492
3,0.7886720290407538,0.0374980667284392,0.06968673160906012,99.25896474032074,97.44848568662702,111.30237608828492
4,0.743498707190156,0.033575865005780865,0.06867693156244041,99.37190635066065,97.44157101369105,111.30237608828492
5,0.745872603263706,0.030650030355458973,0.06817321328617354,99.44278297347601,97.44157101369105,111.30237608828492
6,0.7567228828556836,0.02837216799908172,0.06796597422779833,99.50155870946924,97.45540035956299,111.30237608828492
7,0.766806470695883,0.026544964431395462,0.06795143211989944,99.53555643911237,97.44848568662702,111.30237608828492
8,0.7451185444369912,0.02504257390334115,0.06804084715259182,99.56955416875552,97.43465634075508,111.30237608828492
9,0.7398503753356636,0.023785595198820494,0.06821276153809269,99.60470436381028,97.44157101369105,111.30237608828492
10,0.7441748799756169,0.022718725615854626,0.06843775277318187,99.63005860286619,97.45540035956299,111.30237608828492
11,0.7404155773110688,0.021802883780604253,0.06869322104239278,99.64965051486392,97.48305905130687,111.30237608828492
12,0.7432399652898312,0.02100860303425576,0.06897573713814255,99.66578503062676,97.46231503249896,111.30237608828492
13,0.8033195156604052,0.020313893572173128,0.06928103520886271,99.67673345203727,97.44848568662702,111.30237608828492
14,0.7535888999700546,0.019702157107725413,0.06959120031686701,99.69632536403502,97.43465634075508,111.30237608828492
15,0.7701270342804492,0.01915962971583076,0.0698976333100541,99.70957871626878,97.4277416678191,111.30237608828492
16,0.7492359597235918,0.018676008807560585,0.07021359917649897,99.71995090497346,97.4277416678191,111.30237608828492
17,0.7911517429165542,0.018242579304474326,0.07053598262966762,99.7320517917956,97.41391232194717,111.30237608828492
18,0.7494954415597022,0.017852498527580075,0.07085415126359566,99.73896658426538,97.4069976490112,111.30237608828492
19,0.7458796752616763,0.01749982487498606,0.0711712445533878,99.74588137673518,97.39316830313926,111.30237608828492
