,times,train_loss,test_loss,train_acc,test_acc,eta
0,0.8336517517454922,0.11639243393743003,0.1239423588878857,97.14303824456468,96.43202876503942,30.970547307245088
1,0.8088481519371271,0.08896893345312774,0.10074408609682259,97.75787854167027,96.92988521642927,30.970547307245088
2,0.7878330466337502,0.07564858114660777,0.09063940196440766,98.1209051463343,97.08892269395658,30.970547307245088
3,0.7970551317557693,0.06715693465620162,0.08477518333592382,98.36522781360024,97.24104549854792,30.970547307245088
4,0.8177044913172722,0.061059637512753784,0.08092231524228226,98.53464022911012,97.31710690084358,30.970547307245088
5,0.7973843892104924,0.05637908690174109,0.0781853976359455,98.68157956909319,97.32402157377956,30.970547307245088
6,0.8065623519942164,0.052625195184679285,0.07615070127143286,98.81065569519595,97.37933895726732,30.970547307245088
7,0.7741927327588201,0.04952076185438712,0.07459144855194803,98.91092018600791,97.42082699488314,30.970547307245088
8,0.7734184269793332,0.04689319804382899,0.0733670158613309,99.0042698843501,97.4069976490112,30.970547307245088
9,0.7489668559283018,0.04463088945558122,0.07238494942739994,99.07572273987127,97.43465634075508,30.970547307245088
10,0.7836414463818073,0.04265529077780238,0.07158582942161056,99.13449847586449,97.46231503249896,30.970547307245088
11,0.7488228916190565,0.040910593441591266,0.07093401287901771,99.17886839421232,97.44848568662702,30.970547307245088
12,0.7482805759645998,0.039355262132091035,0.07039560584439451,99.21632352009036,97.41391232194717,30.970547307245088
13,0.7681029732339084,0.03795745914461272,0.06994989736115412,99.25147371514512,97.4069976490112,30.970547307245088
14,0.7464792355895042,0.03669313183660253,0.06957312655734015,99.283166513965,97.38625363020329,30.970547307245088
15,0.7390386797487736,0.035542458515475744,0.06926199671795069,99.31774047631396,97.38625363020329,30.970547307245088
16,0.7444087751209736,0.03448999389800599,0.06900217986436293,99.34597587889894,97.42082699488314,30.970547307245088
17,0.743031654972583,0.033523185694198834,0.06878605466591743,99.37305881607229,97.42082699488314,30.970547307245088
18,0.7443144372664392,0.03263112976921309,0.0686095607125923,99.39495565889328,97.44157101369105,30.970547307245088
19,0.8693231018260121,0.03180552872222318,0.0684622089590189,99.41627626900848,97.44848568662702,30.970547307245088
