,times,train_loss,test_loss,train_acc,test_acc,eta
0,0.8877503289841115,0.18830027875967853,0.19052685500493421,95.511147221694,95.29110773060434,8.617738760127532
1,0.7849372918717563,0.14468754228109112,0.14938225675814526,96.4809468655822,96.07938044530493,8.617738760127532
2,0.810077334754169,0.12410082309356511,0.13061432024530054,96.94827158999891,96.31447932512792,8.617738760127532
3,0.7997528580017388,0.11127537580672392,0.11929070489524805,97.22716821961382,96.50117549439912,8.617738760127532
4,0.8284123740158975,0.10219466910366014,0.11151778206561463,97.44267925158896,96.67404231779837,8.617738760127532
5,0.7863569189794362,0.09527052182966247,0.10576678903489815,97.59019482427783,96.83999446826165,8.617738760127532
6,0.7850200911052525,0.08973153835569546,0.1012988550004071,97.73194806990855,96.90222652468539,8.617738760127532
7,0.7865036940202117,0.08514861383153229,0.09770435758213969,97.85122824001245,96.97137325404509,8.617738760127532
8,0.7959695570170879,0.08126066281755209,0.09473859581935608,97.96705101388144,97.01977596459687,8.617738760127532
9,0.7837827038019896,0.07790004817100626,0.09224190451110933,98.06270564304688,97.06817867514866,8.617738760127532
10,0.7863754611462355,0.07495084011442325,0.09010562408245143,98.14395445456694,97.12349605863642,8.617738760127532
11,0.7830254309810698,0.07233080227908326,0.0882570582249841,98.21425484467647,97.1511547503803,8.617738760127532
12,0.7861561779864132,0.0699799837328526,0.08663756567471624,98.28167407125693,97.18572811506016,8.617738760127532
13,0.9118205229751766,0.06785252834542221,0.0852075765294285,98.35255069407229,97.23413082561194,8.617738760127532
14,0.783464188221842,0.06591382770780674,0.08393588062792404,98.4038354048899,97.24104549854792,8.617738760127532
15,0.814570439979434,0.06413594387286846,0.08279617793382915,98.44820532323773,97.25487484441986,8.617738760127532
16,0.8044240972958505,0.06249690515327791,0.08176928118238373,98.49718510323208,97.2687041902918,8.617738760127532
17,0.8407709491439164,0.060978988685850055,0.08083923390397817,98.53925009075665,97.2894482090997,8.617738760127532
18,0.8039990328252316,0.059567147032512376,0.07999271108464077,98.57901014745795,97.30327755497164,8.617738760127532
19,0.79765366576612,0.058249133465847924,0.07922025060178484,98.62395629851159,97.31710690084358,8.617738760127532
