,times,train_loss,test_loss,train_acc,test_acc,eta
0,1.075113289989531,1.2973988541664687,1.2631549607885426,90.24285714285715,90.49955834723721,0.6666666666666666
1,0.7435446260496974,0.3382868394221505,0.33057262563088724,90.24285714285715,90.49955834723721,0.6666666666666666
2,1.0648477752692997,0.32271547743886236,0.31760759900880897,90.24285714285715,90.49955834723721,0.6666666666666666
3,0.40165130281820893,0.6124704398482098,0.6117915610152339,90.24285714285715,90.49955834723721,0.6666666666666666
4,1.0454219188541174,1.1465467842536363,1.1158279244646667,90.24285714285715,90.49955834723721,0.6666666666666666
5,0.719350113067776,3.6544147607360493,3.557311286444957,90.24285714285715,90.49955834723721,0.6666666666666666
6,0.7143062949180603,0.9587410805488032,0.9327814740062433,90.24285714285715,90.49955834723721,0.6666666666666666
7,0.411876009311527,1.6407025414818577,1.5966878828440214,90.24285714285715,90.49955834723721,0.6666666666666666
8,0.43998005613684654,0.47526776818548583,0.4732886344305946,90.24285714285715,90.49955834723721,0.6666666666666666
9,1.5777529287151992,1.580610216803012,1.5378970298809371,90.24285714285715,90.49955834723721,0.6666666666666666
10,1.202465148176998,0.3163174090830387,0.30901674655708505,90.24285714285715,90.49955834723721,0.6666666666666666
11,0.4840840953402221,0.3385577642181656,0.3296851435247069,90.24285714285715,90.49955834723721,0.6666666666666666
12,0.8378063407726586,0.4119782584658132,0.4002559712155979,90.24285714285715,90.49955834723721,0.6666666666666666
13,0.47864858713001013,0.35560358347688137,0.3512295760604434,90.24285714285715,90.49955834723721,0.6666666666666666
14,1.198493312112987,1.0609786756727817,1.0314452561400802,90.24285714285715,90.49955834723721,0.6666666666666666
15,0.8524406151846051,1.657401050318148,1.612005052319289,90.24285714285715,90.49955834723721,0.6666666666666666
16,0.8534464607946575,0.4175757873218019,0.4051961357248063,90.24285714285715,90.49955834723721,0.6666666666666666
17,1.2060253783129156,1.687017336394704,1.6406183405763832,90.24285714285715,90.49955834723721,0.6666666666666666
18,0.4822287131100893,0.31881720617896536,0.31026713327748184,90.24285714285715,90.49955834723721,0.6666666666666666
19,0.8961044228635728,0.6215993990383777,0.6032003217659374,90.24285714285715,90.49955834723721,0.6666666666666666
