,times,train_loss,test_loss,train_acc,test_acc,eta
0,0.7703443528153002,0.31970152999691703,0.3139876758225964,90.24285714285715,90.49955834723721,1.9114325497407354
1,0.7404194818809628,0.31968873648483104,0.3139731707282317,90.24285714285715,90.49955834723721,1.9114325497407354
2,1.0196381779387593,0.31967594719135345,0.3139588545615419,90.24285714285715,90.49955834723721,1.9114325497407354
3,0.7904876922257245,0.31966316188984845,0.3139445410387182,90.24285714285715,90.49955834723721,1.9114325497407354
4,0.7059245547279716,0.3196503805795173,0.3139302373980168,90.24285714285715,90.49955834723721,1.9114325497407354
5,0.8238187609240413,0.31963760324999724,0.3139159315020162,90.24285714285715,90.49955834723721,1.9114325497407354
6,0.808355919085443,0.31962482990172103,0.3139016183265978,90.24285714285715,90.49955834723721,1.9114325497407354
7,0.8073942391201854,0.31961206053503266,0.31388732027739125,90.24285714285715,90.49955834723721,1.9114325497407354
8,0.8063317285850644,0.3195992951514215,0.3138730310607944,90.24285714285715,90.49955834723721,1.9114325497407354
9,0.8082976089790463,0.31958653373940177,0.3138587378634613,90.24285714285715,90.49955834723721,1.9114325497407354
10,0.7584336600266397,0.3195737762983644,0.31384444887839535,90.24285714285715,90.49955834723721,1.9114325497407354
11,0.7646954380907118,0.31956102282984133,0.3138301613176923,90.24285714285715,90.49955834723721,1.9114325497407354
12,0.7289633932523429,0.3195482733302012,0.3138158798169199,90.24285714285715,90.49955834723721,1.9114325497407354
13,0.7295223590917885,0.31953552779630906,0.3138016011653623,90.24285714285715,90.49955834723721,1.9114325497407354
14,0.7278564469888806,0.3195227862211323,0.313787320419948,90.24285714285715,90.49955834723721,1.9114325497407354
15,0.7091581700369716,0.31951004861109067,0.31377304551187607,90.24285714285715,90.49955834723721,1.9114325497407354
16,0.7035388550721109,0.3194973149571468,0.3137587937153535,90.24285714285715,90.49955834723721,1.9114325497407354
17,0.7049268707633018,0.3194845852658833,0.3137445258397264,90.24285714285715,90.49955834723721,1.9114325497407354
18,0.7272816612385213,0.3194718595305057,0.31373026567593654,90.24285714285715,90.49955834723721,1.9114325497407354
19,0.7468897979706526,0.3194591377525505,0.3137160054892889,90.24285714285715,90.49955834723721,1.9114325497407354
