,times,train_loss,test_loss,train_acc,test_acc,eta
0,0.8872904437594116,5.031603348241495,4.898583052421674,90.24285714285715,90.49955834723721,111.30237608828492
1,0.7685079681687057,8.230358022611286,8.012272110894838,90.24285714285715,90.49955834723721,111.30237608828492
2,0.7570419106632471,0.5257142942462615,0.5115931225950692,90.24285714285715,90.49955834723721,111.30237608828492
3,0.7300979187712073,3.7195877836934534,3.6207840188016096,90.24285714285715,90.49955834723721,111.30237608828492
4,0.7518007978796959,6.915699974844878,6.731954549827432,90.24285714285715,90.49955834723721,111.30237608828492
5,0.7219100380316377,2.758764277058131,2.7679970206734663,9.757142857142853,9.500441652762788,111.30237608828492
6,0.724195706192404,2.8994140045178156,2.821751042929727,90.24285714285715,90.49955834723721,111.30237608828492
7,0.7214972316287458,6.093174601916974,5.930743453563236,90.24285714285715,90.49955834723721,111.30237608828492
8,0.7298355489037931,9.291969542313437,9.044393480937476,90.24285714285715,90.49955834723721,111.30237608828492
9,0.781487297732383,1.5824302021920937,1.5390538881583002,90.24285714285715,90.49955834723721,111.30237608828492
10,0.7214750810526311,4.784623814301708,4.656429769034816,90.24285714285715,90.49955834723721,111.30237608828492
11,0.7005393141880631,7.97736005259342,7.764387993529241,90.24285714285715,90.49955834723721,111.30237608828492
12,0.6988783064298332,0.7596960547148692,0.7376783128644241,90.24285714285715,90.49955834723721,111.30237608828492
13,0.6816719407215714,3.9564060622998047,3.8496809271712844,90.24285714285715,90.49955834723721,111.30237608828492
14,0.6710726148448884,7.153318425100103,6.961719102172593,90.24285714285715,90.49955834723721,111.30237608828492
15,0.6841114102862775,4.514790328080727,4.530395538087439,9.757142857142853,9.500441652762788,111.30237608828492
16,0.6907994006760418,2.6527742457239745,2.580051979276764,90.24285714285715,90.49955834723721,111.30237608828492
17,0.7102249679155648,5.845301650869934,5.687968685093713,90.24285714285715,90.49955834723721,111.30237608828492
18,0.703849985729903,9.031435823733027,8.789353728752863,90.24285714285715,90.49955834723721,111.30237608828492
19,0.6947154509834945,1.819294613650529,1.7681640921638198,90.24285714285715,90.49955834723721,111.30237608828492
