,times,train_loss,test_loss,train_acc,test_acc,eta
0,0.8149057878181338,0.35363503991173534,0.34993103351167737,90.24285714285715,90.49955834723721,30.970547307245088
1,0.7808028091676533,0.4612789271130735,0.44931298755509075,90.24285714285715,90.49955834723721,30.970547307245088
2,0.8035728959366679,0.32381083291333035,0.31883743808022624,90.24285714285715,90.49955834723721,30.970547307245088
3,0.8022021790966392,0.35334361105508727,0.3449250503956153,90.24285714285715,90.49955834723721,30.970547307245088
4,0.7692787982523441,0.3594592691947991,0.3558458599963642,90.24285714285715,90.49955834723721,30.970547307245088
5,0.7845051628537476,0.42950021961825613,0.4183474616174987,90.24285714285715,90.49955834723721,30.970547307245088
6,0.7822386431507766,0.33723485327655983,0.3329222717774103,90.24285714285715,90.49955834723721,30.970547307245088
7,0.7840797202661633,0.336322552208122,0.32858016789674827,90.24285714285715,90.49955834723721,30.970547307245088
8,0.780275187920779,0.35849020324814723,0.3547835050295996,90.24285714285715,90.49955834723721,30.970547307245088
9,0.784672733861953,0.4595107503750464,0.4473204982740758,90.24285714285715,90.49955834723721,30.970547307245088
10,0.7828308530151844,0.32653144892032354,0.32166329673822336,90.24285714285715,90.49955834723721,30.970547307245088
11,0.7812544438056648,0.338236286440042,0.33023576819543105,90.24285714285715,90.49955834723721,30.970547307245088
12,0.7782825329340994,0.34908828479457366,0.3450774700923309,90.24285714285715,90.49955834723721,30.970547307245088
13,0.7184762642718852,0.4422927580680402,0.4304666587725321,90.24285714285715,90.49955834723721,30.970547307245088
14,0.721920546144247,0.32296092518902747,0.3178195076107826,90.24285714285715,90.49955834723721,30.970547307245088
15,0.7225531218573451,0.33551848811237817,0.32751006389959586,90.24285714285715,90.49955834723721,30.970547307245088
16,0.7222655569203198,0.35109873195610375,0.3470663098066483,90.24285714285715,90.49955834723721,30.970547307245088
17,0.7177355904132128,0.42659962271345037,0.41512105361363555,90.24285714285715,90.49955834723721,30.970547307245088
18,0.7198861227370799,0.3330912027323141,0.32841793251988033,90.24285714285715,90.49955834723721,30.970547307245088
19,0.7122244578786194,0.4176618248201798,0.40639882992918763,90.24285714285715,90.49955834723721,30.970547307245088
