,times,train_loss,test_loss,train_acc,test_acc,eta
0,1.8815777376294136,0.3196680317505125,0.3139558101875552,90.24285714285715,90.49955834723721,1.8760487600286626
1,1.8916813409887254,0.31963013154296854,0.313914098260237,90.24285714285715,90.49955834723721,1.8760487600286626
2,1.9793848427943885,0.3195922572408501,0.3138725810888217,90.24285714285715,90.49955834723721,1.8760487600286626
3,1.9606099487282336,0.31955440878757485,0.3138310633674654,90.24285714285715,90.49955834723721,1.8760487600286626
4,2.022282835096121,0.31951658606246097,0.31378944059062214,90.24285714285715,90.49955834723721,1.8760487600286626
5,1.9514316353015602,0.31947878898477106,0.3137480009744872,90.24285714285715,90.49955834723721,1.8760487600286626
6,1.8031955040059984,0.3194410176115374,0.3137065044737256,90.24285714285715,90.49955834723721,1.8760487600286626
7,1.9689592309296131,0.3194032718502633,0.31366512355555126,90.24285714285715,90.49955834723721,1.8760487600286626
8,1.9241755940020084,0.3193655516081816,0.3136236896198927,90.24285714285715,90.49955834723721,1.8760487600286626
9,1.791688364930451,0.3193278569529739,0.3135822743555196,90.24285714285715,90.49955834723721,1.8760487600286626
10,1.868953833822161,0.3192901877370066,0.31354096543562565,90.24285714285715,90.49955834723721,1.8760487600286626
11,1.8401329861953855,0.3192525439156036,0.31349958179930265,90.24285714285715,90.49955834723721,1.8760487600286626
12,1.8660042476840317,0.31921492552042685,0.31345824682659934,90.24285714285715,90.49955834723721,1.8760487600286626
13,1.9424038110300899,0.3191773324369227,0.3134169404727105,90.24285714285715,90.49955834723721,1.8760487600286626
14,1.8229637588374317,0.31913976466548855,0.31337566982163445,90.24285714285715,90.49955834723721,1.8760487600286626
15,1.9062092858366668,0.31910222212086087,0.31333450201713176,90.24285714285715,90.49955834723721,1.8760487600286626
16,2.0050742919556797,0.31906470476296106,0.31329326698968685,90.24285714285715,90.49955834723721,1.8760487600286626
17,1.7409679051488638,0.3190272125752824,0.3132520549279661,90.24285714285715,90.49955834723721,1.8760487600286626
18,1.9871165649965405,0.3189897454715676,0.3132109090357908,90.24285714285715,90.49955834723721,1.8760487600286626
19,2.093447196763009,0.3189523034508622,0.3131698035984281,90.24285714285715,90.49955834723721,1.8760487600286626
