,times,train_loss,test_loss,train_acc,test_acc,eta
0,2.0762608982622623,0.31970227995961137,0.31399606687609966,90.24285714285715,90.49955834723721,0.18566355334451112
1,2.001880562864244,0.31969847579799837,0.3139891559457914,90.24285714285715,90.49955834723721,0.18566355334451112
2,1.998241487890482,0.3196947217994602,0.3139850329069875,90.24285714285715,90.49955834723721,0.18566355334451112
3,2.0032018180936575,0.3196909680551383,0.3139809141930093,90.24285714285715,90.49955834723721,0.18566355334451112
4,2.0043712737970054,0.31968721456457255,0.31397679449300164,90.24285714285715,90.49955834723721,0.18566355334451112
5,2.0654101171530783,0.31968346132781944,0.31397267624866654,90.24285714285715,90.49955834723721,0.18566355334451112
6,1.8958081980235875,0.319679708344846,0.3139685581241095,90.24285714285715,90.49955834723721,0.18566355334451112
7,2.3675654917024076,0.3196759556157634,0.31396443998410534,90.24285714285715,90.49955834723721,0.18566355334451112
8,1.9168845009990036,0.3196722031400292,0.31396032231867915,90.24285714285715,90.49955834723721,0.18566355334451112
9,1.748465994372964,0.31966845091825596,0.3139562039757671,90.24285714285715,90.49955834723721,0.18566355334451112
10,1.756950305774808,0.3196646989500287,0.31395208645222017,90.24285714285715,90.49955834723721,0.18566355334451112
11,1.7772948700003326,0.31966094723553456,0.31394796894169114,90.24285714285715,90.49955834723721,0.18566355334451112
12,1.7634517662227154,0.31965719577480955,0.31394385124915797,90.24285714285715,90.49955834723721,0.18566355334451112
13,1.8671096260659397,0.31965344456742384,0.3139397354201147,90.24285714285715,90.49955834723721,0.18566355334451112
14,1.7921317187137902,0.31964969361339785,0.3139356199783252,90.24285714285715,90.49955834723721,0.18566355334451112
15,1.8646841933950782,0.3196459429127337,0.31393150407739284,90.24285714285715,90.49955834723721,0.18566355334451112
16,1.8611304401420057,0.31964219246548947,0.3139273869113406,90.24285714285715,90.49955834723721,0.18566355334451112
17,1.8481541220098734,0.3196384422717604,0.3139232712686066,90.24285714285715,90.49955834723721,0.18566355334451112
18,1.8474999470636249,0.3196346923310115,0.3139191564827646,90.24285714285715,90.49955834723721,0.18566355334451112
19,1.9722516597248614,0.3196309426433911,0.313915041506321,90.24285714285715,90.49955834723721,0.18566355334451112
