,times,train_loss,test_loss,train_acc,test_acc,eta
0,1.7739680372178555,0.32108628536342365,0.31582375640602356,90.24285714285715,90.49955834723721,0.05166198660059535
1,1.8444972420111299,0.3197291260389484,0.3140818645139595,90.24285714285715,90.49955834723721,0.05166198660059535
2,2.2128945938311517,0.3197033733884329,0.3140034086807282,90.24285714285715,90.49955834723721,0.05166198660059535
3,2.333501221612096,0.3197018115764732,0.31399412187985815,90.24285714285715,90.49955834723721,0.05166198660059535
4,2.274273238144815,0.3197007558855211,0.31399185085165826,90.24285714285715,90.49955834723721,0.05166198660059535
5,1.8266161452047527,0.31969971100891514,0.3139905412811301,90.24285714285715,90.49955834723721,0.05166198660059535
6,1.8439202401787043,0.3196986663831327,0.3139893711057934,90.24285714285715,90.49955834723721,0.05166198660059535
7,2.0725534516386688,0.3196976217819746,0.31398822134159604,90.24285714285715,90.49955834723721,0.05166198660059535
8,2.672147259116173,0.31969657720056943,0.31398707459034264,90.24285714285715,90.49955834723721,0.05166198660059535
9,2.9132382441312075,0.3196955326388407,0.3139859282703862,90.24285714285715,90.49955834723721,0.05166198660059535
10,2.7251028339378536,0.31969448809677115,0.31398478193962137,90.24285714285715,90.49955834723721,0.05166198660059535
11,2.4939996139146388,0.31969344357434765,0.31398363572743837,90.24285714285715,90.49955834723721,0.05166198660059535
12,2.0455358531326056,0.3196923990715949,0.3139824895688171,90.24285714285715,90.49955834723721,0.05166198660059535
13,2.1500782598741353,0.3196913545884967,0.31398134340849676,90.24285714285715,90.49955834723721,0.05166198660059535
14,2.0581359500065446,0.31969031012507504,0.3139801972884121,90.24285714285715,90.49955834723721,0.05166198660059535
15,1.9249437069520354,0.3196892656812987,0.31397905114780533,90.24285714285715,90.49955834723721,0.05166198660059535
16,3.263657030183822,0.3196882212571972,0.31397790508425377,90.24285714285715,90.49955834723721,0.05166198660059535
17,2.237989803776145,0.3196871768527561,0.31397675896982513,90.24285714285715,90.49955834723721,0.05166198660059535
18,2.566679279319942,0.31968613246797767,0.31397561285801256,90.24285714285715,90.49955834723721,0.05166198660059535
19,3.027753199916333,0.3196850881028079,0.3139744668397226,90.24285714285715,90.49955834723721,0.05166198660059535
