,times,train_loss,test_loss,train_acc,test_acc,eta
0,2.0650151162408292,0.31969250437975594,0.3139825475077346,90.24285714285715,90.49955834723721,0.6672402148800234
1,1.8998467247001827,0.31967901583275804,0.3139677903168686,90.24285714285715,90.49955834723721,0.6672402148800234
2,1.921646490227431,0.3196655305807826,0.3139529881505523,90.24285714285715,90.49955834723721,0.6672402148800234
3,1.7950777537189424,0.31965204860406676,0.3139381981862276,90.24285714285715,90.49955834723721,0.6672402148800234
4,1.6771566830575466,0.31963856989747785,0.31392340141388975,90.24285714285715,90.49955834723721,0.6672402148800234
5,1.7138470439240336,0.31962509446288034,0.3139086129273931,90.24285714285715,90.49955834723721,0.6672402148800234
6,1.6619674833491445,0.31961162229634943,0.31389382471881144,90.24285714285715,90.49955834723721,0.6672402148800234
7,1.7296300046145916,0.31959815339577285,0.31387904406401523,90.24285714285715,90.49955834723721,0.6672402148800234
8,1.7067523198202252,0.3195846877608698,0.31386427020050894,90.24285714285715,90.49955834723721,0.6672402148800234
9,1.644191143102944,0.31957122539085825,0.3138494935920548,90.24285714285715,90.49955834723721,0.6672402148800234
10,1.6584001802839339,0.31955776627813015,0.31383472134682106,90.24285714285715,90.49955834723721,0.6672402148800234
11,1.6653728387318552,0.31954431042328524,0.31381995401562324,90.24285714285715,90.49955834723721,0.6672402148800234
12,1.6803485238924623,0.31953085782787644,0.31380517503784466,90.24285714285715,90.49955834723721,0.6672402148800234
13,1.8057585237547755,0.3195174084825131,0.3137904174166967,90.24285714285715,90.49955834723721,0.6672402148800234
14,1.7919945931062102,0.31950396239242007,0.3137756578095593,90.24285714285715,90.49955834723721,0.6672402148800234
15,1.6532782819122076,0.31949051955556806,0.31376090110835214,90.24285714285715,90.49955834723721,0.6672402148800234
16,1.8155526197515428,0.31947707996116703,0.3137461569002628,90.24285714285715,90.49955834723721,0.6672402148800234
17,4.475378219038248,0.31946364360989593,0.3137313962694466,90.24285714285715,90.49955834723721,0.6672402148800234
18,1.9156184191815555,0.31945021050346745,0.31371665504148455,90.24285714285715,90.49955834723721,0.6672402148800234
19,1.9649191182106733,0.31943678064016057,0.31370191479029186,90.24285714285715,90.49955834723721,0.6672402148800234
