,times,train_loss,test_loss,train_acc,test_acc,eta
0,1.7937034028582275,0.3653569865582916,0.3619743210920304,90.24285714285715,90.49955834723721,0.014375254655218508
1,1.7937987339682877,0.32990071674624805,0.325359250698742,90.24285714285715,90.49955834723721,0.014375254655218508
2,1.6836456079035997,0.3225443435395005,0.31746906556956456,90.24285714285715,90.49955834723721,0.014375254655218508
3,1.6986963669769466,0.3205772373763222,0.31522477273299476,90.24285714285715,90.49955834723721,0.014375254655218508
4,1.7694491338916123,0.31998627104214256,0.31448160336941455,90.24285714285715,90.49955834723721,0.014375254655218508
5,1.6734961932525039,0.3197976989919875,0.31420700471329327,90.24285714285715,90.49955834723721,0.014375254655218508
6,1.8045644802041352,0.31973541600694316,0.31409532134559853,90.24285714285715,90.49955834723721,0.014375254655218508
7,1.725505138747394,0.31971433922725184,0.3140456189107555,90.24285714285715,90.49955834723721,0.014375254655218508
8,1.7105495720170438,0.3197070059959787,0.3140216088143339,90.24285714285715,90.49955834723721,0.014375254655218508
9,1.9468261189758778,0.31970431482252043,0.3140091685084191,90.24285714285715,90.49955834723721,0.014375254655218508
10,1.790523950010538,0.31970320304710664,0.3140023428782853,90.24285714285715,90.49955834723721,0.014375254655218508
11,1.763651237823069,0.31970263093216145,0.31399841376187887,90.24285714285715,90.49955834723721,0.014375254655218508
12,1.815577246248722,0.3197022436710066,0.3139960482237069,90.24285714285715,90.49955834723721,0.014375254655218508
13,1.7679732241667807,0.3197019198211421,0.3139945533679648,90.24285714285715,90.49955834723721,0.014375254655218508
14,1.6824704576283693,0.31970161774321054,0.31399355322524164,90.24285714285715,90.49955834723721,0.014375254655218508
15,1.7485794951207936,0.3197013231447511,0.3139928377184297,90.24285714285715,90.49955834723721,0.014375254655218508
16,1.775348471943289,0.31970103111720777,0.3139922872358113,90.24285714285715,90.49955834723721,0.014375254655218508
17,2.47983670886606,0.3197007399740987,0.313991832858741,90.24285714285715,90.49955834723721,0.014375254655218508
18,1.8409726866520941,0.3197004491359778,0.3139914346105951,90.24285714285715,90.49955834723721,0.014375254655218508
19,1.7902117371559143,0.3197001584037138,0.3139910692090488,90.24285714285715,90.49955834723721,0.014375254655218508
