,times,train_loss,test_loss,train_acc,test_acc,eta
0,1.9678315930068493,8.396508863897086,8.17458685784997,90.24285714285715,90.49955834723721,111.30237608828492
1,1.7886227541603148,7.055584764094807,6.868792702758622,90.24285714285715,90.49955834723721,111.30237608828492
2,1.8389604408293962,6.217826609153324,6.0528256985758935,90.24285714285715,90.49955834723721,111.30237608828492
3,1.820100543089211,4.875231946086333,4.745252391345709,90.24285714285715,90.49955834723721,111.30237608828492
4,1.7338201296515763,4.038728787133825,3.9305797102591207,90.24285714285715,90.49955834723721,111.30237608828492
5,1.6918681100942194,2.7089597898952835,2.6355458596249064,90.24285714285715,90.49955834723721,111.30237608828492
6,1.8593905731104314,1.8611848405760218,1.8096778742928719,90.24285714285715,90.49955834723721,111.30237608828492
7,1.8138407790102065,0.51575815038059,0.4994904045108645,90.24285714285715,90.49955834723721,111.30237608828492
8,2.060059551615268,2.768326382971373,2.777209810667613,9.757142857142853,9.500441652762788,111.30237608828492
9,2.025276113767177,9.464817427217639,9.21106320540434,90.24285714285715,90.49955834723721,111.30237608828492
10,2.050666991621256,8.103392403471544,7.885289045807538,90.24285714285715,90.49955834723721,111.30237608828492
11,1.8781592268496752,7.282784449293943,7.08559762531647,90.24285714285715,90.49955834723721,111.30237608828492
12,1.7900430681183934,5.932504421363453,5.770462894439502,90.24285714285715,90.49955834723721,111.30237608828492
13,1.7871069670654833,5.105954071775585,4.965408192122608,90.24285714285715,90.49955834723721,111.30237608828492
14,1.8102499097585678,3.7417637494989724,3.6367065795546223,90.24285714285715,90.49955834723721,111.30237608828492
15,1.7580864280462265,2.928550142784413,2.844535098306662,90.24285714285715,90.49955834723721,111.30237608828492
16,1.90836669690907,1.5805816006701956,1.531637405872524,90.24285714285715,90.49955834723721,111.30237608828492
17,1.9211020758375525,0.749577400555361,0.7221065710480282,90.24285714285715,90.49955834723721,111.30237608828492
18,1.6749698808416724,4.700626107905206,4.722273694456143,9.757142857142853,9.500441652762788,111.30237608828492
19,1.905220418702811,9.223666620284188,8.971529463672772,90.24285714285715,90.49955834723721,111.30237608828492
