,times,train_loss,test_loss,train_acc,test_acc,eta
0,1.6950754132121801,0.3500384035855869,0.3462383248449143,90.24285714285715,90.49955834723721,30.970547307245088
1,1.6839371616952121,0.4670226432164804,0.45477119141099387,90.24285714285715,90.49955834723721,30.970547307245088
2,1.683955455198884,0.3626616012391747,0.3591295643636438,90.24285714285715,90.49955834723721,30.970547307245088
3,1.810710330028087,0.46324905951677825,0.45092414431536465,90.24285714285715,90.49955834723721,30.970547307245088
4,1.8412865297868848,0.3305260925199319,0.32590841274759813,90.24285714285715,90.49955834723721,30.970547307245088
5,1.6244335300289094,0.3851247246239787,0.375060205857169,90.24285714285715,90.49955834723721,30.970547307245088
6,1.6203537113033235,0.31718651797582953,0.3115710790206605,90.24285714285715,90.49955834723721,30.970547307245088
7,1.641709160991013,0.47559232578328553,0.4625317181164164,90.24285714285715,90.49955834723721,30.970547307245088
8,1.6213202830404043,0.3448781229998864,0.3407006372225262,90.24285714285715,90.49955834723721,30.970547307245088
9,1.670717262197286,0.3758445824165524,0.36574286057923155,90.24285714285715,90.49955834723721,30.970547307245088
10,1.7206908166408539,0.35708675845745225,0.353179839364617,90.24285714285715,90.49955834723721,30.970547307245088
11,1.759575702715665,0.4747081870874344,0.4613396873410135,90.24285714285715,90.49955834723721,30.970547307245088
12,1.7235177787952125,0.33236307835982704,0.32759032353358564,90.24285714285715,90.49955834723721,30.970547307245088
13,1.7358443080447614,0.4041320912265767,0.3927378413853,90.24285714285715,90.49955834723721,30.970547307245088
14,1.7073724949732423,0.3245405303866412,0.31936791910230644,90.24285714285715,90.49955834723721,30.970547307245088
15,1.644477894064039,0.46710869049374315,0.45361698095998193,90.24285714285715,90.49955834723721,30.970547307245088
16,1.6660883212462068,0.32728488752852697,0.3221945277461642,90.24285714285715,90.49955834723721,30.970547307245088
17,1.762378251645714,0.3396362102885776,0.3302986398427999,90.24285714285715,90.49955834723721,30.970547307245088
18,1.7486646538600326,0.32660777398402574,0.3214353401028528,90.24285714285715,90.49955834723721,30.970547307245088
19,1.8952189208939672,0.3412187329524334,0.33162244713791583,90.24285714285715,90.49955834723721,30.970547307245088
