,times,train_loss,test_loss,train_acc,test_acc,eta
0,0.7281766519881785,2.5115411619872407e+78,2.511698755516542e+78,0.0,0.0,1.1359751190652072
1,0.9571753810159862,1.3030441396646401e+156,1.3031250054823986e+156,0.0,0.0,1.1359751190652072
2,0.8956528659909964,6.761271906579435e+233,6.7616935198052145e+233,0.0,0.0,1.1359751190652072
3,0.6820484679192305,inf,inf,0.0,0.0,1.1359751190652072
4,0.6924736062064767,inf,inf,0.0,0.0,1.1359751190652072
5,0.690305545926094,inf,inf,0.0,0.0,1.1359751190652072
6,0.9411408603191376,inf,inf,0.0,0.0,1.1359751190652072
7,0.3768350686877966,,,0.0,0.0,1.1359751190652072
8,0.8956014541909099,,,0.0,0.0,1.1359751190652072
9,0.9408417898230255,,,0.0,0.0,1.1359751190652072
10,0.9652938917279243,,,0.0,0.0,1.1359751190652072
11,0.699081998784095,,,0.0,0.0,1.1359751190652072
12,0.6889416039921343,,,0.0,0.0,1.1359751190652072
13,0.4484208170324564,,,0.0,0.0,1.1359751190652072
14,0.7191218952648342,,,0.0,0.0,1.1359751190652072
15,0.395249648950994,,,0.0,0.0,1.1359751190652072
16,0.9008719730190933,,,0.0,0.0,1.1359751190652072
17,0.4450620231218636,,,0.0,0.0,1.1359751190652072
18,0.9454393787309527,,,0.0,0.0,1.1359751190652072
19,0.42120874393731356,,,0.0,0.0,1.1359751190652072
