,times,train_loss,test_loss,train_acc,test_acc,eta
0,1.0349490968510509,2.627249905441554e+132,2.6274130326991203e+132,0.0,0.0,0.6809991926337755
1,0.47360442113131285,1.3717011981177992e+264,1.371786429052891e+264,0.0,0.0,0.6809991926337755
2,1.0588605301454663,inf,inf,0.0,0.0,0.6809991926337755
3,0.4724322948604822,inf,inf,0.0,0.0,0.6809991926337755
4,0.46368510369211435,,,0.0,0.0,0.6809991926337755
5,1.0186127009801567,,,0.0,0.0,0.6809991926337755
6,0.4594462891109288,,,0.0,0.0,0.6809991926337755
7,0.46004342241212726,,,0.0,0.0,0.6809991926337755
8,0.737186711281538,,,0.0,0.0,0.6809991926337755
9,0.8289664159528911,,,0.0,0.0,0.6809991926337755
10,0.8107036747969687,,,0.0,0.0,0.6809991926337755
11,1.0297490870580077,,,0.0,0.0,0.6809991926337755
12,0.7411596421152353,,,0.0,0.0,0.6809991926337755
13,0.7909084958955646,,,0.0,0.0,0.6809991926337755
14,0.4402173897251487,,,0.0,0.0,0.6809991926337755
15,1.4182476704008877,,,0.0,0.0,0.6809991926337755
16,0.3866905961185694,,,0.0,0.0,0.6809991926337755
17,1.0943831312470138,,,0.0,0.0,0.6809991926337755
18,0.5974347130395472,,,0.0,0.0,0.6809991926337755
19,0.6741224532015622,,,0.0,0.0,0.6809991926337755
