,times,train_loss,test_loss,train_acc,test_acc,eta
0,1.208846319001168,1.9890811069349794e+43,1.9892039303178814e+43,0.0,0.0,1.4671682844939113
1,0.37496987637132406,4.0269570481249e+86,4.0272069494160097e+86,0.0,0.0,1.4671682844939113
2,0.6357776569202542,5.902661960893988e+129,5.903027930058844e+129,0.0,0.0,1.4671682844939113
3,0.36960651306435466,1.1948566891719008e+173,1.1949308262389505e+173,0.0,0.0,1.4671682844939113
4,0.7060799626633525,1.751319802147655e+216,1.751428487721006e+216,0.0,0.0,1.4671682844939113
5,0.6507215676829219,2.5671934182879047e+259,2.5673558608072966e+259,0.0,0.0,1.4671682844939113
6,0.9295430090278387,2.7237281148482362e+302,2.7238971482100924e+302,0.0,0.0,1.4671682844939113
7,0.7060591499321163,inf,inf,0.0,0.0,1.4671682844939113
8,0.7131675109267235,inf,inf,0.0,0.0,1.4671682844939113
9,0.9556579007767141,inf,inf,0.0,0.0,1.4671682844939113
10,0.944841236807406,inf,inf,0.0,0.0,1.4671682844939113
11,0.3878624960780144,inf,inf,0.0,0.0,1.4671682844939113
12,0.9080458949320018,inf,inf,0.0,0.0,1.4671682844939113
13,0.7844931678846478,inf,inf,0.0,0.0,1.4671682844939113
14,0.5712358029559255,,,0.0,0.0,1.4671682844939113
15,0.9534948980435729,,,0.0,0.0,1.4671682844939113
16,0.8219666588120162,,,0.0,0.0,1.4671682844939113
17,1.0297275567427278,,,0.0,0.0,1.4671682844939113
18,1.3887959700077772,,,0.0,0.0,1.4671682844939113
19,0.4371897387318313,,,0.0,0.0,1.4671682844939113
