,times,train_loss,test_loss,train_acc,test_acc,eta
0,0.6604924686253071,2.3257444578007343e+107,2.325888845121214e+107,0.0,0.0,0.8795442791215591
1,0.669041242916137,1.1303201053517756e+214,1.1303904238390143e+214,0.0,0.0,0.8795442791215591
2,1.1540699959732592,inf,inf,0.0,0.0,0.8795442791215591
3,0.654328279197216,inf,inf,0.0,0.0,0.8795442791215591
4,0.8442613165825605,inf,inf,0.0,0.0,0.8795442791215591
5,1.4685992309823632,,,0.0,0.0,0.8795442791215591
6,0.764378207270056,,,0.0,0.0,0.8795442791215591
7,1.018987778108567,,,0.0,0.0,0.8795442791215591
8,0.4042004281654954,,,0.0,0.0,0.8795442791215591
9,1.2347832601517439,,,0.0,0.0,0.8795442791215591
10,1.4769511241465807,,,0.0,0.0,0.8795442791215591
11,0.7194211320020258,,,0.0,0.0,0.8795442791215591
12,0.5480853407643735,,,0.0,0.0,0.8795442791215591
13,0.5629647108726203,,,0.0,0.0,0.8795442791215591
14,0.5229654982686043,,,0.0,0.0,0.8795442791215591
15,0.46559676993638277,,,0.0,0.0,0.8795442791215591
16,0.7536711199209094,,,0.0,0.0,0.8795442791215591
17,0.7440740913152695,,,0.0,0.0,0.8795442791215591
18,0.4008038928732276,,,0.0,0.0,0.8795442791215591
19,0.6480096369050443,,,0.0,0.0,0.8795442791215591
