,times,train_loss,test_loss,train_acc,test_acc,eta
0,0.6895693652331829,5.203189393457444,6.162550686271922,0.0,0.0,0.0016681005372000581
1,1.0523586138151586,4.2540755958655225,5.116785240296279,0.0,0.0,0.0016681005372000581
2,1.2981566041707993,3.4849440222388472,4.260649150967188,0.0,0.0,0.0016681005372000581
3,1.2256898400373757,2.861679877813021,3.5590653822586495,0.0,0.0,0.0016681005372000581
4,1.4384461482986808,2.3566802224193983,2.983572167486155,0.0,0.0,0.0016681005372000581
5,1.555415625218302,1.9475441512445681,2.510992879159789,0.0,0.0,0.0016681005372000581
6,1.421276141423732,1.6160127304406875,2.122353188097058,0.0,0.0,0.0016681005372000581
7,1.5422600037418306,1.347369576083007,1.8023045832721756,0.0,0.0,0.0016681005372000581
8,1.6638968088664114,1.1296689217694729,1.5383280480731596,0.0,0.0,0.0016681005372000581
9,1.65474693197757,0.9532835532639795,1.3202920543357828,0.0,0.0,0.0016681005372000581
10,1.6556203630752861,0.8103458794751782,1.1398597135367767,0.0,0.0,0.0016681005372000581
11,1.5040999152697623,0.6945227823715465,0.9902857127249179,0.0,0.0,0.0016681005372000581
12,1.4418859663419425,0.600671219335595,0.8660532898736577,0.0,0.0,0.0016681005372000581
13,1.501170916017145,0.5246179519024254,0.7626506107918355,0.0,0.0,0.0016681005372000581
14,1.4991855099797249,0.4629645467771733,0.6763667047132729,0.0,0.0,0.0016681005372000581
15,1.5658216536976397,0.41303629116648005,0.6042794676304616,0.0,0.0,0.0016681005372000581
16,1.8931336211971939,0.3725848317856335,0.5438840779337824,0.0,0.0,0.0016681005372000581
17,1.7467759479768574,0.33980548821485024,0.49315125204747606,0.0,0.0,0.0016681005372000581
18,1.8619813779368997,0.3132457113815461,0.4504313368186586,0.0,0.0,0.0016681005372000581
19,1.5654273019172251,0.2917249389163709,0.41436436521277087,0.0,0.0,0.0016681005372000581
