,times,train_loss,test_loss,train_acc,test_acc,eta
0,0.4567318889312446,0.19977715003369464,0.1913052985223304,0.0,0.0,2.4473842035271822
1,0.4087399560958147,0.19975670603777754,0.19112441348255177,0.0,0.0,2.4473842035271822
2,0.7619119631126523,0.2078713634684413,0.16029337043466538,0.0,0.0,2.4473842035271822
3,0.4309087060391903,0.19966668474857785,0.1911803104393979,0.0,0.0,2.4473842035271822
4,0.5879844659939408,0.1996460324733324,0.19116344935814725,0.0,0.0,2.4473842035271822
5,0.45494496915489435,0.19962539494897968,0.19115382154838426,0.0,0.0,2.4473842035271822
6,0.6926349601708353,0.19951078059078356,0.19106461255959142,0.0,0.0,2.4473842035271822
7,0.6869852473028004,0.1994043903662274,0.19098090932279002,0.0,0.0,2.4473842035271822
8,0.6777566019445658,0.19930090637598466,0.19088990595018637,0.0,0.0,2.4473842035271822
9,0.47278760792687535,0.19928044125321495,0.19089307387155938,0.0,0.0,2.4473842035271822
10,1.07465779222548,0.19908679610514188,0.19073488185643203,0.0,0.0,2.4473842035271822
11,0.5501699359156191,0.1990664357354422,0.1907266921133961,0.0,0.0,2.4473842035271822
12,0.5595192392356694,0.1990460895700979,0.19071173574864675,0.0,0.0,2.4473842035271822
13,0.5587307042442262,0.19902575748076048,0.19068794902698705,0.0,0.0,2.4473842035271822
14,0.5725716291926801,0.19900544006559806,0.19066506425910199,0.0,0.0,2.4473842035271822
15,0.5977550731040537,0.19898513739356374,0.1906762909043958,0.0,0.0,2.4473842035271822
16,0.6763164065778255,0.19880619591433674,0.19053752294190685,0.0,0.0,2.4473842035271822
17,1.0222891718149185,0.19853352906469526,0.19031205343917232,0.0,0.0,2.4473842035271822
18,0.7549535129219294,0.19840329719669436,0.1902169319571432,0.0,0.0,2.4473842035271822
19,0.8246687073260546,0.19828103690663743,0.1901312602953806,0.0,0.0,2.4473842035271822
