,times,train_loss,test_loss,train_acc,test_acc,eta
0,0.21273416886106133,0.693111335615586,0.6931114598843142,78.15271319169534,78.39164707509335,0.0001437525465521851
1,0.28822344774380326,0.6715374839529962,0.671625483227483,87.18343215724238,87.18019637671138,0.0001437525465521851
2,0.31464753625914454,0.6503474654095446,0.6505513794989429,88.83606755752243,88.83971788134421,0.0001437525465521851
3,0.33562087267637253,0.6250421464483255,0.6253791676614582,90.02541186232648,90.0221269533951,0.0001437525465521851
4,0.3719521639868617,0.606505926611982,0.6069446867462368,90.77912424153371,90.81731434103168,0.0001437525465521851
5,0.3942637196741998,0.5870683342011376,0.5876287723033079,91.34959462029146,91.38431752178121,0.0001437525465521851
6,0.4284119042567909,0.5687244556288906,0.5693570559914025,91.86301796117344,91.91674733785092,0.0001437525465521851
7,0.4525429727509618,0.5502403806734837,0.550983749272273,92.32630905664944,92.42151846217673,0.0001437525465521851
8,0.47473466489464045,0.5326953446083077,0.5335244388760585,92.67204868013899,92.72576407135942,0.0001437525465521851
9,0.5104028899222612,0.5146408683384638,0.5155575209877296,93.03507528480301,93.15447379338957,0.0001437525465521851
10,0.538538611959666,0.49730861159785084,0.49834975415453003,93.3496983421785,93.47946342138017,0.0001437525465521851
11,0.5382550531066954,0.4800930330024215,0.48125172885196565,93.6608640033191,93.63850089890748,0.0001437525465521851
12,0.5443862369284034,0.46553595162120287,0.4668218025268035,93.88213736235241,93.92200248928226,0.0001437525465521851
13,0.5434315023012459,0.44988934404219105,0.45131427978105676,94.15008557055681,94.03955192919375,0.0001437525465521851
14,0.5472279940731823,0.43608246369063625,0.43763744115995407,94.31085449547946,94.17093071497717,0.0001437525465521851
15,0.5433828281238675,0.42098966774356505,0.4227104756332423,94.50446868463361,94.31613884663255,0.0001437525465521851
16,0.5449600550346076,0.40854127662365614,0.41041225736357273,94.67388110014348,94.44751763241598,0.0001437525465521851
17,0.5414652759209275,0.39515120169815526,0.39721144606224174,94.81736304389165,94.55123772645554,0.0001437525465521851
18,0.5367530058138072,0.3829165295553518,0.3851872939141748,94.95738759140491,94.675701839303,0.0001437525465521851
19,0.5378119857050478,0.36987917336856324,0.37235519459767474,95.05938078033434,94.77250726040658,0.0001437525465521851
