,times,train_loss,test_loss,train_acc,test_acc,eta
0,4.258825366850942,,,0.0,0.0,0.6666666666666666
1,5.107417746912688,,,0.0,0.0,0.6666666666666666
2,9.339472606778145,,,0.0,0.0,0.6666666666666666
3,4.485401365906,,,0.0,0.0,0.6666666666666666
4,9.71786989690736,,,0.0,0.0,0.6666666666666666
5,4.631729574408382,,,0.0,0.0,0.6666666666666666
6,1.9958025957457721,,,0.0,0.0,0.6666666666666666
7,2.0146379400976,,,0.0,0.0,0.6666666666666666
8,2.024773699697107,,,0.0,0.0,0.6666666666666666
9,4.445341222919524,,,0.0,0.0,0.6666666666666666
10,4.438796356320381,,,0.0,0.0,0.6666666666666666
11,4.438575286883861,,,0.0,0.0,0.6666666666666666
12,2.0151431909762323,,,0.0,0.0,0.6666666666666666
13,2.012618970591575,,,0.0,0.0,0.6666666666666666
14,2.105573790613562,,,0.0,0.0,0.6666666666666666
15,2.027545419987291,,,0.0,0.0,0.6666666666666666
16,6.83071030722931,,,0.0,0.0,0.6666666666666666
17,4.402388731017709,,,0.0,0.0,0.6666666666666666
18,9.14237848483026,,,0.0,0.0,0.6666666666666666
19,11.536184818018228,,,0.0,0.0,0.6666666666666666
