,times,train_loss,test_loss,train_acc,test_acc,eta
0,22.708347744774073,3717.6040538616985,3561.6753155766496,0.0,0.0,0.012915496650148838
1,22.53595128003508,3525.9596321250892,3380.193651312623,0.0,0.0,0.012915496650148838
2,23.24783601332456,3350.6022141083627,3213.412162047308,0.0,0.0,0.012915496650148838
3,22.725880365353078,3188.60470178757,3059.143974232922,0.0,0.0,0.012915496650148838
4,22.635715629905462,3038.0516372713328,2915.635175888408,0.0,0.0,0.012915496650148838
5,22.427456898614764,2897.597206273545,2781.608921603186,0.0,0.0,0.012915496650148838
6,22.783699919003993,2766.1767031433665,2656.0990227037323,0.0,0.0,0.012915496650148838
7,23.85457149799913,2642.936946770556,2538.312549822861,0.0,0.0,0.012915496650148838
8,22.924136438872665,2527.1576046458567,2427.582196223247,0.0,0.0,0.012915496650148838
9,23.224972303025424,2418.215312264046,2323.317204322257,0.0,0.0,0.012915496650148838
10,22.516422018874437,2315.5702940329284,2225.0370432804793,0.0,0.0,0.012915496650148838
11,22.526568996720016,2218.742319411147,2132.2803882022226,0.0,0.0,0.012915496650148838
12,23.6879516299814,2127.301385482191,2044.6451426241642,0.0,0.0,0.012915496650148838
13,24.59422205016017,2040.8579022891827,1961.7612920311067,0.0,0.0,0.012915496650148838
14,25.875649091321975,1959.0612967468542,1883.3099022391473,0.0,0.0,0.012915496650148838
15,25.247796417213976,1881.5942000980351,1808.9771153270672,0.0,0.0,0.012915496650148838
16,31.395066423807293,1808.1648591828405,1738.5082509906738,0.0,0.0,0.012915496650148838
17,27.606836337130517,1738.5110158978814,1671.6367200463037,0.0,0.0,0.012915496650148838
18,24.27934135729447,1672.3873768692144,1608.1345119435114,0.0,0.0,0.012915496650148838
19,26.780237464234233,1609.5658136156878,1547.801033899543,0.0,0.0,0.012915496650148838
