,times,train_loss,test_loss,train_acc,test_acc,eta
0,4.394856997765601,,,0.0,0.0,0.8795442791215593
1,4.445696048438549,,,0.0,0.0,0.8795442791215593
2,1.993342055939138,,,0.0,0.0,0.8795442791215593
3,4.500154522713274,,,0.0,0.0,0.8795442791215593
4,2.070414891000837,,,0.0,0.0,0.8795442791215593
5,6.82222876790911,,,0.0,0.0,0.8795442791215593
6,6.820520579814911,,,0.0,0.0,0.8795442791215593
7,2.0141264791600406,,,0.0,0.0,0.8795442791215593
8,4.40997401997447,,,0.0,0.0,0.8795442791215593
9,6.862614542245865,,,0.0,0.0,0.8795442791215593
10,4.413821906317025,,,0.0,0.0,0.8795442791215593
11,4.424030294176191,,,0.0,0.0,0.8795442791215593
12,4.385431284084916,,,0.0,0.0,0.8795442791215593
13,4.422225289978087,,,0.0,0.0,0.8795442791215593
14,2.0025393292307854,,,0.0,0.0,0.8795442791215593
15,2.0242923400364816,,,0.0,0.0,0.8795442791215593
16,2.010849241632968,,,0.0,0.0,0.8795442791215593
17,4.427546901162714,,,0.0,0.0,0.8795442791215593
18,6.776302889920771,,,0.0,0.0,0.8795442791215593
19,2.016160018276423,,,0.0,0.0,0.8795442791215593
