,times,train_loss,test_loss,train_acc,test_acc,eta
0,1.9748011361807585,,,0.0,0.0,0.6666666666666666
1,4.370219666045159,,,0.0,0.0,0.6666666666666666
2,4.348008957691491,,,0.0,0.0,0.6666666666666666
3,1.9897997779771686,,,0.0,0.0,0.6666666666666666
4,4.357645750977099,,,0.0,0.0,0.6666666666666666
5,1.9871969297528267,,,0.0,0.0,0.6666666666666666
6,4.348581989295781,,,0.0,0.0,0.6666666666666666
7,4.429648972116411,,,0.0,0.0,0.6666666666666666
8,4.104259820189327,,,0.0,0.0,0.6666666666666666
9,4.124393787235022,,,0.0,0.0,0.6666666666666666
10,4.062930378131568,,,0.0,0.0,0.6666666666666666
11,4.120441989041865,,,0.0,0.0,0.6666666666666666
12,4.136884748004377,,,0.0,0.0,0.6666666666666666
13,1.9929742240346968,,,0.0,0.0,0.6666666666666666
14,4.123015413992107,,,0.0,0.0,0.6666666666666666
15,8.392885840963572,,,0.0,0.0,0.6666666666666666
16,6.174653642810881,,,0.0,0.0,0.6666666666666666
17,6.577279389370233,,,0.0,0.0,0.6666666666666666
18,8.893871314823627,,,0.0,0.0,0.6666666666666666
19,1.9108037818223238,,,0.0,0.0,0.6666666666666666
