,times,train_loss,test_loss,train_acc,test_acc,eta
0,2.0047966591082513,0.41211829320251075,0.41981871536958054,0.0,0.0,3.1609182482282505
1,6.843198060058057,0.386604553049514,0.39197837050232237,0.0,0.0,3.1609182482282505
2,11.515362069942057,0.3799757262824113,0.38403166840484787,0.0,0.0,3.1609182482282505
3,4.274951325729489,0.37614243751087917,0.38050984125614906,0.0,0.0,3.1609182482282505
4,4.339593600016087,0.3729430424431901,0.3777384009254464,0.0,0.0,3.1609182482282505
5,1.9507159050554037,0.37215184674412366,0.37701388012933046,0.0,0.0,3.1609182482282505
6,9.123633041977882,0.3708032078958375,0.37628356566797516,0.0,0.0,3.1609182482282505
7,1.950473124627024,0.36972091876911295,0.3750706413193399,0.0,0.0,3.1609182482282505
8,1.9373474880121648,0.369210674682377,0.37447789453885616,0.0,0.0,3.1609182482282505
9,6.740532711148262,0.3681051760712638,0.37316816874856085,0.0,0.0,3.1609182482282505
10,4.33165318518877,0.36743409649909625,0.3724947476227014,0.0,0.0,3.1609182482282505
11,1.9537347629666328,0.3672241232454497,0.37231176061618315,0.0,0.0,3.1609182482282505
12,6.723202730063349,0.3664170721355177,0.37152216529211707,0.0,0.0,3.1609182482282505
13,11.524704101029783,0.3657046153415273,0.3708513078186362,0.0,0.0,3.1609182482282505
14,4.2668564431369305,0.36547423592417355,0.3706592877549537,0.0,0.0,3.1609182482282505
15,6.756018927320838,0.3651922756701434,0.37044372784729634,0.0,0.0,3.1609182482282505
16,1.9409784208983183,0.3651498576219386,0.3704084538380262,0.0,0.0,3.1609182482282505
17,1.9543783031404018,0.36511243061367177,0.3703767729711691,0.0,0.0,3.1609182482282505
18,4.327121930196881,0.3649061315246727,0.3702107069173089,0.0,0.0,3.1609182482282505
19,4.344634828157723,0.3647198339146979,0.37005582540767534,0.0,0.0,3.1609182482282505
