,times,train_loss,test_loss,train_acc,test_acc,eta
0,6.6302709728479385,0.24322297161862347,0.31181059476727424,0.0,0.0,0.012915496650148838
1,7.035480515100062,0.19099597034721752,0.18351371472245304,0.0,0.0,0.012915496650148838
2,6.755583868827671,0.19054844743471971,0.17617076646321045,0.0,0.0,0.012915496650148838
3,6.87522286362946,0.19054350061161607,0.1755302831476379,0.0,0.0,0.012915496650148838
4,6.749188578221947,0.19054233495007078,0.17547102316070926,0.0,0.0,0.012915496650148838
5,6.746564178727567,0.1905412016095151,0.1754651594270542,0.0,0.0,0.012915496650148838
6,6.907263710163534,0.19054006856020456,0.17546422957999394,0.0,0.0,0.012915496650148838
7,6.961505054030567,0.1905389355281793,0.17546376169760988,0.0,0.0,0.012915496650148838
8,6.970864564646035,0.1905378025110761,0.17546332714845211,0.0,0.0,0.012915496650148838
9,7.000323580112308,0.19053666950896148,0.1754629007786974,0.0,0.0,0.012915496650148838
10,6.942006253171712,0.1905355365216932,0.1754624745193433,0.0,0.0,0.012915496650148838
11,6.947563143912703,0.1905344035494436,0.17546204730482876,0.0,0.0,0.012915496650148838
12,6.964200783055276,0.1905332705920203,0.1754616176700876,0.0,0.0,0.012915496650148838
13,6.848645706195384,0.19053213764957463,0.175461195895897,0.0,0.0,0.012915496650148838
14,6.895063889678568,0.19053100472200868,0.17546076721367102,0.0,0.0,0.012915496650148838
15,7.06406714534387,0.19052987180939518,0.17546033951039772,0.0,0.0,0.012915496650148838
16,7.148422353435308,0.19052873891166153,0.17545991177632336,0.0,0.0,0.012915496650148838
17,7.208907978143543,0.19052760602878552,0.17545948638602815,0.0,0.0,0.012915496650148838
18,7.552243268117309,0.19052647316095542,0.17545905984837212,0.0,0.0,0.012915496650148838
19,7.990643215831369,0.19052534030799978,0.17545863199177986,0.0,0.0,0.012915496650148838
