,times,train_loss,test_loss,train_acc,test_acc,eta
0,7.611435296013951,0.19054501317285025,0.17583844533074175,0.0,0.0,0.04641588833612778
1,7.646822790149599,0.19053985945477853,0.17546426709802454,0.0,0.0,0.04641588833612778
2,6.709650625940412,0.1905357876252355,0.17546256274991237,0.0,0.0,0.04641588833612778
3,6.901475025806576,0.19053171598763996,0.175461051602704,0.0,0.0,0.04641588833612778
4,7.208236917853355,0.1905276445423542,0.17545947076138457,0.0,0.0,0.04641588833612778
5,7.162710760720074,0.19052357328999167,0.1754579714564709,0.0,0.0,0.04641588833612778
6,6.780085282865912,0.19051950223142555,0.17545646791902816,0.0,0.0,0.04641588833612778
7,6.69587491825223,0.1905154313651935,0.17545491758814583,0.0,0.0,0.04641588833612778
8,7.360901007894427,0.19051136069166827,0.1754533857706925,0.0,0.0,0.04641588833612778
9,6.683430339209735,0.19050729021107973,0.17545179920463205,0.0,0.0,0.04641588833612778
10,6.7942604860290885,0.19050321992222538,0.1754503055850875,0.0,0.0,0.04641588833612778
11,6.635172649752349,0.1904991498264112,0.1754487653226685,0.0,0.0,0.04641588833612778
12,6.837902530096471,0.19049507992388878,0.17544723496905348,0.0,0.0,0.04641588833612778
13,6.440210281405598,0.1904910102124743,0.175445744894611,0.0,0.0,0.04641588833612778
14,6.4355133613571525,0.19048694069451527,0.17544415564186924,0.0,0.0,0.04641588833612778
15,6.371642090380192,0.19048287136918665,0.17544264777201918,0.0,0.0,0.04641588833612778
16,6.476700774859637,0.19047880223640629,0.17544109630958074,0.0,0.0,0.04641588833612778
17,6.506762023083866,0.19047473329441145,0.17543955890176366,0.0,0.0,0.04641588833612778
18,6.525193876121193,0.1904706645474119,0.17543805143792637,0.0,0.0,0.04641588833612778
19,6.4619512390345335,0.19046659599186366,0.17543651764790547,0.0,0.0,0.04641588833612778
