,times,train_loss,test_loss,train_acc,test_acc,eta
0,12.731940927915275,0.499825930259486,0.5101757334026418,0.0,0.0,0.00012915496650148838
1,12.728354750201106,0.47361638864477257,0.4829903035064128,0.0,0.0,0.00012915496650148838
2,12.98111124522984,0.4542141276201597,0.4628795086938617,0.0,0.0,0.00012915496650148838
3,12.919156516902149,0.4462899386560959,0.4543235688373064,0.0,0.0,0.00012915496650148838
4,13.065045027062297,0.43936582730401685,0.4471777808156792,0.0,0.0,0.00012915496650148838
5,12.93749011028558,0.4334908202258962,0.44087124578909853,0.0,0.0,0.00012915496650148838
6,13.209825961850584,0.427736017624513,0.43489828529140845,0.0,0.0,0.00012915496650148838
7,13.233380122110248,0.4234439361873688,0.43031676998555723,0.0,0.0,0.00012915496650148838
8,13.21916036773473,0.41574397440353383,0.4225223258224589,0.0,0.0,0.00012915496650148838
9,13.08928363583982,0.4093143622486633,0.4158967833477173,0.0,0.0,0.00012915496650148838
10,13.671832100488245,0.40389039530185133,0.41046450691474623,0.0,0.0,0.00012915496650148838
11,13.532264679670334,0.4009651130979634,0.4074461197679345,0.0,0.0,0.00012915496650148838
12,13.519928175024688,0.39877375653707137,0.40532703445285123,0.0,0.0,0.00012915496650148838
13,13.519794722087681,0.3974009532166607,0.4039032587041766,0.0,0.0,0.00012915496650148838
14,13.56190476194024,0.3964289470926295,0.40298015211934846,0.0,0.0,0.00012915496650148838
15,13.281749466434121,0.39299422700915726,0.39921562313435716,0.0,0.0,0.00012915496650148838
16,13.26090344041586,0.38886589379593617,0.3947158990999064,0.0,0.0,0.00012915496650148838
17,13.073093925602734,0.3857363748775053,0.391106543667991,0.0,0.0,0.00012915496650148838
18,13.324151727370918,0.38421717797266114,0.38935252889871147,0.0,0.0,0.00012915496650148838
19,13.14326289948076,0.3834267919867117,0.3883518804919433,0.0,0.0,0.00012915496650148838
