,times,train_loss,test_loss,train_acc,test_acc,eta
0,6.623181175906211,,,0.0,0.0,0.6666666666666666
1,4.3001440786756575,,,0.0,0.0,0.6666666666666666
2,6.689372089225799,,,0.0,0.0,0.6666666666666666
3,1.9802129827439785,,,0.0,0.0,0.6666666666666666
4,6.6805890700779855,,,0.0,0.0,0.6666666666666666
5,6.652854080777615,,,0.0,0.0,0.6666666666666666
6,4.286852424032986,,,0.0,0.0,0.6666666666666666
7,13.659831221215427,,,0.0,0.0,0.6666666666666666
8,4.316238781902939,,,0.0,0.0,0.6666666666666666
9,6.70732461893931,,,0.0,0.0,0.6666666666666666
10,1.9666817439720035,,,0.0,0.0,0.6666666666666666
11,4.333058957010508,,,0.0,0.0,0.6666666666666666
12,6.619567329995334,,,0.0,0.0,0.6666666666666666
13,4.302800259087235,,,0.0,0.0,0.6666666666666666
14,1.9543939749710262,,,0.0,0.0,0.6666666666666666
15,8.986874626018107,,,0.0,0.0,0.6666666666666666
16,1.9481045929715037,,,0.0,0.0,0.6666666666666666
17,6.612802725750953,,,0.0,0.0,0.6666666666666666
18,1.9487079428508878,,,0.0,0.0,0.6666666666666666
19,1.9552399180829525,,,0.0,0.0,0.6666666666666666
