,times,train_loss,test_loss,train_acc,test_acc,eta
0,1.97724867798388,0.4240952456686175,0.4322937608469868,0.0,0.0,4.08248290463863
1,7.100876100361347,0.4185000400387843,0.4230208629968196,0.0,0.0,4.08248290463863
2,4.588695141021162,0.38670842952578505,0.3917026326248755,0.0,0.0,4.08248290463863
3,2.106291958130896,0.38053171262880886,0.38569848554223257,0.0,0.0,4.08248290463863
4,2.0933387130498886,0.37837121880526736,0.3836475838995074,0.0,0.0,4.08248290463863
5,11.005980099085718,0.38580874191651116,0.39013627891734426,0.0,0.0,4.08248290463863
6,2.006595295853913,0.3782082571237717,0.38260180362728596,0.0,0.0,4.08248290463863
7,4.585948795080185,0.3767214830470139,0.3810785815771631,0.0,0.0,4.08248290463863
8,2.061083647888154,0.3736477244429115,0.3781763060976331,0.0,0.0,4.08248290463863
9,6.856229166034609,0.37165941870460634,0.37649739204444826,0.0,0.0,4.08248290463863
10,6.925980691798031,0.36970683180517155,0.3748266872983994,0.0,0.0,4.08248290463863
11,4.5765103017911315,0.36889226385747464,0.37410631542955725,0.0,0.0,4.08248290463863
12,4.712728457059711,0.3684017080260183,0.3736472003476163,0.0,0.0,4.08248290463863
13,2.0732577149756253,0.3681443680757771,0.373354718971534,0.0,0.0,4.08248290463863
14,2.0719282678328454,0.36795329856969844,0.37313778319973845,0.0,0.0,4.08248290463863
15,2.072935959789902,0.3678020779668444,0.3729610874974014,0.0,0.0,4.08248290463863
16,4.4442211161367595,0.36714269828668955,0.37223734198522146,0.0,0.0,4.08248290463863
17,2.061475394293666,0.3670646572122987,0.3721546128290306,0.0,0.0,4.08248290463863
18,4.489819501992315,0.36665940527896784,0.3717157332215289,0.0,0.0,4.08248290463863
19,4.502649771049619,0.3663453588706766,0.3713902860775897,0.0,0.0,4.08248290463863
