,times,train_loss,test_loss,train_acc,test_acc,eta
0,12.633948577567935,0.4609760633093261,0.4701692239677385,0.0,0.0,0.04641588833612778
1,12.332270176149905,0.4429869168626183,0.4515821564680023,0.0,0.0,0.04641588833612778
2,12.130668571218848,0.432026163610721,0.4402459900901623,0.0,0.0,0.04641588833612778
3,12.284710691310465,0.42433480575160076,0.432283747354137,0.0,0.0,0.04641588833612778
4,12.310444114729762,0.41850437722946005,0.42623950917045533,0.0,0.0,0.04641588833612778
5,12.492016384378076,0.41386207671540715,0.4214130438392813,0.0,0.0,0.04641588833612778
6,12.559291757643223,0.41003554699415834,0.4174206471759043,0.0,0.0,0.04641588833612778
7,12.604761503636837,0.40680122684771886,0.4140374847127296,0.0,0.0,0.04641588833612778
8,12.620256345719099,0.4040159755576775,0.4111148297770643,0.0,0.0,0.04641588833612778
9,12.585907821543515,0.40158290608456604,0.40855455629118054,0.0,0.0,0.04641588833612778
10,12.574228948913515,0.39943401145093627,0.4062866502843767,0.0,0.0,0.04641588833612778
11,12.59797176066786,0.39751986291608027,0.40426306423646646,0.0,0.0,0.04641588833612778
12,12.670380404219031,0.3958028222369091,0.40244203280571617,0.0,0.0,0.04641588833612778
13,12.837374558672309,0.39425379181498,0.4007972186231405,0.0,0.0,0.04641588833612778
14,12.618721994571388,0.39284955653034487,0.3993026163878729,0.0,0.0,0.04641588833612778
15,12.577288907952607,0.39157131982344806,0.39794056917215337,0.0,0.0,0.04641588833612778
16,12.660718569532037,0.390403486008807,0.39669372573790046,0.0,0.0,0.04641588833612778
17,12.618394250050187,0.3893331421569822,0.39555030904341276,0.0,0.0,0.04641588833612778
18,12.612026850692928,0.3883492994091865,0.3944968128635643,0.0,0.0,0.04641588833612778
19,12.6137180859223,0.38744259485600585,0.39352527459661074,0.0,0.0,0.04641588833612778
