,times,train_loss,test_loss,train_acc,test_acc,eta
0,12.652738339267671,0.42719126613756586,0.43525396667822025,0.0,0.0,0.16681005372000585
1,12.575204913504422,0.4093882740029687,0.41674733135201286,0.0,0.0,0.16681005372000585
2,12.609068050049245,0.39988355142535315,0.40676076228615987,0.0,0.0,0.16681005372000585
3,12.606214206665754,0.393711920114672,0.4002232367839087,0.0,0.0,0.16681005372000585
4,12.588630644604564,0.3893656150721573,0.3955858269722062,0.0,0.0,0.16681005372000585
5,12.612826282158494,0.38616104128217765,0.39215012431022167,0.0,0.0,0.16681005372000585
6,12.638540767133236,0.38372488899861185,0.3895326480093371,0.0,0.0,0.16681005372000585
7,12.61717622820288,0.38182707304730845,0.3874872757369379,0.0,0.0,0.16681005372000585
8,12.63137274608016,0.3803188463341048,0.3858614558739145,0.0,0.0,0.16681005372000585
9,12.586660009808838,0.37909913769615,0.38454528693625784,0.0,0.0,0.16681005372000585
10,12.65435431431979,0.3780968290212066,0.38346428288151385,0.0,0.0,0.16681005372000585
11,12.624708914197981,0.37726097625357635,0.38256344379526785,0.0,0.0,0.16681005372000585
12,12.624508864246309,0.376554222853622,0.38180278700055814,0.0,0.0,0.16681005372000585
13,12.687901896424592,0.3759489727873394,0.38115241143892253,0.0,0.0,0.16681005372000585
14,12.63618025649339,0.37542446393929135,0.38058985038467774,0.0,0.0,0.16681005372000585
15,12.636008654721081,0.37496489088568236,0.38009943891276543,0.0,0.0,0.16681005372000585
16,12.625654181465507,0.3745580107295182,0.37966749741588557,0.0,0.0,0.16681005372000585
17,12.626327145844698,0.37419436647955817,0.3792822080620893,0.0,0.0,0.16681005372000585
18,12.592266267165542,0.3738665022451236,0.3789372062376457,0.0,0.0,0.16681005372000585
19,12.463029781356454,0.3735685818779865,0.37862434110341125,0.0,0.0,0.16681005372000585
