,times,train_loss,test_loss,train_acc,test_acc,eta
0,12.524141629226506,0.49538383616814174,0.5056084993301834,0.0,0.0,0.003593813663804627
1,12.488811329938471,0.4911538735568288,0.5012622809980093,0.0,0.0,0.003593813663804627
2,12.455079644918442,0.48726547169813267,0.4972647038596878,0.0,0.0,0.003593813663804627
3,12.48899724893272,0.4836814754370105,0.493577648547023,0.0,0.0,0.003593813663804627
4,12.526056275703013,0.48036899946243083,0.49016795414864994,0.0,0.0,0.003593813663804627
5,12.501135581173003,0.4772991934252269,0.4870057555454125,0.0,0.0,0.003593813663804627
6,12.563945526257157,0.4744468607468105,0.48406683289399055,0.0,0.0,0.003593813663804627
7,12.50770558975637,0.4717897160697817,0.4813278221488608,0.0,0.0,0.003593813663804627
8,12.514748329296708,0.4693081758053542,0.4787682617751384,0.0,0.0,0.003593813663804627
9,12.482720613479614,0.4669848744268112,0.4763714562293079,0.0,0.0,0.003593813663804627
10,12.504027495160699,0.46480465021768835,0.4741213289285077,0.0,0.0,0.003593813663804627
11,12.477346334606409,0.4627539477896939,0.4720040920167157,0.0,0.0,0.003593813663804627
12,12.505108802579343,0.4608207643778531,0.4700079190274511,0.0,0.0,0.003593813663804627
13,12.483924908563495,0.45899442884697234,0.4681214992270535,0.0,0.0,0.003593813663804627
14,12.474291541613638,0.4572655630468471,0.46633542251200133,0.0,0.0,0.003593813663804627
15,12.497890347614884,0.4556257719335786,0.46464115925844873,0.0,0.0,0.003593813663804627
16,12.537852719426155,0.45406752472965833,0.4630308463529847,0.0,0.0,0.003593813663804627
17,12.51497864536941,0.4525841606843397,0.4614976417145538,0.0,0.0,0.003593813663804627
18,12.61884055659175,0.4511696906910231,0.46003571622131023,0.0,0.0,0.003593813663804627
19,12.452446393668652,0.44981875712612507,0.45863930095504013,0.0,0.0,0.003593813663804627
