,times,train_loss,test_loss,train_acc,test_acc,eta
0,1.0359975518658757,0.049748951508943116,0.07317879786478058,98.61127917898364,97.34476559258746,0.6666666666666666
1,1.071857777889818,0.03212520467289193,0.06851613386366617,99.23822036291136,97.37933895726732,0.6666666666666666
2,0.7575763347558677,0.028953629945703344,0.06846082380971759,99.38976956454094,97.36550961139538,0.6666666666666666
3,0.8813916542567313,0.0243182062359243,0.06905377162696032,99.54938602405196,97.38625363020329,0.6666666666666666
4,1.0180995599366724,0.020514184578387343,0.070484180013265,99.66520879792095,97.44157101369105,0.6666666666666666
5,1.1726065329276025,0.018668390344663638,0.07142662086884874,99.7032401565048,97.39316830313926,0.6666666666666666
6,0.7581237987615168,0.018173442450654893,0.07174889096834867,99.7176459741502,97.40008297607523,0.6666666666666666
7,0.8884659479372203,0.01726569360578256,0.07244726984111263,99.74357644591191,97.3585949384594,0.6666666666666666
8,0.8879903070628643,0.016511011082509918,0.07322598915571747,99.75855849626313,97.32402157377956,0.6666666666666666
9,0.7561359000392258,0.01624564246395616,0.07356806549569454,99.76316835790966,97.33093624671552,0.6666666666666666
10,1.109334068838507,0.015490976635317875,0.07465287226693151,99.77815040826087,97.29636288203568,0.6666666666666666
11,1.0251429011113942,0.015315557738915847,0.07494892443897594,99.78160780449576,97.29636288203568,0.6666666666666666
12,0.9868047777563334,0.015155368825210413,0.07523794740006237,99.78448896802485,97.2894482090997,0.6666666666666666
13,1.5971737848594785,0.014580907956846918,0.0764302728216037,99.79428492402371,97.27561886322776,0.6666666666666666
14,0.8565689469687641,0.014475629438543521,0.07667378421575229,99.79658985484699,97.28253353616374,0.6666666666666666
15,0.9478309010155499,0.014249002207887213,0.07725414997924741,99.80350464731677,97.27561886322776,0.6666666666666666
16,1.0708546019159257,0.013983411053828904,0.07802233243275113,99.80638581084585,97.2687041902918,0.6666666666666666
17,0.9782681260257959,0.013852342207197981,0.07844817552310075,99.81041943978656,97.2687041902918,0.6666666666666666
18,0.7889372832141817,0.013794664583428165,0.07863955190908717,99.81214813790402,97.2687041902918,0.6666666666666666
19,1.4537827810272574,0.013740712632522889,0.07883704238693451,99.81272437060983,97.27561886322776,0.6666666666666666
