,times,train_loss,test_loss,train_acc,test_acc,eta
0,1.0567657239735126,0.2227392790504741,0.22325618417710905,93.57154793391763,93.70073295533122,1.5804591241141248
1,1.0809406288899481,0.14529953908154383,0.148250466131569,95.43911813346702,95.20121698243673,1.5804591241141248
2,1.2038467093370855,0.11147985614500336,0.11720458702511483,96.48670919264036,95.88576960309777,1.5804591241141248
3,0.8403045823797584,0.10782335050861466,0.1141394114545473,96.68320454532358,96.07938044530493,1.5804591241141248
4,1.0446571721695364,0.09328912756180809,0.10197625373729531,97.24157403725921,96.53574885907896,1.5804591241141248
5,1.0590972546488047,0.08555524711380588,0.09596559560116709,97.51182717628687,96.85382381413359,1.5804591241141248
6,0.9123671129345894,0.08124632789152636,0.0928610122888358,97.67490103203278,96.88148250587747,1.5804591241141248
7,0.7755616228096187,0.08004492350728752,0.09205366378249116,97.71696601955733,96.90222652468539,1.5804591241141248
8,0.7709470707923174,0.07890244621264579,0.09129522312949485,97.76075970519935,96.91605587055733,1.5804591241141248
9,1.0117595042102039,0.07439954138932423,0.0882484070346655,97.93017212070923,97.04051998340478,1.5804591241141248
10,0.9501569871790707,0.07025708714728827,0.08557134969823316,98.09266974374931,97.13732540450837,1.5804591241141248
11,0.8085433882661164,0.06950040478184762,0.0851167030669822,98.12032891362848,97.13732540450837,1.5804591241141248
12,0.9389851819723845,0.06608538146662961,0.08302033245345754,98.24018531643819,97.1511547503803,1.5804591241141248
13,0.96377994120121,0.06325595302407586,0.08135176512793202,98.33987357454434,97.16498409625224,1.5804591241141248
14,0.9030236732214689,0.060868385073099475,0.07999456063131281,98.42054615335857,97.22030147974,1.5804591241141248
15,0.7712290990166366,0.060375876971834025,0.07972674212509247,98.43783313453305,97.24104549854792,1.5804591241141248
16,0.808642734773457,0.05989486649694497,0.07946652044087868,98.45627258111917,97.24104549854792,1.5804591241141248
17,0.7698833202011883,0.059424890260189225,0.07921429150314419,98.4758644931169,97.25487484441986,1.5804591241141248
18,0.9007538049481809,0.05637717602335923,0.07759627205357439,98.59860205945569,97.2687041902918,1.5804591241141248
19,0.767704111058265,0.0559831528124815,0.07739492157465336,98.61416034251272,97.26178951735582,1.5804591241141248
